 -1.6600000000E+01   5.4659412922E-09
 -1.6590000000E+01   2.4219091999E-08
 -1.6580000000E+01   4.8301163646E-08
 -1.6570000000E+01   1.1468524258E-07
 -1.6560000000E+01   2.4324815854E-07
 -1.6550000000E+01   4.8758367706E-07
 -1.6540000000E+01   9.1388760910E-07
 -1.6530000000E+01   1.6994252827E-06
 -1.6520000000E+01   3.0962593811E-06
 -1.6510000000E+01   5.4946141833E-06
 -1.6500000000E+01   9.6264017778E-06
 -1.6490000000E+01   1.6485206752E-05
 -1.6480000000E+01   2.7696273869E-05
 -1.6470000000E+01   4.5728604033E-05
 -1.6460000000E+01   7.4118042309E-05
 -1.6450000000E+01   1.1792507512E-04
 -1.6440000000E+01   1.8430980994E-04
 -1.6430000000E+01   2.8295450146E-04
 -1.6420000000E+01   4.2671523274E-04
 -1.6410000000E+01   6.3233692446E-04
 -1.6400000000E+01   9.2079389987E-04
 -1.6390000000E+01   1.3179226970E-03
 -1.6380000000E+01   1.8543672008E-03
 -1.6370000000E+01   2.5654675147E-03
 -1.6360000000E+01   3.4906941217E-03
 -1.6350000000E+01   4.6721980021E-03
 -1.6340000000E+01   6.1533240724E-03
 -1.6330000000E+01   7.9763312401E-03
 -1.6320000000E+01   1.0179619742E-02
 -1.6310000000E+01   1.2795055849E-02
 -1.6300000000E+01   1.5844844131E-02
 -1.6290000000E+01   1.9339202253E-02
 -1.6280000000E+01   2.3274326439E-02
 -1.6270000000E+01   2.7631063121E-02
 -1.6260000000E+01   3.2375102801E-02
 -1.6250000000E+01   3.7457608117E-02
 -1.6240000000E+01   4.2817578017E-02
 -1.6230000000E+01   4.8384663933E-02
 -1.6220000000E+01   5.4082856500E-02
 -1.6210000000E+01   5.9834428026E-02
 -1.6200000000E+01   6.5563824949E-02
 -1.6190000000E+01   7.1201399350E-02
 -1.6180000000E+01   7.6686091511E-02
 -1.6170000000E+01   8.1967750550E-02
 -1.6160000000E+01   8.7008098278E-02
 -1.6150000000E+01   9.1781066020E-02
 -1.6140000000E+01   9.6272228866E-02
 -1.6130000000E+01   1.0047762470E-01
 -1.6120000000E+01   1.0440200773E-01
 -1.6110000000E+01   1.0805691953E-01
 -1.6100000000E+01   1.1145898173E-01
 -1.6090000000E+01   1.1462759351E-01
 -1.6080000000E+01   1.1758387034E-01
 -1.6070000000E+01   1.2034893675E-01
 -1.6060000000E+01   1.2294326310E-01
 -1.6050000000E+01   1.2538608037E-01
 -1.6040000000E+01   1.2769501999E-01
 -1.6030000000E+01   1.2988612475E-01
 -1.6020000000E+01   1.3197384453E-01
 -1.6010000000E+01   1.3397118736E-01
 -1.6000000000E+01   1.3588961650E-01
 -1.5990000000E+01   1.3773905607E-01
 -1.5980000000E+01   1.3952755144E-01
 -1.5970000000E+01   1.4126146000E-01
 -1.5960000000E+01   1.4294512034E-01
 -1.5950000000E+01   1.4458123485E-01
 -1.5940000000E+01   1.4617110834E-01
 -1.5930000000E+01   1.4771547781E-01
 -1.5920000000E+01   1.4921527374E-01
 -1.5910000000E+01   1.5067242725E-01
 -1.5900000000E+01   1.5209063707E-01
 -1.5890000000E+01   1.5347563723E-01
 -1.5880000000E+01   1.5483505989E-01
 -1.5870000000E+01   1.5617763728E-01
 -1.5860000000E+01   1.5751225000E-01
 -1.5850000000E+01   1.5884630014E-01
 -1.5840000000E+01   1.6018446400E-01
 -1.5830000000E+01   1.6152756136E-01
 -1.5820000000E+01   1.6287201128E-01
 -1.5810000000E+01   1.6421026774E-01
 -1.5800000000E+01   1.6553201493E-01
 -1.5790000000E+01   1.6682601164E-01
 -1.5780000000E+01   1.6808243457E-01
 -1.5770000000E+01   1.6929525246E-01
 -1.5760000000E+01   1.7046390884E-01
 -1.5750000000E+01   1.7159436737E-01
 -1.5740000000E+01   1.7269872479E-01
 -1.5730000000E+01   1.7379386502E-01
 -1.5720000000E+01   1.7489862317E-01
 -1.5710000000E+01   1.7603060493E-01
 -1.5700000000E+01   1.7720298595E-01
 -1.5690000000E+01   1.7842149555E-01
 -1.5680000000E+01   1.7968306056E-01
 -1.5670000000E+01   1.8097531877E-01
 -1.5660000000E+01   1.8227812715E-01
 -1.5650000000E+01   1.8356648468E-01
 -1.5640000000E+01   1.8481401269E-01
 -1.5630000000E+01   1.8599737760E-01
 -1.5620000000E+01   1.8709981983E-01
 -1.5610000000E+01   1.8811388538E-01
 -1.5600000000E+01   1.8904341520E-01
 -1.5590000000E+01   1.8990278498E-01
 -1.5580000000E+01   1.9071596546E-01
 -1.5570000000E+01   1.9151333816E-01
 -1.5560000000E+01   1.9232826861E-01
 -1.5550000000E+01   1.9319323168E-01
 -1.5540000000E+01   1.9413601109E-01
 -1.5530000000E+01   1.9517672717E-01
 -1.5520000000E+01   1.9632534872E-01
 -1.5510000000E+01   1.9758056153E-01
 -1.5500000000E+01   1.9892947070E-01
 -1.5490000000E+01   2.0034851781E-01
 -1.5480000000E+01   2.0180529885E-01
 -1.5470000000E+01   2.0326108233E-01
 -1.5460000000E+01   2.0467443426E-01
 -1.5450000000E+01   2.0600499003E-01
 -1.5440000000E+01   2.0721778388E-01
 -1.5430000000E+01   2.0828726722E-01
 -1.5420000000E+01   2.0920105484E-01
 -1.5410000000E+01   2.0996251390E-01
 -1.5400000000E+01   2.1059219988E-01
 -1.5390000000E+01   2.1112710474E-01
 -1.5380000000E+01   2.1161799997E-01
 -1.5370000000E+01   2.1212517220E-01
 -1.5360000000E+01   2.1271183112E-01
 -1.5350000000E+01   2.1343694921E-01
 -1.5340000000E+01   2.1434792360E-01
 -1.5330000000E+01   2.1547394673E-01
 -1.5320000000E+01   2.1682181904E-01
 -1.5310000000E+01   2.1837369933E-01
 -1.5300000000E+01   2.2008852966E-01
 -1.5290000000E+01   2.2190629727E-01
 -1.5280000000E+01   2.2375474626E-01
 -1.5270000000E+01   2.2555782180E-01
 -1.5260000000E+01   2.2724455985E-01
 -1.5250000000E+01   2.2875662577E-01
 -1.5240000000E+01   2.3005514283E-01
 -1.5230000000E+01   2.3112362093E-01
 -1.5220000000E+01   2.3196916379E-01
 -1.5210000000E+01   2.3262003026E-01
 -1.5200000000E+01   2.3312143878E-01
 -1.5190000000E+01   2.3352997777E-01
 -1.5180000000E+01   2.3390716521E-01
 -1.5170000000E+01   2.3431349556E-01
 -1.5160000000E+01   2.3480320949E-01
 -1.5150000000E+01   2.3542115092E-01
 -1.5140000000E+01   2.3620027071E-01
 -1.5130000000E+01   2.3716109377E-01
 -1.5120000000E+01   2.3831250024E-01
 -1.5110000000E+01   2.3965278286E-01
 -1.5100000000E+01   2.4117144540E-01
 -1.5090000000E+01   2.4285035691E-01
 -1.5080000000E+01   2.4466526659E-01
 -1.5070000000E+01   2.4658635376E-01
 -1.5060000000E+01   2.4857862155E-01
 -1.5050000000E+01   2.5060234539E-01
 -1.5040000000E+01   2.5261337608E-01
 -1.5030000000E+01   2.5456442581E-01
 -1.5020000000E+01   2.5640696255E-01
 -1.5010000000E+01   2.5809375046E-01
 -1.5000000000E+01   2.5958253099E-01
 -1.4990000000E+01   2.6084027041E-01
 -1.4980000000E+01   2.6184725796E-01
 -1.4970000000E+01   2.6260128567E-01
 -1.4960000000E+01   2.6312026321E-01
 -1.4950000000E+01   2.6344386524E-01
 -1.4940000000E+01   2.6363270289E-01
 -1.4930000000E+01   2.6376542422E-01
 -1.4920000000E+01   2.6393346599E-01
 -1.4910000000E+01   2.6423375077E-01
 -1.4900000000E+01   2.6476022551E-01
 -1.4890000000E+01   2.6559457402E-01
 -1.4880000000E+01   2.6679729510E-01
 -1.4870000000E+01   2.6840092680E-01
 -1.4860000000E+01   2.7040492957E-01
 -1.4850000000E+01   2.7277469065E-01
 -1.4840000000E+01   2.7544368412E-01
 -1.4830000000E+01   2.7831948939E-01
 -1.4820000000E+01   2.8129269087E-01
 -1.4810000000E+01   2.8424787107E-01
 -1.4800000000E+01   2.8707532213E-01
 -1.4790000000E+01   2.8968175490E-01
 -1.4780000000E+01   2.9199876254E-01
 -1.4770000000E+01   2.9398834400E-01
 -1.4760000000E+01   2.9564420716E-01
 -1.4750000000E+01   2.9698959662E-01
 -1.4740000000E+01   2.9807153102E-01
 -1.4730000000E+01   2.9895330167E-01
 -1.4720000000E+01   2.9970577129E-01
 -1.4710000000E+01   3.0039938691E-01
 -1.4700000000E+01   3.0109773379E-01
 -1.4690000000E+01   3.0185337949E-01
 -1.4680000000E+01   3.0270646453E-01
 -1.4670000000E+01   3.0368578502E-01
 -1.4660000000E+01   3.0481123887E-01
 -1.4650000000E+01   3.0609785954E-01
 -1.4640000000E+01   3.0755934723E-01
 -1.4630000000E+01   3.0921151631E-01
 -1.4620000000E+01   3.1107354047E-01
 -1.4610000000E+01   3.1316835898E-01
 -1.4600000000E+01   3.1552069470E-01
 -1.4590000000E+01   3.1815401875E-01
 -1.4580000000E+01   3.2108690982E-01
 -1.4570000000E+01   3.2432796631E-01
 -1.4560000000E+01   3.2787189404E-01
 -1.4550000000E+01   3.3169647818E-01
 -1.4540000000E+01   3.3576025308E-01
 -1.4530000000E+01   3.4000346148E-01
 -1.4520000000E+01   3.4434959028E-01
 -1.4510000000E+01   3.4871106303E-01
 -1.4500000000E+01   3.5299566772E-01
 -1.4490000000E+01   3.5711560263E-01
 -1.4480000000E+01   3.6099650577E-01
 -1.4470000000E+01   3.6458722995E-01
 -1.4460000000E+01   3.6786709331E-01
 -1.4450000000E+01   3.7085145700E-01
 -1.4440000000E+01   3.7359292944E-01
 -1.4430000000E+01   3.7617865385E-01
 -1.4420000000E+01   3.7872341908E-01
 -1.4410000000E+01   3.8135871925E-01
 -1.4400000000E+01   3.8421884031E-01
 -1.4390000000E+01   3.8742641424E-01
 -1.4380000000E+01   3.9107777880E-01
 -1.4370000000E+01   3.9523143703E-01
 -1.4360000000E+01   3.9989950565E-01
 -1.4350000000E+01   4.0504481234E-01
 -1.4340000000E+01   4.1058300329E-01
 -1.4330000000E+01   4.1638952800E-01
 -1.4320000000E+01   4.2231106918E-01
 -1.4310000000E+01   4.2817940751E-01
 -1.4300000000E+01   4.3382620467E-01
 -1.4290000000E+01   4.3909745099E-01
 -1.4280000000E+01   4.4386528439E-01
 -1.4270000000E+01   4.4803614379E-01
 -1.4260000000E+01   4.5155462702E-01
 -1.4250000000E+01   4.5440297499E-01
 -1.4240000000E+01   4.5659633828E-01
 -1.4230000000E+01   4.5817482438E-01
 -1.4220000000E+01   4.5919309205E-01
 -1.4210000000E+01   4.5970943039E-01
 -1.4200000000E+01   4.5977626786E-01
 -1.4190000000E+01   4.5943173249E-01
 -1.4180000000E+01   4.5869522392E-01
 -1.4170000000E+01   4.5756670513E-01
 -1.4160000000E+01   4.5603021659E-01
 -1.4150000000E+01   4.5406112864E-01
 -1.4140000000E+01   4.5163610417E-01
 -1.4130000000E+01   4.4874432787E-01
 -1.4120000000E+01   4.4539843525E-01
 -1.4110000000E+01   4.4164307180E-01
 -1.4100000000E+01   4.3755947131E-01
 -1.4090000000E+01   4.3326548399E-01
 -1.4080000000E+01   4.2890962074E-01
 -1.4070000000E+01   4.2466087182E-01
 -1.4060000000E+01   4.2069422925E-01
 -1.4050000000E+01   4.1717432040E-01
 -1.4040000000E+01   4.1423932731E-01
 -1.4030000000E+01   4.1198669887E-01
 -1.4020000000E+01   4.1046291391E-01
 -1.4010000000E+01   4.0965854483E-01
 -1.4000000000E+01   4.0950821423E-01
 -1.3990000000E+01   4.0989681412E-01
 -1.3980000000E+01   4.1066979988E-01
 -1.3970000000E+01   4.1164670542E-01
 -1.3960000000E+01   4.1263705361E-01
 -1.3950000000E+01   4.1345583013E-01
 -1.3940000000E+01   4.1393900244E-01
 -1.3930000000E+01   4.1395540115E-01
 -1.3920000000E+01   4.1341641834E-01
 -1.3910000000E+01   4.1228112209E-01
 -1.3900000000E+01   4.1055727196E-01
 -1.3890000000E+01   4.0829795404E-01
 -1.3880000000E+01   4.0559413919E-01
 -1.3870000000E+01   4.0256368726E-01
 -1.3860000000E+01   3.9933775642E-01
 -1.3850000000E+01   3.9604684971E-01
 -1.3840000000E+01   3.9280693681E-01
 -1.3830000000E+01   3.8970708931E-01
 -1.3820000000E+01   3.8680238523E-01
 -1.3810000000E+01   3.8410955716E-01
 -1.3800000000E+01   3.8160883551E-01
 -1.3790000000E+01   3.7924990095E-01
 -1.3780000000E+01   3.7696202491E-01
 -1.3770000000E+01   3.7466621719E-01
 -1.3760000000E+01   3.7228795389E-01
 -1.3750000000E+01   3.6976855575E-01
 -1.3740000000E+01   3.6707433474E-01
 -1.3730000000E+01   3.6420154880E-01
 -1.3720000000E+01   3.6117774103E-01
 -1.3710000000E+01   3.5805894841E-01
 -1.3700000000E+01   3.5492451921E-01
 -1.3690000000E+01   3.5186969667E-01
 -1.3680000000E+01   3.4899737553E-01
 -1.3670000000E+01   3.4641005493E-01
 -1.3660000000E+01   3.4420235073E-01
 -1.3650000000E+01   3.4245488386E-01
 -1.3640000000E+01   3.4122912530E-01
 -1.3630000000E+01   3.4056332080E-01
 -1.3620000000E+01   3.4046882729E-01
 -1.3610000000E+01   3.4092800198E-01
 -1.3600000000E+01   3.4189195826E-01
 -1.3590000000E+01   3.4327980925E-01
 -1.3580000000E+01   3.4497921425E-01
 -1.3570000000E+01   3.4684838186E-01
 -1.3560000000E+01   3.4872032534E-01
 -1.3550000000E+01   3.5040960438E-01
 -1.3540000000E+01   3.5172124948E-01
 -1.3530000000E+01   3.5246117320E-01
 -1.3520000000E+01   3.5244842256E-01
 -1.3510000000E+01   3.5152725116E-01
 -1.3500000000E+01   3.4957873957E-01
 -1.3490000000E+01   3.4653082213E-01
 -1.3480000000E+01   3.4236532181E-01
 -1.3470000000E+01   3.3712290164E-01
 -1.3460000000E+01   3.3090317358E-01
 -1.3450000000E+01   3.2386250599E-01
 -1.3440000000E+01   3.1620742264E-01
 -1.3430000000E+01   3.0818586700E-01
 -1.3420000000E+01   3.0007552941E-01
 -1.3410000000E+01   2.9217063195E-01
 -1.3400000000E+01   2.8476760214E-01
 -1.3390000000E+01   2.7815028682E-01
 -1.3380000000E+01   2.7257538605E-01
 -1.3370000000E+01   2.6825881966E-01
 -1.3360000000E+01   2.6536348073E-01
 -1.3350000000E+01   2.6398896968E-01
 -1.3340000000E+01   2.6416398654E-01
 -1.3330000000E+01   2.6584192071E-01
 -1.3320000000E+01   2.6890019751E-01
 -1.3310000000E+01   2.7314323530E-01
 -1.3300000000E+01   2.7831021773E-01
 -1.3290000000E+01   2.8408677853E-01
 -1.3280000000E+01   2.9012050586E-01
 -1.3270000000E+01   2.9603984356E-01
 -1.3260000000E+01   3.0147461260E-01
 -1.3250000000E+01   3.0607731784E-01
 -1.3240000000E+01   3.0954289159E-01
 -1.3230000000E+01   3.1162621933E-01
 -1.3220000000E+01   3.1215437682E-01
 -1.3210000000E+01   3.1103447531E-01
 -1.3200000000E+01   3.0825512563E-01
 -1.3190000000E+01   3.0388258362E-01
 -1.3180000000E+01   2.9805177476E-01
 -1.3170000000E+01   2.9095401242E-01
 -1.3160000000E+01   2.8282269315E-01
 -1.3150000000E+01   2.7391865527E-01
 -1.3140000000E+01   2.6451628583E-01
 -1.3130000000E+01   2.5489160798E-01
 -1.3120000000E+01   2.4531292036E-01
 -1.3110000000E+01   2.3603392989E-01
 -1.3100000000E+01   2.2728867676E-01
 -1.3090000000E+01   2.1928894493E-01
 -1.3080000000E+01   2.1222198302E-01
 -1.3070000000E+01   2.0624877513E-01
 -1.3060000000E+01   2.0150201365E-01
 -1.3050000000E+01   1.9808372766E-01
 -1.3040000000E+01   1.9606168524E-01
 -1.3030000000E+01   1.9546492266E-01
 -1.3020000000E+01   1.9627890485E-01
 -1.3010000000E+01   1.9844051426E-01
 -1.3000000000E+01   2.0183381462E-01
 -1.2990000000E+01   2.0628794702E-01
 -1.2980000000E+01   2.1157746796E-01
 -1.2970000000E+01   2.1742710970E-01
 -1.2960000000E+01   2.2352107105E-01
 -1.2950000000E+01   2.2951649597E-01
 -1.2940000000E+01   2.3506175447E-01
 -1.2930000000E+01   2.3981654470E-01
 -1.2920000000E+01   2.4347351720E-01
 -1.2910000000E+01   2.4577804119E-01
 -1.2900000000E+01   2.4654423973E-01
 -1.2890000000E+01   2.4566583762E-01
 -1.2880000000E+01   2.4312031514E-01
 -1.2870000000E+01   2.3896613462E-01
 -1.2860000000E+01   2.3333401040E-01
 -1.2850000000E+01   2.2641340231E-01
 -1.2840000000E+01   2.1843642496E-01
 -1.2830000000E+01   2.0966052287E-01
 -1.2820000000E+01   2.0035263574E-01
 -1.2810000000E+01   1.9077534602E-01
 -1.2800000000E+01   1.8117648601E-01
 -1.2790000000E+01   1.7178164833E-01
 -1.2780000000E+01   1.6279010811E-01
 -1.2770000000E+01   1.5437269288E-01
 -1.2760000000E+01   1.4667188666E-01
 -1.2750000000E+01   1.3980243128E-01
 -1.2740000000E+01   1.3385301883E-01
 -1.2730000000E+01   1.2888713813E-01
 -1.2720000000E+01   1.2494462408E-01
 -1.2710000000E+01   1.2204196924E-01
 -1.2700000000E+01   1.2017278705E-01
 -1.2690000000E+01   1.1930729014E-01
 -1.2680000000E+01   1.1939157426E-01
 -1.2670000000E+01   1.2034678568E-01
 -1.2660000000E+01   1.2206789639E-01
 -1.2650000000E+01   1.2442339268E-01
 -1.2640000000E+01   1.2725593158E-01
 -1.2630000000E+01   1.3038431981E-01
 -1.2620000000E+01   1.3360762946E-01
 -1.2610000000E+01   1.3671129948E-01
 -1.2600000000E+01   1.3947528126E-01
 -1.2590000000E+01   1.4168411875E-01
 -1.2580000000E+01   1.4313740466E-01
 -1.2570000000E+01   1.4366069454E-01
 -1.2560000000E+01   1.4311544413E-01
 -1.2550000000E+01   1.4140630554E-01
 -1.2540000000E+01   1.3848661443E-01
 -1.2530000000E+01   1.3436029365E-01
 -1.2520000000E+01   1.2908045238E-01
 -1.2510000000E+01   1.2274532440E-01
 -1.2500000000E+01   1.1549180443E-01
 -1.2490000000E+01   1.0748732061E-01
 -1.2480000000E+01   9.8920483700E-02
 -1.2470000000E+01   8.9991519216E-02
 -1.2460000000E+01   8.0903357548E-02
 -1.2450000000E+01   7.1852784114E-02
 -1.2440000000E+01   6.3023298201E-02
 -1.2430000000E+01   5.4578913496E-02
 -1.2420000000E+01   4.6659723455E-02
 -1.2410000000E+01   3.9379340240E-02
 -1.2400000000E+01   3.2824112565E-02
 -1.2390000000E+01   2.7054482125E-02
 -1.2380000000E+01   2.2107978112E-02
 -1.2370000000E+01   1.8004003056E-02
 -1.2360000000E+01   1.4749857877E-02
 -1.2350000000E+01   1.2347361182E-02
 -1.2340000000E+01   1.0799136432E-02
 -1.2330000000E+01   1.0114236183E-02
 -1.2320000000E+01   1.0311844155E-02
 -1.2310000000E+01   1.1422554587E-02
 -1.2300000000E+01   1.3486683635E-02
 -1.2290000000E+01   1.6549256977E-02
 -1.2280000000E+01   2.0651957002E-02
 -1.2270000000E+01   2.5822579024E-02
 -1.2260000000E+01   3.2063029206E-02
 -1.2250000000E+01   3.9336954786E-02
 -1.2240000000E+01   4.7559053348E-02
 -1.2230000000E+01   5.6587846774E-02
 -1.2220000000E+01   6.6222746854E-02
 -1.2210000000E+01   7.6207554972E-02
 -1.2200000000E+01   8.6240337705E-02
 -1.2190000000E+01   9.5989220844E-02
 -1.2180000000E+01   1.0511381116E-01
 -1.2170000000E+01   1.1328878018E-01
 -1.2160000000E+01   1.2022878577E-01
 -1.2150000000E+01   1.2571064703E-01
 -1.2140000000E+01   1.2959091369E-01
 -1.2130000000E+01   1.3181584605E-01
 -1.2120000000E+01   1.3242445559E-01
 -1.2110000000E+01   1.3154232210E-01
 -1.2100000000E+01   1.2936828698E-01
 -1.2090000000E+01   1.2615586124E-01
 -1.2080000000E+01   1.2219109091E-01
 -1.2070000000E+01   1.1777026989E-01
 -1.2060000000E+01   1.1317950535E-01
 -1.2050000000E+01   1.0867839802E-01
 -1.2040000000E+01   1.0448885886E-01
 -1.2030000000E+01   1.0079003903E-01
 -1.2020000000E+01   9.7718682935E-02
 -1.2010000000E+01   9.5374240895E-02
 -1.2000000000E+01   9.3827361056E-02
 -1.1990000000E+01   9.3130144385E-02
 -1.1980000000E+01   9.3326169307E-02
 -1.1970000000E+01   9.4459309084E-02
 -1.1960000000E+01   9.6579524605E-02
 -1.1950000000E+01   9.9744656881E-02
 -1.1940000000E+01   1.0401783252E-01
 -1.1930000000E+01   1.0946032049E-01
 -1.1920000000E+01   1.1612037914E-01
 -1.1910000000E+01   1.2401876573E-01
 -1.1900000000E+01   1.3313309986E-01
 -1.1890000000E+01   1.4338249647E-01
 -1.1880000000E+01   1.5461539324E-01
 -1.1870000000E+01   1.6660245178E-01
 -1.1860000000E+01   1.7903664511E-01
 -1.1850000000E+01   1.9154227474E-01
 -1.1840000000E+01   2.0369224709E-01
 -1.1830000000E+01   2.1503418220E-01
 -1.1820000000E+01   2.2512189927E-01
 -1.1810000000E+01   2.3354968480E-01
 -1.1800000000E+01   2.3998603140E-01
 -1.1790000000E+01   2.4420193985E-01
 -1.1780000000E+01   2.4609074012E-01
 -1.1770000000E+01   2.4567710469E-01
 -1.1760000000E+01   2.4311381830E-01
 -1.1750000000E+01   2.3866713387E-01
 -1.1740000000E+01   2.3269184896E-01
 -1.1730000000E+01   2.2560092920E-01
 -1.1720000000E+01   2.1783178673E-01
 -1.1710000000E+01   2.0981424708E-01
 -1.1700000000E+01   2.0194348232E-01
 -1.1690000000E+01   1.9456015076E-01
 -1.1680000000E+01   1.8793903923E-01
 -1.1670000000E+01   1.8228701243E-01
 -1.1660000000E+01   1.7774793604E-01
 -1.1650000000E+01   1.7441334709E-01
 -1.1640000000E+01   1.7233650796E-01
 -1.1630000000E+01   1.7154635808E-01
 -1.1620000000E+01   1.7206030778E-01
 -1.1610000000E+01   1.7389284444E-01
 -1.1600000000E+01   1.7705947187E-01
 -1.1590000000E+01   1.8157552689E-01
 -1.1580000000E+01   1.8745015145E-01
 -1.1570000000E+01   1.9467640614E-01
 -1.1560000000E+01   2.0321949807E-01
 -1.1550000000E+01   2.1300382725E-01
 -1.1540000000E+01   2.2390210447E-01
 -1.1530000000E+01   2.3572670210E-01
 -1.1520000000E+01   2.4822671460E-01
 -1.1510000000E+01   2.6108938539E-01
 -1.1500000000E+01   2.7394859244E-01
 -1.1490000000E+01   2.8639921614E-01
 -1.1480000000E+01   2.9801734462E-01
 -1.1470000000E+01   3.0838441317E-01
 -1.1460000000E+01   3.1711457951E-01
 -1.1450000000E+01   3.2388190149E-01
 -1.1440000000E+01   3.2844577090E-01
 -1.1430000000E+01   3.3067136719E-01
 -1.1420000000E+01   3.3054318559E-01
 -1.1410000000E+01   3.2816991176E-01
 -1.1400000000E+01   3.2378017978E-01
 -1.1390000000E+01   3.1770866628E-01
 -1.1380000000E+01   3.1037497708E-01
 -1.1370000000E+01   3.0225618260E-01
 -1.1360000000E+01   2.9385641309E-01
 -1.1350000000E+01   2.8567672058E-01
 -1.1340000000E+01   2.7818671804E-01
 -1.1330000000E+01   2.7180121618E-01
 -1.1320000000E+01   2.6686221410E-01
 -1.1310000000E+01   2.6362720107E-01
 -1.1300000000E+01   2.6226323895E-01
 -1.1290000000E+01   2.6284586966E-01
 -1.1280000000E+01   2.6536224305E-01
 -1.1270000000E+01   2.6971750275E-01
 -1.1260000000E+01   2.7574360718E-01
 -1.1250000000E+01   2.8321096155E-01
 -1.1240000000E+01   2.9184162705E-01
 -1.1230000000E+01   3.0132615437E-01
 -1.1220000000E+01   3.1134156632E-01
 -1.1210000000E+01   3.2157184450E-01
 -1.1200000000E+01   3.3172805103E-01
 -1.1190000000E+01   3.4156816967E-01
 -1.1180000000E+01   3.5091226678E-01
 -1.1170000000E+01   3.5965357317E-01
 -1.1160000000E+01   3.6776158401E-01
 -1.1150000000E+01   3.7527789857E-01
 -1.1140000000E+01   3.8230405914E-01
 -1.1130000000E+01   3.8898356449E-01
 -1.1120000000E+01   3.9547985144E-01
 -1.1110000000E+01   4.0195339125E-01
 -1.1100000000E+01   4.0854175747E-01
 -1.1090000000E+01   4.1534433170E-01
 -1.1080000000E+01   4.2241442892E-01
 -1.1070000000E+01   4.2975948425E-01
 -1.1060000000E+01   4.3734795425E-01
 -1.1050000000E+01   4.4512238278E-01
 -1.1040000000E+01   4.5301473798E-01
 -1.1030000000E+01   4.6096186036E-01
 -1.1020000000E+01   4.6891719396E-01
 -1.1010000000E+01   4.7685735829E-01
 -1.1000000000E+01   4.8478168615E-01
 -1.0990000000E+01   4.9270487070E-01
 -1.0980000000E+01   5.0064375641E-01
 -1.0970000000E+01   5.0860085038E-01
 -1.0960000000E+01   5.1654753483E-01
 -1.0950000000E+01   5.2440951053E-01
 -1.0940000000E+01   5.3205818606E-01
 -1.0930000000E+01   5.3930952185E-01
 -1.0920000000E+01   5.4593117914E-01
 -1.0910000000E+01   5.5165834963E-01
 -1.0900000000E+01   5.5621509967E-01
 -1.0890000000E+01   5.5934033050E-01
 -1.0880000000E+01   5.6081428773E-01
 -1.0870000000E+01   5.6048198294E-01
 -1.0860000000E+01   5.5827136799E-01
 -1.0850000000E+01   5.5420368337E-01
 -1.0840000000E+01   5.4839447114E-01
 -1.0830000000E+01   5.4104629818E-01
 -1.0820000000E+01   5.3243269361E-01
 -1.0810000000E+01   5.2287649080E-01
 -1.0800000000E+01   5.1272367317E-01
 -1.0790000000E+01   5.0231696592E-01
 -1.0780000000E+01   4.9197038054E-01
 -1.0770000000E+01   4.8194789880E-01
 -1.0760000000E+01   4.7244789029E-01
 -1.0750000000E+01   4.6359522352E-01
 -1.0740000000E+01   4.5543985862E-01
 -1.0730000000E+01   4.4796373284E-01
 -1.0720000000E+01   4.4109291916E-01
 -1.0710000000E+01   4.3471422404E-01
 -1.0700000000E+01   4.2869318685E-01
 -1.0690000000E+01   4.2289218045E-01
 -1.0680000000E+01   4.1718474973E-01
 -1.0670000000E+01   4.1146635225E-01
 -1.0660000000E+01   4.0565972545E-01
 -1.0650000000E+01   3.9971525573E-01
 -1.0640000000E+01   3.9360812706E-01
 -1.0630000000E+01   3.8733254715E-01
 -1.0620000000E+01   3.8089657814E-01
 -1.0610000000E+01   3.7431818386E-01
 -1.0600000000E+01   3.6762408379E-01
 -1.0590000000E+01   3.6085031604E-01
 -1.0580000000E+01   3.5404550006E-01
 -1.0570000000E+01   3.4727415481E-01
 -1.0560000000E+01   3.4061811573E-01
 -1.0550000000E+01   3.3417549812E-01
 -1.0540000000E+01   3.2805522474E-01
 -1.0530000000E+01   3.2236770155E-01
 -1.0520000000E+01   3.1721244856E-01
 -1.0510000000E+01   3.1266454615E-01
 -1.0500000000E+01   3.0876218200E-01
 -1.0490000000E+01   3.0549823093E-01
 -1.0480000000E+01   3.0281765400E-01
 -1.0470000000E+01   3.0062090452E-01
 -1.0460000000E+01   2.9877537640E-01
 -1.0450000000E+01   2.9713082017E-01
 -1.0440000000E+01   2.9553942761E-01
 -1.0430000000E+01   2.9387515219E-01
 -1.0420000000E+01   2.9205101525E-01
 -1.0410000000E+01   2.9003074257E-01
 -1.0400000000E+01   2.8783366877E-01
 -1.0390000000E+01   2.8553135827E-01
 -1.0380000000E+01   2.8323677192E-01
 -1.0370000000E+01   2.8108744933E-01
 -1.0360000000E+01   2.7922498304E-01
 -1.0350000000E+01   2.7777297870E-01
 -1.0340000000E+01   2.7681734449E-01
 -1.0330000000E+01   2.7639050601E-01
 -1.0320000000E+01   2.7646258219E-01
 -1.0310000000E+01   2.7693960765E-01
 -1.0300000000E+01   2.7767037340E-01
 -1.0290000000E+01   2.7845948571E-01
 -1.0280000000E+01   2.7908698057E-01
 -1.0270000000E+01   2.7933092909E-01
 -1.0260000000E+01   2.7899132007E-01
 -1.0250000000E+01   2.7791169526E-01
 -1.0240000000E+01   2.7599669057E-01
 -1.0230000000E+01   2.7322335517E-01
 -1.0220000000E+01   2.6964474897E-01
 -1.0210000000E+01   2.6538550391E-01
 -1.0200000000E+01   2.6062972379E-01
 -1.0190000000E+01   2.5560263771E-01
 -1.0180000000E+01   2.5054817997E-01
 -1.0170000000E+01   2.4570479857E-01
 -1.0160000000E+01   2.4128213025E-01
 -1.0150000000E+01   2.3744137161E-01
 -1.0140000000E+01   2.3428108036E-01
 -1.0130000000E+01   2.3183012567E-01
 -1.0120000000E+01   2.3004809424E-01
 -1.0110000000E+01   2.2883280873E-01
 -1.0100000000E+01   2.2803487894E-01
 -1.0090000000E+01   2.2747610181E-01
 -1.0080000000E+01   2.2697040995E-01
 -1.0070000000E+01   2.2634512288E-01
 -1.0060000000E+01   2.2545953455E-01
 -1.0050000000E+01   2.2421962871E-01
 -1.0040000000E+01   2.2258660124E-01
 -1.0030000000E+01   2.2057952681E-01
 -1.0020000000E+01   2.1827131882E-01
 -1.0010000000E+01   2.1577898437E-01
 -1.0000000000E+01   2.1324967777E-01
 -9.9900000000E+00   2.1084391629E-01
 -9.9800000000E+00   2.0871865954E-01
 -9.9700000000E+00   2.0701047020E-01
 -9.9600000000E+00   2.0582232447E-01
 -9.9500000000E+00   2.0521400077E-01
 -9.9400000000E+00   2.0519648525E-01
 -9.9300000000E+00   2.0573150257E-01
 -9.9200000000E+00   2.0673471397E-01
 -9.9100000000E+00   2.0808291334E-01
 -9.9000000000E+00   2.0962383295E-01
 -9.8900000000E+00   2.1118746874E-01
 -9.8800000000E+00   2.1259858377E-01
 -9.8700000000E+00   2.1368970670E-01
 -9.8600000000E+00   2.1431224036E-01
 -9.8500000000E+00   2.1434775701E-01
 -9.8400000000E+00   2.1371595642E-01
 -9.8300000000E+00   2.1238098309E-01
 -9.8200000000E+00   2.1035454122E-01
 -9.8100000000E+00   2.0769558167E-01
 -9.8000000000E+00   2.0450665495E-01
 -9.7900000000E+00   2.0092684531E-01
 -9.7800000000E+00   1.9712196040E-01
 -9.7700000000E+00   1.9327158686E-01
 -9.7600000000E+00   1.8955519402E-01
 -9.7500000000E+00   1.8613752080E-01
 -9.7400000000E+00   1.8315455405E-01
 -9.7300000000E+00   1.8070196978E-01
 -9.7200000000E+00   1.7882657762E-01
 -9.7100000000E+00   1.7752249885E-01
 -9.7000000000E+00   1.7673223304E-01
 -9.6900000000E+00   1.7635311797E-01
 -9.6800000000E+00   1.7624847757E-01
 -9.6700000000E+00   1.7626276051E-01
 -9.6600000000E+00   1.7623852967E-01
 -9.6500000000E+00   1.7603400038E-01
 -9.6400000000E+00   1.7553823099E-01
 -9.6300000000E+00   1.7468317985E-01
 -9.6200000000E+00   1.7345031459E-01
 -9.6100000000E+00   1.7187105990E-01
 -9.6000000000E+00   1.7002167784E-01
 -9.5900000000E+00   1.6801315519E-01
 -9.5800000000E+00   1.6597727264E-01
 -9.5700000000E+00   1.6405126651E-01
 -9.5600000000E+00   1.6236264967E-01
 -9.5500000000E+00   1.6101604353E-01
 -9.5400000000E+00   1.6008355836E-01
 -9.5300000000E+00   1.5959925864E-01
 -9.5200000000E+00   1.5955826017E-01
 -9.5100000000E+00   1.5991907277E-01
 -9.5000000000E+00   1.6060993374E-01
 -9.4900000000E+00   1.6153654764E-01
 -9.4800000000E+00   1.6259118678E-01
 -9.4700000000E+00   1.6366184170E-01
 -9.4600000000E+00   1.6464030742E-01
 -9.4500000000E+00   1.6542912622E-01
 -9.4400000000E+00   1.6594666896E-01
 -9.4300000000E+00   1.6613041580E-01
 -9.4200000000E+00   1.6593860601E-01
 -9.4100000000E+00   1.6535011665E-01
 -9.4000000000E+00   1.6436337251E-01
 -9.3900000000E+00   1.6299449186E-01
 -9.3800000000E+00   1.6127446969E-01
 -9.3700000000E+00   1.5924729567E-01
 -9.3600000000E+00   1.5696728260E-01
 -9.3500000000E+00   1.5449718997E-01
 -9.3400000000E+00   1.5190652469E-01
 -9.3300000000E+00   1.4926979542E-01
 -9.3200000000E+00   1.4666456578E-01
 -9.3100000000E+00   1.4416903698E-01
 -9.3000000000E+00   1.4185882927E-01
 -9.2900000000E+00   1.3980311828E-01
 -9.2800000000E+00   1.3805977493E-01
 -9.2700000000E+00   1.3667079245E-01
 -9.2600000000E+00   1.3565726318E-01
 -9.2500000000E+00   1.3501579037E-01
 -9.2400000000E+00   1.3471632132E-01
 -9.2300000000E+00   1.3470230855E-01
 -9.2200000000E+00   1.3489373335E-01
 -9.2100000000E+00   1.3519274526E-01
 -9.2000000000E+00   1.3549187090E-01
 -9.1900000000E+00   1.3568433840E-01
 -9.1800000000E+00   1.3567473276E-01
 -9.1700000000E+00   1.3538983966E-01
 -9.1600000000E+00   1.3478726287E-01
 -9.1500000000E+00   1.3386122349E-01
 -9.1400000000E+00   1.3264455082E-01
 -9.1300000000E+00   1.3120608275E-01
 -9.1200000000E+00   1.2964403464E-01
 -9.1100000000E+00   1.2807559557E-01
 -9.1000000000E+00   1.2662433069E-01
 -9.0900000000E+00   1.2540641860E-01
 -9.0800000000E+00   1.2451804777E-01
 -9.0700000000E+00   1.2402466986E-01
 -9.0600000000E+00   1.2395379429E-01
 -9.0500000000E+00   1.2429235179E-01
 -9.0400000000E+00   1.2498775509E-01
 -9.0300000000E+00   1.2595333236E-01
 -9.0200000000E+00   1.2707671555E-01
 -9.0100000000E+00   1.2823037384E-01
 -9.0000000000E+00   1.2928292376E-01
 -8.9900000000E+00   1.3011030264E-01
 -8.9800000000E+00   1.3060564128E-01
 -8.9700000000E+00   1.3068715166E-01
 -8.9600000000E+00   1.3030355095E-01
 -8.9500000000E+00   1.2943682922E-01
 -8.9400000000E+00   1.2810223918E-01
 -8.9300000000E+00   1.2634568169E-01
 -8.9200000000E+00   1.2423879079E-01
 -8.9100000000E+00   1.2187232365E-01
 -8.9000000000E+00   1.1934843160E-01
 -8.8900000000E+00   1.1677240373E-01
 -8.8800000000E+00   1.1424507422E-01
 -8.8700000000E+00   1.1185616264E-01
 -8.8600000000E+00   1.0967944699E-01
 -8.8500000000E+00   1.0776983806E-01
 -8.8400000000E+00   1.0616263805E-01
 -8.8300000000E+00   1.0487461295E-01
 -8.8200000000E+00   1.0390625708E-01
 -8.8100000000E+00   1.0324497834E-01
 -8.8000000000E+00   1.0286805948E-01
 -8.7900000000E+00   1.0274549931E-01
 -8.7800000000E+00   1.0284198103E-01
 -8.7700000000E+00   1.0311802611E-01
 -8.7600000000E+00   1.0353065452E-01
 -8.7500000000E+00   1.0403357296E-01
 -8.7400000000E+00   1.0457740746E-01
 -8.7300000000E+00   1.0511056776E-01
 -8.7200000000E+00   1.0558052632E-01
 -8.7100000000E+00   1.0593587620E-01
 -8.7000000000E+00   1.0612903776E-01
 -8.6900000000E+00   1.0611941911E-01
 -8.6800000000E+00   1.0587675004E-01
 -8.6700000000E+00   1.0538415791E-01
 -8.6600000000E+00   1.0464077819E-01
 -8.6500000000E+00   1.0366324108E-01
 -8.6400000000E+00   1.0248617129E-01
 -8.6300000000E+00   1.0116114235E-01
 -8.6200000000E+00   9.9754271804E-02
 -8.6100000000E+00   9.8342047366E-02
 -8.6000000000E+00   9.7006043577E-02
 -8.5900000000E+00   9.5826549429E-02
 -8.5800000000E+00   9.4875680191E-02
 -8.5700000000E+00   9.4210477136E-02
 -8.5600000000E+00   9.3866862307E-02
 -8.5500000000E+00   9.3855040688E-02
 -8.5400000000E+00   9.4156818591E-02
 -8.5300000000E+00   9.4725771259E-02
 -8.5200000000E+00   9.5489641385E-02
 -8.5100000000E+00   9.6355391211E-02
 -8.5000000000E+00   9.7216532568E-02
 -8.4900000000E+00   9.7961735916E-02
 -8.4800000000E+00   9.8484102570E-02
 -8.4700000000E+00   9.8690074675E-02
 -8.4600000000E+00   9.8507393261E-02
 -8.4500000000E+00   9.7891031782E-02
 -8.4400000000E+00   9.6826898226E-02
 -8.4300000000E+00   9.5332748329E-02
 -8.4200000000E+00   9.3456675839E-02
 -8.4100000000E+00   9.1273049188E-02
 -8.4000000000E+00   8.8876448932E-02
 -8.3900000000E+00   8.6374319402E-02
 -8.3800000000E+00   8.3878575468E-02
 -8.3700000000E+00   8.1497864435E-02
 -8.3600000000E+00   7.9329673799E-02
 -8.3500000000E+00   7.7454725632E-02
 -8.3400000000E+00   7.5932758503E-02
 -8.3300000000E+00   7.4800361271E-02
 -8.3200000000E+00   7.4071698994E-02
 -8.3100000000E+00   7.3740330191E-02
 -8.3000000000E+00   7.3783513951E-02
 -8.2900000000E+00   7.4166764745E-02
 -8.2800000000E+00   7.4849173041E-02
 -8.2700000000E+00   7.5788527504E-02
 -8.2600000000E+00   7.6945213951E-02
 -8.2500000000E+00   7.8286001323E-02
 -8.2400000000E+00   7.9786575010E-02
 -8.2300000000E+00   8.1433402442E-02
 -8.2200000000E+00   8.3225453151E-02
 -8.2100000000E+00   8.5176474105E-02
 -8.2000000000E+00   8.7316785143E-02
 -8.1900000000E+00   8.9696162736E-02
 -8.1800000000E+00   9.2386553324E-02
 -8.1700000000E+00   9.5483978188E-02
 -8.1600000000E+00   9.9109929123E-02
 -8.1500000000E+00   1.0341035050E-01
 -8.1400000000E+00   1.0855266059E-01
 -8.1300000000E+00   1.1471959460E-01
 -8.1200000000E+00   1.2210106476E-01
 -8.1100000000E+00   1.3088291400E-01
 -8.1000000000E+00   1.4123553804E-01
 -8.0900000000E+00   1.5330171762E-01
 -8.0800000000E+00   1.6718597509E-01
 -8.0700000000E+00   1.8294725395E-01
 -8.0600000000E+00   2.0059377836E-01
 -8.0500000000E+00   2.2008396624E-01
 -8.0400000000E+00   2.4132964889E-01
 -8.0300000000E+00   2.6420364614E-01
 -8.0200000000E+00   2.8854917278E-01
 -8.0100000000E+00   3.1418896646E-01
 -8.0000000000E+00   3.4093409961E-01
 -7.9900000000E+00   3.6858950785E-01
 -7.9800000000E+00   3.9695540462E-01
 -7.9700000000E+00   4.2582603629E-01
 -7.9600000000E+00   4.5498425166E-01
 -7.9500000000E+00   4.8419556186E-01
 -7.9400000000E+00   5.1320206799E-01
 -7.9300000000E+00   5.4171949786E-01
 -7.9200000000E+00   5.6943858002E-01
 -7.9100000000E+00   5.9603237392E-01
 -7.9000000000E+00   6.2116931322E-01
 -7.8900000000E+00   6.4453062927E-01
 -7.8800000000E+00   6.6583096173E-01
 -7.8700000000E+00   6.8483785463E-01
 -7.8600000000E+00   7.0138914629E-01
 -7.8500000000E+00   7.1540369856E-01
 -7.8400000000E+00   7.2688507580E-01
 -7.8300000000E+00   7.3591692572E-01
 -7.8200000000E+00   7.4265103415E-01
 -7.8100000000E+00   7.4728969043E-01
 -7.8000000000E+00   7.5006561260E-01
 -7.7900000000E+00   7.5122106098E-01
 -7.7800000000E+00   7.5098998684E-01
 -7.7700000000E+00   7.4958509709E-01
 -7.7600000000E+00   7.4719019048E-01
 -7.7500000000E+00   7.4395945309E-01
 -7.7400000000E+00   7.4002116578E-01
 -7.7300000000E+00   7.3548603453E-01
 -7.7200000000E+00   7.3045713940E-01
 -7.7100000000E+00   7.2503951420E-01
 -7.7000000000E+00   7.1934757521E-01
 -7.6900000000E+00   7.1350839774E-01
 -7.6800000000E+00   7.0766032147E-01
 -7.6700000000E+00   7.0194632262E-01
 -7.6600000000E+00   6.9650305036E-01
 -7.6500000000E+00   6.9144682570E-01
 -7.6400000000E+00   6.8685957731E-01
 -7.6300000000E+00   6.8277621310E-01
 -7.6200000000E+00   6.7917718014E-01
 -7.6100000000E+00   6.7598736356E-01
 -7.6000000000E+00   6.7308305906E-01
 -7.5900000000E+00   6.7030657110E-01
 -7.5800000000E+00   6.6748709945E-01
 -7.5700000000E+00   6.6446535260E-01
 -7.5600000000E+00   6.6111826224E-01
 -7.5500000000E+00   6.5738028895E-01
 -7.5400000000E+00   6.5325706280E-01
 -7.5300000000E+00   6.4883015656E-01
 -7.5200000000E+00   6.4425089937E-01
 -7.5100000000E+00   6.3972474388E-01
 -7.5000000000E+00   6.3548736088E-01
 -7.4900000000E+00   6.3177716449E-01
 -7.4800000000E+00   6.2880765428E-01
 -7.4700000000E+00   6.2674340085E-01
 -7.4600000000E+00   6.2568338225E-01
 -7.4500000000E+00   6.2565406715E-01
 -7.4400000000E+00   6.2661161351E-01
 -7.4300000000E+00   6.2845274101E-01
 -7.4200000000E+00   6.3103255140E-01
 -7.4100000000E+00   6.3418435557E-01
 -7.4000000000E+00   6.3773941403E-01
 -7.3900000000E+00   6.4154337545E-01
 -7.3800000000E+00   6.4546651330E-01
 -7.3700000000E+00   6.4940768084E-01
 -7.3600000000E+00   6.5329241441E-01
 -7.3500000000E+00   6.5706665509E-01
 -7.3400000000E+00   6.6068870769E-01
 -7.3300000000E+00   6.6412114390E-01
 -7.3200000000E+00   6.6732681408E-01
 -7.3100000000E+00   6.7026801589E-01
 -7.3000000000E+00   6.7291045670E-01
 -7.2900000000E+00   6.7523101215E-01
 -7.2800000000E+00   6.7722669729E-01
 -7.2700000000E+00   6.7892336898E-01
 -7.2600000000E+00   6.8038206618E-01
 -7.2500000000E+00   6.8170029251E-01
 -7.2400000000E+00   6.8300824157E-01
 -7.2300000000E+00   6.8446005741E-01
 -7.2200000000E+00   6.8622073900E-01
 -7.2100000000E+00   6.8845122143E-01
 -7.2000000000E+00   6.9129351011E-01
 -7.1900000000E+00   6.9485806995E-01
 -7.1800000000E+00   6.9921467775E-01
 -7.1700000000E+00   7.0438963444E-01
 -7.1600000000E+00   7.1036629451E-01
 -7.1500000000E+00   7.1709162004E-01
 -7.1400000000E+00   7.2448486085E-01
 -7.1300000000E+00   7.3244866823E-01
 -7.1200000000E+00   7.4087955500E-01
 -7.1100000000E+00   7.4967707383E-01
 -7.1000000000E+00   7.5875042438E-01
 -7.0900000000E+00   7.6802145079E-01
 -7.0800000000E+00   7.7742441946E-01
 -7.0700000000E+00   7.8690384933E-01
 -7.0600000000E+00   7.9640909140E-01
 -7.0500000000E+00   8.0588920762E-01
 -7.0400000000E+00   8.1528843522E-01
 -7.0300000000E+00   8.2454199879E-01
 -7.0200000000E+00   8.3357631990E-01
 -7.0100000000E+00   8.4230966889E-01
 -7.0000000000E+00   8.5065803344E-01
 -6.9900000000E+00   8.5854079921E-01
 -6.9800000000E+00   8.6588811340E-01
 -6.9700000000E+00   8.7264710830E-01
 -6.9600000000E+00   8.7878645510E-01
 -6.9500000000E+00   8.8429694047E-01
 -6.9400000000E+00   8.8918824087E-01
 -6.9300000000E+00   8.9348239020E-01
 -6.9200000000E+00   8.9720497550E-01
 -6.9100000000E+00   9.0037407595E-01
 -6.9000000000E+00   9.0299174158E-01
 -6.8900000000E+00   9.0503803415E-01
 -6.8800000000E+00   9.0646978901E-01
 -6.8700000000E+00   9.0722534105E-01
 -6.8600000000E+00   9.0723491050E-01
 -6.8500000000E+00   9.0643496004E-01
 -6.8400000000E+00   9.0478532373E-01
 -6.8300000000E+00   9.0228582308E-01
 -6.8200000000E+00   8.9898939772E-01
 -6.8100000000E+00   8.9500935103E-01
 -6.8000000000E+00   8.9051917972E-01
 -6.7900000000E+00   8.8574358168E-01
 -6.7800000000E+00   8.8094166354E-01
 -6.7700000000E+00   8.7638407623E-01
 -6.7600000000E+00   8.7232640135E-01
 -6.7500000000E+00   8.6898309248E-01
 -6.7400000000E+00   8.6650413432E-01
 -6.7300000000E+00   8.6495815698E-01
 -6.7200000000E+00   8.6432399952E-01
 -6.7100000000E+00   8.6449133353E-01
 -6.7000000000E+00   8.6527066280E-01
 -6.6900000000E+00   8.6641106131E-01
 -6.6800000000E+00   8.6762414420E-01
 -6.6700000000E+00   8.6861185799E-01
 -6.6600000000E+00   8.6909406951E-01
 -6.6500000000E+00   8.6883507044E-01
 -6.6400000000E+00   8.6766474016E-01
 -6.6300000000E+00   8.6549403145E-01
 -6.6200000000E+00   8.6232171540E-01
 -6.6100000000E+00   8.5823334414E-01
 -6.6000000000E+00   8.5339129061E-01
 -6.5900000000E+00   8.4801693421E-01
 -6.5800000000E+00   8.4236888183E-01
 -6.5700000000E+00   8.3671614165E-01
 -6.5600000000E+00   8.3131254716E-01
 -6.5500000000E+00   8.2637288271E-01
 -6.5400000000E+00   8.2205508261E-01
 -6.5300000000E+00   8.1844912613E-01
 -6.5200000000E+00   8.1557454950E-01
 -6.5100000000E+00   8.1338587911E-01
 -6.5000000000E+00   8.1178507210E-01
 -6.4900000000E+00   8.1063935854E-01
 -6.4800000000E+00   8.0980066470E-01
 -6.4700000000E+00   8.0912485690E-01
 -6.4600000000E+00   8.0848830770E-01
 -6.4500000000E+00   8.0779851650E-01
 -6.4400000000E+00   8.0699961799E-01
 -6.4300000000E+00   8.0607066284E-01
 -6.4200000000E+00   8.0501972123E-01
 -6.4100000000E+00   8.0387309180E-01
 -6.4000000000E+00   8.0266447260E-01
 -6.3900000000E+00   8.0142296381E-01
 -6.3800000000E+00   8.0016461576E-01
 -6.3700000000E+00   7.9888696147E-01
 -6.3600000000E+00   7.9756776021E-01
 -6.3500000000E+00   7.9616707987E-01
 -6.3400000000E+00   7.9463344278E-01
 -6.3300000000E+00   7.9291111049E-01
 -6.3200000000E+00   7.9094759198E-01
 -6.3100000000E+00   7.8870123459E-01
 -6.3000000000E+00   7.8614698259E-01
 -6.2900000000E+00   7.8327958963E-01
 -6.2800000000E+00   7.8011534232E-01
 -6.2700000000E+00   7.7669185823E-01
 -6.2600000000E+00   7.7306628736E-01
 -6.2500000000E+00   7.6931298378E-01
 -6.2400000000E+00   7.6551951605E-01
 -6.2300000000E+00   7.6178415249E-01
 -6.2200000000E+00   7.5821061424E-01
 -6.2100000000E+00   7.5490284974E-01
 -6.2000000000E+00   7.5195865442E-01
 -6.1900000000E+00   7.4946211605E-01
 -6.1800000000E+00   7.4747504719E-01
 -6.1700000000E+00   7.4602796902E-01
 -6.1600000000E+00   7.4511255683E-01
 -6.1500000000E+00   7.4467591178E-01
 -6.1400000000E+00   7.4461871323E-01
 -6.1300000000E+00   7.4479801779E-01
 -6.1200000000E+00   7.4503602137E-01
 -6.1100000000E+00   7.4513394206E-01
 -6.1000000000E+00   7.4489006017E-01
 -6.0900000000E+00   7.4412146257E-01
 -6.0800000000E+00   7.4268410818E-01
 -6.0700000000E+00   7.4049201951E-01
 -6.0600000000E+00   7.3753004949E-01
 -6.0500000000E+00   7.3385870852E-01
 -6.0400000000E+00   7.2961227119E-01
 -6.0300000000E+00   7.2498681853E-01
 -6.0200000000E+00   7.2022175563E-01
 -6.0100000000E+00   7.1557663992E-01
 -6.0000000000E+00   7.1130567564E-01
 -5.9900000000E+00   7.0763271556E-01
 -5.9800000000E+00   7.0473059289E-01
 -5.9700000000E+00   7.0270488378E-01
 -5.9600000000E+00   7.0158477483E-01
 -5.9500000000E+00   7.0132048291E-01
 -5.9400000000E+00   7.0178874196E-01
 -5.9300000000E+00   7.0280225664E-01
 -5.9200000000E+00   7.0412650443E-01
 -5.9100000000E+00   7.0549815955E-01
 -5.9000000000E+00   7.0664717095E-01
 -5.8900000000E+00   7.0731849701E-01
 -5.8800000000E+00   7.0729289416E-01
 -5.8700000000E+00   7.0640586582E-01
 -5.8600000000E+00   7.0456152932E-01
 -5.8500000000E+00   7.0174186508E-01
 -5.8400000000E+00   6.9800910878E-01
 -5.8300000000E+00   6.9350237008E-01
 -5.8200000000E+00   6.8842713689E-01
 -5.8100000000E+00   6.8303919622E-01
 -5.8000000000E+00   6.7762416413E-01
 -5.7900000000E+00   6.7247336269E-01
 -5.7800000000E+00   6.6785875737E-01
 -5.7700000000E+00   6.6400671857E-01
 -5.7600000000E+00   6.6107574587E-01
 -5.7500000000E+00   6.5913731446E-01
 -5.7400000000E+00   6.5816302527E-01
 -5.7300000000E+00   6.5802007385E-01
 -5.7200000000E+00   6.5847539615E-01
 -5.7100000000E+00   6.5921015105E-01
 -5.7000000000E+00   6.5984339872E-01
 -5.6900000000E+00   6.5996351810E-01
 -5.6800000000E+00   6.5916483492E-01
 -5.6700000000E+00   6.5708646359E-01
 -5.6600000000E+00   6.5344719129E-01
 -5.6500000000E+00   6.4807480978E-01
 -5.6400000000E+00   6.4092383752E-01
 -5.6300000000E+00   6.3208048660E-01
 -5.6200000000E+00   6.2175347839E-01
 -5.6100000000E+00   6.1025215700E-01
 -5.6000000000E+00   5.9795474011E-01
 -5.5900000000E+00   5.8526952827E-01
 -5.5800000000E+00   5.7259523301E-01
 -5.5700000000E+00   5.6028423318E-01
 -5.5600000000E+00   5.4861239443E-01
 -5.5500000000E+00   5.3775955209E-01
 -5.5400000000E+00   5.2780064844E-01
 -5.5300000000E+00   5.1870799223E-01
 -5.5200000000E+00   5.1036418091E-01
 -5.5100000000E+00   5.0258246604E-01
 -5.5000000000E+00   4.9513240142E-01
 -5.4900000000E+00   4.8776824905E-01
 -5.4800000000E+00   4.8025607855E-01
 -5.4700000000E+00   4.7239880438E-01
 -5.4600000000E+00   4.6405478433E-01
 -5.4500000000E+00   4.5515132473E-01
 -5.4400000000E+00   4.4568940055E-01
 -5.4300000000E+00   4.3574158931E-01
 -5.4200000000E+00   4.2544345228E-01
 -5.4100000000E+00   4.1497850216E-01
 -5.4000000000E+00   4.0456035134E-01
 -5.3900000000E+00   3.9441215334E-01
 -5.3800000000E+00   3.8474721161E-01
 -5.3700000000E+00   3.7575030159E-01
 -5.3600000000E+00   3.6756374256E-01
 -5.3500000000E+00   3.6027709778E-01
 -5.3400000000E+00   3.5392198225E-01
 -5.3300000000E+00   3.4847200264E-01
 -5.3200000000E+00   3.4384657879E-01
 -5.3100000000E+00   3.3991950716E-01
 -5.3000000000E+00   3.3653018997E-01
 -5.2900000000E+00   3.3349710692E-01
 -5.2800000000E+00   3.3063198742E-01
 -5.2700000000E+00   3.2775505846E-01
 -5.2600000000E+00   3.2470699962E-01
 -5.2500000000E+00   3.2136079536E-01
 -5.2400000000E+00   3.1762912815E-01
 -5.2300000000E+00   3.1346788335E-01
 -5.2200000000E+00   3.0887597549E-01
 -5.2100000000E+00   3.0389129680E-01
 -5.2000000000E+00   2.9858317410E-01
 -5.1900000000E+00   2.9304348592E-01
 -5.1800000000E+00   2.8737591698E-01
 -5.1700000000E+00   2.8168651313E-01
 -5.1600000000E+00   2.7607502567E-01
 -5.1500000000E+00   2.7062807012E-01
 -5.1400000000E+00   2.6541504661E-01
 -5.1300000000E+00   2.6048562835E-01
 -5.1200000000E+00   2.5586936731E-01
 -5.1100000000E+00   2.5157640748E-01
 -5.1000000000E+00   2.4759911248E-01
 -5.0900000000E+00   2.4391481238E-01
 -5.0800000000E+00   2.4048837488E-01
 -5.0700000000E+00   2.3727592192E-01
 -5.0600000000E+00   2.3422868191E-01
 -5.0500000000E+00   2.3129714131E-01
 -5.0400000000E+00   2.2843506838E-01
 -5.0300000000E+00   2.2560311369E-01
 -5.0200000000E+00   2.2277106227E-01
 -5.0100000000E+00   2.1991919027E-01
 -5.0000000000E+00   2.1703757856E-01
 -4.9900000000E+00   2.1412425366E-01
 -4.9800000000E+00   2.1118216336E-01
 -4.9700000000E+00   2.0821601778E-01
 -4.9600000000E+00   2.0522973495E-01
 -4.9500000000E+00   2.0222410089E-01
 -4.9400000000E+00   1.9919681867E-01
 -4.9300000000E+00   1.9614297086E-01
 -4.9200000000E+00   1.9305750233E-01
 -4.9100000000E+00   1.8993729422E-01
 -4.9000000000E+00   1.8678378098E-01
 -4.8900000000E+00   1.8360450819E-01
 -4.8800000000E+00   1.8041354790E-01
 -4.8700000000E+00   1.7723060107E-01
 -4.8600000000E+00   1.7407900099E-01
 -4.8500000000E+00   1.7098247965E-01
 -4.8400000000E+00   1.6796226727E-01
 -4.8300000000E+00   1.6503357380E-01
 -4.8200000000E+00   1.6220322907E-01
 -4.8100000000E+00   1.5946837363E-01
 -4.8000000000E+00   1.5681621279E-01
 -4.7900000000E+00   1.5422497433E-01
 -4.7800000000E+00   1.5166657912E-01
 -4.7700000000E+00   1.4911003079E-01
 -4.7600000000E+00   1.4652537741E-01
 -4.7500000000E+00   1.4388802825E-01
 -4.7400000000E+00   1.4118307180E-01
 -4.7300000000E+00   1.3840773161E-01
 -4.7200000000E+00   1.3557337549E-01
 -4.7100000000E+00   1.3270524821E-01
 -4.7000000000E+00   1.2984003281E-01
 -4.6900000000E+00   1.2702192094E-01
 -4.6800000000E+00   1.2429690407E-01
 -4.6700000000E+00   1.2170648548E-01
 -4.6600000000E+00   1.1928124989E-01
 -4.6500000000E+00   1.1703606916E-01
 -4.6400000000E+00   1.1496656163E-01
 -4.6300000000E+00   1.1304853141E-01
 -4.6200000000E+00   1.1123989592E-01
 -4.6100000000E+00   1.0948524259E-01
 -4.6000000000E+00   1.0772204311E-01
 -4.5900000000E+00   1.0588806841E-01
 -4.5800000000E+00   1.0392869610E-01
 -4.5700000000E+00   1.0180308799E-01
 -4.5600000000E+00   9.9488757829E-02
 -4.5500000000E+00   9.6983283635E-02
 -4.5400000000E+00   9.4303992270E-02
 -4.5300000000E+00   9.1484739696E-02
 -4.5200000000E+00   8.8571101651E-02
 -4.5100000000E+00   8.5614402976E-02
 -4.5000000000E+00   8.2665295499E-02
 -4.4900000000E+00   7.9768069093E-02
 -4.4800000000E+00   7.6955767858E-02
 -4.4700000000E+00   7.4247338752E-02
 -4.4600000000E+00   7.1646614438E-02
 -4.4500000000E+00   6.9142899254E-02
 -4.4400000000E+00   6.6713319365E-02
 -4.4300000000E+00   6.4326267480E-02
 -4.4200000000E+00   6.1945392844E-02
 -4.4100000000E+00   5.9533870456E-02
 -4.4000000000E+00   5.7058108158E-02
 -4.3900000000E+00   5.4490908304E-02
 -4.3800000000E+00   5.1813735390E-02
 -4.3700000000E+00   4.9018102555E-02
 -4.3600000000E+00   4.6105760043E-02
 -4.3500000000E+00   4.3088320335E-02
 -4.3400000000E+00   3.9986193778E-02
 -4.3300000000E+00   3.6827019755E-02
 -4.3200000000E+00   3.3643672771E-02
 -4.3100000000E+00   3.0472447836E-02
 -4.3000000000E+00   2.7351025746E-02
 -4.2900000000E+00   2.4316511519E-02
 -4.2800000000E+00   2.1403859900E-02
 -4.2700000000E+00   1.8644388722E-02
 -4.2600000000E+00   1.6064628633E-02
 -4.2500000000E+00   1.3685514948E-02
 -4.2400000000E+00   1.1521704345E-02
 -4.2300000000E+00   9.5816381498E-03
 -4.2200000000E+00   7.8673814916E-03
 -4.2100000000E+00   6.3751315910E-03
 -4.2000000000E+00   5.0959387563E-03
 -4.1900000000E+00   4.0164709312E-03
 -4.1800000000E+00   3.1201246827E-03
 -4.1700000000E+00   2.3879841596E-03
 -4.1600000000E+00   1.7999387173E-03
 -4.1500000000E+00   1.3356275206E-03
 -4.1400000000E+00   9.7539490844E-04
 -4.1300000000E+00   7.0081426466E-04
 -4.1200000000E+00   4.9524596105E-04
 -4.1100000000E+00   3.4411851803E-04
 -4.1000000000E+00   2.3505841009E-04
 -4.0900000000E+00   1.5780190851E-04
 -4.0800000000E+00   1.0407438210E-04
 -4.0700000000E+00   6.7435283533E-05
 -4.0600000000E+00   4.2922546450E-05
 -4.0500000000E+00   2.6835093198E-05
 -4.0400000000E+00   1.6473834573E-05
 -4.0300000000E+00   9.9289900735E-06
 -4.0200000000E+00   5.8518534485E-06
 -4.0100000000E+00   3.3991249820E-06
 -4.0000000000E+00   1.9313234968E-06
 -3.9900000000E+00   1.0755781646E-06
 -3.9800000000E+00   5.9141762001E-07
 -3.9700000000E+00   3.1901519811E-07
 -3.9600000000E+00   1.6281774111E-07
 -3.9500000000E+00   8.4771201123E-08
 -3.9400000000E+00   3.5268264162E-08
 -3.9300000000E+00   1.7831802623E-08
 -3.9200000000E+00   8.8373187987E-09
 -3.9100000000E+00   0.0000000000E+00
 -3.9000000000E+00   0.0000000000E+00
 -3.8900000000E+00   0.0000000000E+00
 -3.8800000000E+00   0.0000000000E+00
 -3.8700000000E+00   0.0000000000E+00
 -3.8600000000E+00   0.0000000000E+00
 -3.8500000000E+00   0.0000000000E+00
 -3.8400000000E+00   0.0000000000E+00
 -3.8300000000E+00   0.0000000000E+00
 -3.8200000000E+00   0.0000000000E+00
 -3.8100000000E+00   0.0000000000E+00
 -3.8000000000E+00   0.0000000000E+00
 -3.7900000000E+00   0.0000000000E+00
 -3.7800000000E+00   0.0000000000E+00
 -3.7700000000E+00   0.0000000000E+00
 -3.7600000000E+00   0.0000000000E+00
 -3.7500000000E+00   0.0000000000E+00
 -3.7400000000E+00   0.0000000000E+00
 -3.7300000000E+00   0.0000000000E+00
 -3.7200000000E+00   0.0000000000E+00
 -3.7100000000E+00   0.0000000000E+00
 -3.7000000000E+00   0.0000000000E+00
 -3.6900000000E+00   0.0000000000E+00
 -3.6800000000E+00   0.0000000000E+00
 -3.6700000000E+00   0.0000000000E+00
 -3.6600000000E+00   0.0000000000E+00
 -3.6500000000E+00   0.0000000000E+00
 -3.6400000000E+00   0.0000000000E+00
 -3.6300000000E+00   0.0000000000E+00
 -3.6200000000E+00   0.0000000000E+00
 -3.6100000000E+00   0.0000000000E+00
 -3.6000000000E+00   0.0000000000E+00
 -3.5900000000E+00   0.0000000000E+00
 -3.5800000000E+00   0.0000000000E+00
 -3.5700000000E+00   0.0000000000E+00
 -3.5600000000E+00   0.0000000000E+00
 -3.5500000000E+00   0.0000000000E+00
 -3.5400000000E+00   0.0000000000E+00
 -3.5300000000E+00   0.0000000000E+00
 -3.5200000000E+00   0.0000000000E+00
 -3.5100000000E+00   0.0000000000E+00
 -3.5000000000E+00   0.0000000000E+00
 -3.4900000000E+00   0.0000000000E+00
 -3.4800000000E+00   0.0000000000E+00
 -3.4700000000E+00   0.0000000000E+00
 -3.4600000000E+00   0.0000000000E+00
 -3.4500000000E+00   2.7889795087E-08
 -3.4400000000E+00   5.6170598855E-08
 -3.4300000000E+00   1.2616982069E-07
 -3.4200000000E+00   2.4529620596E-07
 -3.4100000000E+00   4.8778649942E-07
 -3.4000000000E+00   9.1401822656E-07
 -3.3900000000E+00   1.6793768291E-06
 -3.3800000000E+00   3.0409056390E-06
 -3.3700000000E+00   5.3758875155E-06
 -3.3600000000E+00   9.3343895740E-06
 -3.3500000000E+00   1.5899848916E-05
 -3.3400000000E+00   2.6558592053E-05
 -3.3300000000E+00   4.3507109301E-05
 -3.3200000000E+00   6.9882580481E-05
 -3.3100000000E+00   1.1014985118E-04
 -3.3000000000E+00   1.7034946795E-04
 -3.2900000000E+00   2.5853058648E-04
 -3.2800000000E+00   3.8510611638E-04
 -3.2700000000E+00   5.6306696714E-04
 -3.2600000000E+00   8.0831510866E-04
 -3.2500000000E+00   1.1395132330E-03
 -3.2400000000E+00   1.5778905557E-03
 -3.2300000000E+00   2.1467889569E-03
 -3.2200000000E+00   2.8707931541E-03
 -3.2100000000E+00   3.7745909165E-03
 -3.2000000000E+00   4.8819111258E-03
 -3.1900000000E+00   6.2141173055E-03
 -3.1800000000E+00   7.7890997368E-03
 -3.1700000000E+00   9.6203034142E-03
 -3.1600000000E+00   1.1716279957E-02
 -3.1500000000E+00   1.4080906631E-02
 -3.1400000000E+00   1.6713513136E-02
 -3.1300000000E+00   1.9610131834E-02
 -3.1200000000E+00   2.2764597481E-02
 -3.1100000000E+00   2.6169487714E-02
 -3.1000000000E+00   2.9816831174E-02
 -3.0900000000E+00   3.3698091488E-02
 -3.0800000000E+00   3.7803626610E-02
 -3.0700000000E+00   4.2121269468E-02
 -3.0600000000E+00   4.6634444361E-02
 -3.0500000000E+00   5.1320175951E-02
 -3.0400000000E+00   5.6147759125E-02
 -3.0300000000E+00   6.1077917904E-02
 -3.0200000000E+00   6.6063635671E-02
 -3.0100000000E+00   7.1052652819E-02
 -3.0000000000E+00   7.5991514374E-02
 -2.9900000000E+00   8.0830997590E-02
 -2.9800000000E+00   8.5532580625E-02
 -2.9700000000E+00   9.0074878247E-02
 -2.9600000000E+00   9.4459148058E-02
 -2.9500000000E+00   9.8713022894E-02
 -2.9400000000E+00   1.0289156220E-01
 -2.9300000000E+00   1.0707497861E-01
 -2.9200000000E+00   1.1136289856E-01
 -2.9100000000E+00   1.1586511706E-01
 -2.9000000000E+00   1.2069041242E-01
 -2.8900000000E+00   1.2593335020E-01
 -2.8800000000E+00   1.3166207731E-01
 -2.8700000000E+00   1.3790733107E-01
 -2.8600000000E+00   1.4465567141E-01
 -2.8500000000E+00   1.5184645122E-01
 -2.8400000000E+00   1.5937481224E-01
 -2.8300000000E+00   1.6709949075E-01
 -2.8200000000E+00   1.7485475678E-01
 -2.8100000000E+00   1.8246506510E-01
 -2.8000000000E+00   1.8976114528E-01
 -2.7900000000E+00   1.9659435535E-01
 -2.7800000000E+00   2.0284877606E-01
 -2.7700000000E+00   2.0844943226E-01
 -2.7600000000E+00   2.1336583415E-01
 -2.7500000000E+00   2.1761138459E-01
 -2.7400000000E+00   2.2123893737E-01
 -2.7300000000E+00   2.2433356450E-01
 -2.7200000000E+00   2.2700434479E-01
 -2.7100000000E+00   2.2937503421E-01
 -2.7000000000E+00   2.3157586798E-01
 -2.6900000000E+00   2.3373588106E-01
 -2.6800000000E+00   2.3597718370E-01
 -2.6700000000E+00   2.3841024498E-01
 -2.6600000000E+00   2.4113109326E-01
 -2.6500000000E+00   2.4421941722E-01
 -2.6400000000E+00   2.4773767522E-01
 -2.6300000000E+00   2.5173059330E-01
 -2.6200000000E+00   2.5622482608E-01
 -2.6100000000E+00   2.6122839148E-01
 -2.6000000000E+00   2.6672954600E-01
 -2.5900000000E+00   2.7269536961E-01
 -2.5800000000E+00   2.7907052457E-01
 -2.5700000000E+00   2.8577608550E-01
 -2.5600000000E+00   2.9271007327E-01
 -2.5500000000E+00   2.9974981886E-01
 -2.5400000000E+00   3.0675760935E-01
 -2.5300000000E+00   3.1358822580E-01
 -2.5200000000E+00   3.2009960056E-01
 -2.5100000000E+00   3.2616452526E-01
 -2.5000000000E+00   3.3168242502E-01
 -2.4900000000E+00   3.3658868359E-01
 -2.4800000000E+00   3.4086078815E-01
 -2.4700000000E+00   3.4451943531E-01
 -2.4600000000E+00   3.4762436886E-01
 -2.4500000000E+00   3.5026479147E-01
 -2.4400000000E+00   3.5254652479E-01
 -2.4300000000E+00   3.5457702681E-01
 -2.4200000000E+00   3.5645185552E-01
 -2.4100000000E+00   3.5824364275E-01
 -2.4000000000E+00   3.5999638580E-01
 -2.3900000000E+00   3.6172659054E-01
 -2.3800000000E+00   3.6342989737E-01
 -2.3700000000E+00   3.6509408248E-01
 -2.3600000000E+00   3.6671401006E-01
 -2.3500000000E+00   3.6830847912E-01
 -2.3400000000E+00   3.6993335019E-01
 -2.3300000000E+00   3.7168985268E-01
 -2.3200000000E+00   3.7372455559E-01
 -2.3100000000E+00   3.7622196274E-01
 -2.3000000000E+00   3.7938733049E-01
 -2.2900000000E+00   3.8342439026E-01
 -2.2800000000E+00   3.8850792176E-01
 -2.2700000000E+00   3.9475725894E-01
 -2.2600000000E+00   4.0221290149E-01
 -2.2500000000E+00   4.1082107096E-01
 -2.2400000000E+00   4.2042751571E-01
 -2.2300000000E+00   4.3078338651E-01
 -2.2200000000E+00   4.4156227883E-01
 -2.2100000000E+00   4.5238658411E-01
 -2.2000000000E+00   4.6286035720E-01
 -2.1900000000E+00   4.7260558989E-01
 -2.1800000000E+00   4.8129611544E-01
 -2.1700000000E+00   4.8868763265E-01
 -2.1600000000E+00   4.9463801850E-01
 -2.1500000000E+00   4.9911802663E-01
 -2.1400000000E+00   5.0221117344E-01
 -2.1300000000E+00   5.0410332921E-01
 -2.1200000000E+00   5.0506328658E-01
 -2.1100000000E+00   5.0541777300E-01
 -2.1000000000E+00   5.0552299218E-01
 -2.0900000000E+00   5.0573624349E-01
 -2.0800000000E+00   5.0638901315E-01
 -2.0700000000E+00   5.0776461386E-01
 -2.0600000000E+00   5.1008120667E-01
 -2.0500000000E+00   5.1348136723E-01
 -2.0400000000E+00   5.1802795888E-01
 -2.0300000000E+00   5.2370635405E-01
 -2.0200000000E+00   5.3043266712E-01
 -2.0100000000E+00   5.3806704256E-01
 -2.0000000000E+00   5.4642955392E-01
 -1.9900000000E+00   5.5531979168E-01
 -1.9800000000E+00   5.6453630011E-01
 -1.9700000000E+00   5.7389534300E-01
 -1.9600000000E+00   5.8324688856E-01
 -1.9500000000E+00   5.9248696720E-01
 -1.9400000000E+00   6.0156526606E-01
 -1.9300000000E+00   6.1048688274E-01
 -1.9200000000E+00   6.1930941285E-01
 -1.9100000000E+00   6.2813484436E-01
 -1.9000000000E+00   6.3709753888E-01
 -1.8900000000E+00   6.4634980743E-01
 -1.8800000000E+00   6.5604436494E-01
 -1.8700000000E+00   6.6631778987E-01
 -1.8600000000E+00   6.7727290930E-01
 -1.8500000000E+00   6.8896353405E-01
 -1.8400000000E+00   7.0138076136E-01
 -1.8300000000E+00   7.1444373918E-01
 -1.8200000000E+00   7.2799412774E-01
 -1.8100000000E+00   7.4179822379E-01
 -1.8000000000E+00   7.5555433663E-01
 -1.7900000000E+00   7.6890818196E-01
 -1.7800000000E+00   7.8147564344E-01
 -1.7700000000E+00   7.9286970342E-01
 -1.7600000000E+00   8.0273167931E-01
 -1.7500000000E+00   8.1076078947E-01
 -1.7400000000E+00   8.1674148982E-01
 -1.7300000000E+00   8.2056324920E-01
 -1.7200000000E+00   8.2223012362E-01
 -1.7100000000E+00   8.2186130060E-01
 -1.7000000000E+00   8.1967852284E-01
 -1.6900000000E+00   8.1598642395E-01
 -1.6800000000E+00   8.1114534508E-01
 -1.6700000000E+00   8.0554132067E-01
 -1.6600000000E+00   7.9955697236E-01
 -1.6500000000E+00   7.9354508660E-01
 -1.6400000000E+00   7.8780817004E-01
 -1.6300000000E+00   7.8258383090E-01
 -1.6200000000E+00   7.7803674102E-01
 -1.6100000000E+00   7.7425607530E-01
 -1.6000000000E+00   7.7125690511E-01
 -1.5900000000E+00   7.6898494895E-01
 -1.5800000000E+00   7.6732500498E-01
 -1.5700000000E+00   7.6611025651E-01
 -1.5600000000E+00   7.6513594712E-01
 -1.5500000000E+00   7.6417462373E-01
 -1.5400000000E+00   7.6299445693E-01
 -1.5300000000E+00   7.6137861151E-01
 -1.5200000000E+00   7.5914425938E-01
 -1.5100000000E+00   7.5615920118E-01
 -1.5000000000E+00   7.5235356412E-01
 -1.4900000000E+00   7.4772455720E-01
 -1.4800000000E+00   7.4233310689E-01
 -1.4700000000E+00   7.3629247410E-01
 -1.4600000000E+00   7.2975048661E-01
 -1.4500000000E+00   7.2286800735E-01
 -1.4400000000E+00   7.1579740650E-01
 -1.4300000000E+00   7.0866418047E-01
 -1.4200000000E+00   7.0155504110E-01
 -1.4100000000E+00   6.9451416881E-01
 -1.4000000000E+00   6.8754817263E-01
 -1.3900000000E+00   6.8063851953E-01
 -1.3800000000E+00   6.7375831188E-01
 -1.3700000000E+00   6.6689084999E-01
 -1.3600000000E+00   6.6004581092E-01
 -1.3500000000E+00   6.5327040823E-01
 -1.3400000000E+00   6.4665294149E-01
 -1.3300000000E+00   6.4031817752E-01
 -1.3200000000E+00   6.3441496598E-01
 -1.3100000000E+00   6.2909833614E-01
 -1.3000000000E+00   6.2450796963E-01
 -1.2900000000E+00   6.2074627373E-01
 -1.2800000000E+00   6.1785974376E-01
 -1.2700000000E+00   6.1582480161E-01
 -1.2600000000E+00   6.1454126723E-01
 -1.2500000000E+00   6.1383404125E-01
 -1.2400000000E+00   6.1346273717E-01
 -1.2300000000E+00   6.1313900921E-01
 -1.2200000000E+00   6.1254953279E-01
 -1.2100000000E+00   6.1138339855E-01
 -1.2000000000E+00   6.0936054881E-01
 -1.1900000000E+00   6.0625880031E-01
 -1.1800000000E+00   6.0193663602E-01
 -1.1700000000E+00   5.9634979597E-01
 -1.1600000000E+00   5.8955950341E-01
 -1.1500000000E+00   5.8173024758E-01
 -1.1400000000E+00   5.7311916167E-01
 -1.1300000000E+00   5.6405558228E-01
 -1.1200000000E+00   5.5491459132E-01
 -1.1100000000E+00   5.4608529800E-01
 -1.1000000000E+00   5.3793811886E-01
 -1.0900000000E+00   5.3079441123E-01
 -1.0800000000E+00   5.2489962284E-01
 -1.0700000000E+00   5.2040414556E-01
 -1.0600000000E+00   5.1735272560E-01
 -1.0500000000E+00   5.1568286762E-01
 -1.0400000000E+00   5.1523178491E-01
 -1.0300000000E+00   5.1575220749E-01
 -1.0200000000E+00   5.1693364431E-01
 -1.0100000000E+00   5.1842850282E-01
 -1.0000000000E+00   5.1988024580E-01
 -9.9000000000E-01   5.2095062992E-01
 -9.8000000000E-01   5.2134525520E-01
 -9.7000000000E-01   5.2083338776E-01
 -9.6000000000E-01   5.1926270478E-01
 -9.5000000000E-01   5.1656673977E-01
 -9.4000000000E-01   5.1276522046E-01
 -9.3000000000E-01   5.0795831375E-01
 -9.2000000000E-01   5.0231604525E-01
 -9.1000000000E-01   4.9606302610E-01
 -9.0000000000E-01   4.8946235574E-01
 -8.9000000000E-01   4.8279737923E-01
 -8.8000000000E-01   4.7635505177E-01
 -8.7000000000E-01   4.7040891713E-01
 -8.6000000000E-01   4.6520365129E-01
 -8.5000000000E-01   4.6094092174E-01
 -8.4000000000E-01   4.5776608358E-01
 -8.3000000000E-01   4.5575754846E-01
 -8.2000000000E-01   4.5491852530E-01
 -8.1000000000E-01   4.5517392990E-01
 -8.0000000000E-01   4.5637257351E-01
 -7.9000000000E-01   4.5829634566E-01
 -7.8000000000E-01   4.6067729979E-01
 -7.7000000000E-01   4.6322057079E-01
 -7.6000000000E-01   4.6563360194E-01
 -7.5000000000E-01   4.6765630550E-01
 -7.4000000000E-01   4.6909143887E-01
 -7.3000000000E-01   4.6982886598E-01
 -7.2000000000E-01   4.6986350926E-01
 -7.1000000000E-01   4.6930160124E-01
 -7.0000000000E-01   4.6835666616E-01
 -6.9000000000E-01   4.6733475291E-01
 -6.8000000000E-01   4.6661058505E-01
 -6.7000000000E-01   4.6659833294E-01
 -6.6000000000E-01   4.6772007763E-01
 -6.5000000000E-01   4.7037525508E-01
 -6.4000000000E-01   4.7491483896E-01
 -6.3000000000E-01   4.8162164908E-01
 -6.2000000000E-01   4.9069835676E-01
 -6.1000000000E-01   5.0226300782E-01
 -6.0000000000E-01   5.1635171738E-01
 -5.9000000000E-01   5.3292500132E-01
 -5.8000000000E-01   5.5187895624E-01
 -5.7000000000E-01   5.7305651469E-01
 -5.6000000000E-01   5.9625938330E-01
 -5.5000000000E-01   6.2125735454E-01
 -5.4000000000E-01   6.4779656425E-01
 -5.3000000000E-01   6.7560396823E-01
 -5.2000000000E-01   7.0439013728E-01
 -5.1000000000E-01   7.3384895202E-01
 -5.0000000000E-01   7.6365612512E-01
 -4.9000000000E-01   7.9346716081E-01
 -4.8000000000E-01   8.2291535796E-01
 -4.7000000000E-01   8.5161087603E-01
 -4.6000000000E-01   8.7914337080E-01
 -4.5000000000E-01   9.0508772565E-01
 -4.4000000000E-01   9.2901418334E-01
 -4.3000000000E-01   9.5050209133E-01
 -4.2000000000E-01   9.6915840758E-01
 -4.1000000000E-01   9.8463727766E-01
 -4.0000000000E-01   9.9666115815E-01
 -3.9000000000E-01   1.0050404999E+00
 -3.8000000000E-01   1.0096901415E+00
 -3.7000000000E-01   1.0106399033E+00
 -3.6000000000E-01   1.0080404975E+00
 -3.5000000000E-01   1.0021613422E+00
 -3.4000000000E-01   9.9338008620E-01
 -3.3000000000E-01   9.8216674375E-01
 -3.2000000000E-01   9.6906032387E-01
 -3.1000000000E-01   9.5464065085E-01
 -3.0000000000E-01   9.3949596704E-01
 -2.9000000000E-01   9.2418932475E-01
 -2.8000000000E-01   9.0922533509E-01
 -2.7000000000E-01   8.9502008081E-01
 -2.6000000000E-01   8.8187679120E-01
 -2.5000000000E-01   8.6996973233E-01
 -2.4000000000E-01   8.5933838738E-01
 -2.3000000000E-01   8.4989352089E-01
 -2.2000000000E-01   8.4143419594E-01
 -2.1000000000E-01   8.3367604847E-01
 -2.0000000000E-01   8.2628662181E-01
 -1.9000000000E-01   8.1892680734E-01
 -1.8000000000E-01   8.1129111976E-01
 -1.7000000000E-01   8.0314573833E-01
 -1.6000000000E-01   7.9435701631E-01
 -1.5000000000E-01   7.8490949779E-01
 -1.4000000000E-01   7.7491108812E-01
 -1.3000000000E-01   7.6458342035E-01
 -1.2000000000E-01   7.5424058114E-01
 -1.1000000000E-01   7.4425631050E-01
 -9.9999999997E-02   7.3502574131E-01
 -8.9999999997E-02   7.2692316294E-01
 -7.9999999997E-02   7.2026305392E-01
 -6.9999999997E-02   7.1526555319E-01
 -5.9999999997E-02   7.1203269656E-01
 -4.9999999997E-02   7.1053656614E-01
 -3.9999999997E-02   7.1062069389E-01
 -2.9999999997E-02   7.1201531340E-01
 -1.9999999997E-02   7.1436391441E-01
 -9.9999999974E-03   7.1725961428E-01
  2.5934809855E-12   7.2028552599E-01
  1.0000000003E-02   7.2305728861E-01
  2.0000000003E-02   7.2525993646E-01
  3.0000000003E-02   7.2667772356E-01
  4.0000000003E-02   7.2721173440E-01
  5.0000000003E-02   7.2688377491E-01
  6.0000000003E-02   7.2582675235E-01
  7.0000000003E-02   7.2426249853E-01
  8.0000000003E-02   7.2246961466E-01
  9.0000000003E-02   7.2074548887E-01
  1.0000000000E-01   7.1936771714E-01
  1.1000000000E-01   7.1855783262E-01
  1.2000000000E-01   7.1845226996E-01
  1.3000000000E-01   7.1908384467E-01
  1.4000000000E-01   7.2037277297E-01
  1.5000000000E-01   7.2213127527E-01
  1.6000000000E-01   7.2407656499E-01
  1.7000000000E-01   7.2585478976E-01
  1.8000000000E-01   7.2706859448E-01
  1.9000000000E-01   7.2731047166E-01
  2.0000000000E-01   7.2619555858E-01
  2.1000000000E-01   7.2339275406E-01
  2.2000000000E-01   7.1865210011E-01
  2.3000000000E-01   7.1182580179E-01
  2.4000000000E-01   7.0288266755E-01
  2.5000000000E-01   6.9191339401E-01
  2.6000000000E-01   6.7912718481E-01
  2.7000000000E-01   6.6483996841E-01
  2.8000000000E-01   6.4945477977E-01
  2.9000000000E-01   6.3343596093E-01
  3.0000000000E-01   6.1727910452E-01
  3.1000000000E-01   6.0147999302E-01
  3.2000000000E-01   5.8650361810E-01
  3.3000000000E-01   5.7275766432E-01
  3.4000000000E-01   5.6057101999E-01
  3.5000000000E-01   5.5017978710E-01
  3.6000000000E-01   5.4171968416E-01
  3.7000000000E-01   5.3522721868E-01
  3.8000000000E-01   5.3064652169E-01
  3.9000000000E-01   5.2784020486E-01
  4.0000000000E-01   5.2660488575E-01
  4.1000000000E-01   5.2668642646E-01
  4.2000000000E-01   5.2779658355E-01
  4.3000000000E-01   5.2962696247E-01
  4.4000000000E-01   5.3186300885E-01
  4.5000000000E-01   5.3419597424E-01
  4.6000000000E-01   5.3633456265E-01
  4.7000000000E-01   5.3801600776E-01
  4.8000000000E-01   5.3901771047E-01
  4.9000000000E-01   5.3916856887E-01
  5.0000000000E-01   5.3835983803E-01
  5.1000000000E-01   5.3655342972E-01
  5.2000000000E-01   5.3378720016E-01
  5.3000000000E-01   5.3017371396E-01
  5.4000000000E-01   5.2589346665E-01
  5.5000000000E-01   5.2118013177E-01
  5.6000000000E-01   5.1630075452E-01
  5.7000000000E-01   5.1153076705E-01
  5.8000000000E-01   5.0712736022E-01
  5.9000000000E-01   5.0330657454E-01
  6.0000000000E-01   5.0022300095E-01
  6.1000000000E-01   4.9795905298E-01
  6.2000000000E-01   4.9652239889E-01
  6.3000000000E-01   4.9585233423E-01
  6.4000000000E-01   4.9583308332E-01
  6.5000000000E-01   4.9631244624E-01
  6.6000000000E-01   4.9712088904E-01
  6.7000000000E-01   4.9808911033E-01
  6.8000000000E-01   4.9906080719E-01
  6.9000000000E-01   4.9990039807E-01
  7.0000000000E-01   5.0049348715E-01
  7.1000000000E-01   5.0074392796E-01
  7.2000000000E-01   5.0056693808E-01
  7.3000000000E-01   4.9988345682E-01
  7.4000000000E-01   4.9861639877E-01
  7.5000000000E-01   4.9669057809E-01
  7.6000000000E-01   4.9403821570E-01
  7.7000000000E-01   4.9060835273E-01
  7.8000000000E-01   4.8637825812E-01
  7.9000000000E-01   4.8136525780E-01
  8.0000000000E-01   4.7563636659E-01
  8.1000000000E-01   4.6931177923E-01
  8.2000000000E-01   4.6256266358E-01
  8.3000000000E-01   4.5560212036E-01
  8.4000000000E-01   4.4867031355E-01
  8.5000000000E-01   4.4201585271E-01
  8.6000000000E-01   4.3587723373E-01
  8.7000000000E-01   4.3046571727E-01
  8.8000000000E-01   4.2595441361E-01
  8.9000000000E-01   4.2247273577E-01
  9.0000000000E-01   4.2010885446E-01
  9.1000000000E-01   4.1891778329E-01
  9.2000000000E-01   4.1893313195E-01
  9.3000000000E-01   4.2017930908E-01
  9.4000000000E-01   4.2268174423E-01
  9.5000000000E-01   4.2647145875E-01
  9.6000000000E-01   4.3158357039E-01
  9.7000000000E-01   4.3804896614E-01
  9.8000000000E-01   4.4587986453E-01
  9.9000000000E-01   4.5505345398E-01
  1.0000000000E+00   4.6549527023E-01
  1.0100000000E+00   4.7706725925E-01
  1.0200000000E+00   4.8956155658E-01
  1.0300000000E+00   5.0270470029E-01
  1.0400000000E+00   5.1617007360E-01
  1.0500000000E+00   5.2959847508E-01
  1.0600000000E+00   5.4262487326E-01
  1.0700000000E+00   5.5490625125E-01
  1.0800000000E+00   5.6614912481E-01
  1.0900000000E+00   5.7612976442E-01
  1.1000000000E+00   5.8470868450E-01
  1.1100000000E+00   5.9183344298E-01
  1.1200000000E+00   5.9753357955E-01
  1.1300000000E+00   6.0190651780E-01
  1.1400000000E+00   6.0509707557E-01
  1.1500000000E+00   6.0727430645E-01
  1.1600000000E+00   6.0860782604E-01
  1.1700000000E+00   6.0924574984E-01
  1.1800000000E+00   6.0929812885E-01
  1.1900000000E+00   6.0882562013E-01
  1.2000000000E+00   6.0783457370E-01
  1.2100000000E+00   6.0627960264E-01
  1.2200000000E+00   6.0407169067E-01
  1.2300000000E+00   6.0109187070E-01
  1.2400000000E+00   5.9720931157E-01
  1.2500000000E+00   5.9230111491E-01
  1.2600000000E+00   5.8627313012E-01
  1.2700000000E+00   5.7907837873E-01
  1.2800000000E+00   5.7073245023E-01
  1.2900000000E+00   5.6132344638E-01
  1.3000000000E+00   5.5101511833E-01
  1.3100000000E+00   5.4004256251E-01
  1.3200000000E+00   5.2870129530E-01
  1.3300000000E+00   5.1732977203E-01
  1.3400000000E+00   5.0628730971E-01
  1.3500000000E+00   4.9592939837E-01
  1.3600000000E+00   4.8658296064E-01
  1.3700000000E+00   4.7852246521E-01
  1.3800000000E+00   4.7195150197E-01
  1.3900000000E+00   4.6698930053E-01
  1.4000000000E+00   4.6366445177E-01
  1.4100000000E+00   4.6191534830E-01
  1.4200000000E+00   4.6159947030E-01
  1.4300000000E+00   4.6250745567E-01
  1.4400000000E+00   4.6438320290E-01
  1.4500000000E+00   4.6694540797E-01
  1.4600000000E+00   4.6991061469E-01
  1.4700000000E+00   4.7301431976E-01
  1.4800000000E+00   4.7602721866E-01
  1.4900000000E+00   4.7876785168E-01
  1.5000000000E+00   4.8110878778E-01
  1.5100000000E+00   4.8297731532E-01
  1.5200000000E+00   4.8435278167E-01
  1.5300000000E+00   4.8526015114E-01
  1.5400000000E+00   4.8576269727E-01
  1.5500000000E+00   4.8595457147E-01
  1.5600000000E+00   4.8595335303E-01
  1.5700000000E+00   4.8589421278E-01
  1.5800000000E+00   4.8592409154E-01
  1.5900000000E+00   4.8619514454E-01
  1.6000000000E+00   4.8685802970E-01
  1.6100000000E+00   4.8805237017E-01
  1.6200000000E+00   4.8989652799E-01
  1.6300000000E+00   4.9247537975E-01
  1.6400000000E+00   4.9582887757E-01
  1.6500000000E+00   4.9994208248E-01
  1.6600000000E+00   5.0473811053E-01
  1.6700000000E+00   5.1007645339E-01
  1.6800000000E+00   5.1575686416E-01
  1.6900000000E+00   5.2152893167E-01
  1.7000000000E+00   5.2710735668E-01
  1.7100000000E+00   5.3219075428E-01
  1.7200000000E+00   5.3648256694E-01
  1.7300000000E+00   5.3971229971E-01
  1.7400000000E+00   5.4165468290E-01
  1.7500000000E+00   5.4214507987E-01
  1.7600000000E+00   5.4109018893E-01
  1.7700000000E+00   5.3847401853E-01
  1.7800000000E+00   5.3435792397E-01
  1.7900000000E+00   5.2887608198E-01
  1.8000000000E+00   5.2222655706E-01
  1.8100000000E+00   5.1465854457E-01
  1.8200000000E+00   5.0645704097E-01
  1.8300000000E+00   4.9792559067E-01
  1.8400000000E+00   4.8936751346E-01
  1.8500000000E+00   4.8106799388E-01
  1.8600000000E+00   4.7327746156E-01
  1.8700000000E+00   4.6619676509E-01
  1.8800000000E+00   4.5996727988E-01
  1.8900000000E+00   4.5466587654E-01
  1.9000000000E+00   4.5030429977E-01
  1.9100000000E+00   4.4683613137E-01
  1.9200000000E+00   4.4416770725E-01
  1.9300000000E+00   4.4217348718E-01
  1.9400000000E+00   4.4071358364E-01
  1.9500000000E+00   4.3965171908E-01
  1.9600000000E+00   4.3887129052E-01
  1.9700000000E+00   4.3828875512E-01
  1.9800000000E+00   4.3786117371E-01
  1.9900000000E+00   4.3758954269E-01
  2.0000000000E+00   4.3751549776E-01
  2.0100000000E+00   4.3771360086E-01
  2.0200000000E+00   4.3827957987E-01
  2.0300000000E+00   4.3931518681E-01
  2.0400000000E+00   4.4091296699E-01
  2.0500000000E+00   4.4313992473E-01
  2.0600000000E+00   4.4602472420E-01
  2.0700000000E+00   4.4954795447E-01
  2.0800000000E+00   4.5363734476E-01
  2.0900000000E+00   4.5816904310E-01
  2.1000000000E+00   4.6297421449E-01
  2.1100000000E+00   4.6785205772E-01
  2.1200000000E+00   4.7258678141E-01
  2.1300000000E+00   4.7696672807E-01
  2.1400000000E+00   4.8080315047E-01
  2.1500000000E+00   4.8394732657E-01
  2.1600000000E+00   4.8630179076E-01
  2.1700000000E+00   4.8782501910E-01
  2.1800000000E+00   4.8852897452E-01
  2.1900000000E+00   4.8847020285E-01
  2.2000000000E+00   4.8773595350E-01
  2.2100000000E+00   4.8642735858E-01
  2.2200000000E+00   4.8464470058E-01
  2.2300000000E+00   4.8247489040E-01
  2.2400000000E+00   4.7998498364E-01
  2.2500000000E+00   4.7722231717E-01
  2.2600000000E+00   4.7421972529E-01
  2.2700000000E+00   4.7100549530E-01
  2.2800000000E+00   4.6761399112E-01
  2.2900000000E+00   4.6409427503E-01
  2.3000000000E+00   4.6051522926E-01
  2.3100000000E+00   4.5696416277E-01
  2.3200000000E+00   4.5353946578E-01
  2.3300000000E+00   4.5033883811E-01
  2.3400000000E+00   4.4744498929E-01
  2.3500000000E+00   4.4491245224E-01
  2.3600000000E+00   4.4275790890E-01
  2.3700000000E+00   4.4095776549E-01
  2.3800000000E+00   4.3945240231E-01
  2.3900000000E+00   4.3815784754E-01
  2.4000000000E+00   4.3698230109E-01
  2.4100000000E+00   4.3584518525E-01
  2.4200000000E+00   4.3469507592E-01
  2.4300000000E+00   4.3352308394E-01
  2.4400000000E+00   4.3236976857E-01
  2.4500000000E+00   4.3132411447E-01
  2.4600000000E+00   4.3051467252E-01
  2.4700000000E+00   4.3009478008E-01
  2.4800000000E+00   4.3022359266E-01
  2.4900000000E+00   4.3104571875E-01
  2.5000000000E+00   4.3267199409E-01
  2.5100000000E+00   4.3516416630E-01
  2.5200000000E+00   4.3852393955E-01
  2.5300000000E+00   4.4268771380E-01
  2.5400000000E+00   4.4752634076E-01
  2.5500000000E+00   4.5285060627E-01
  2.5600000000E+00   4.5841988176E-01
  2.5700000000E+00   4.6395444005E-01
  2.5800000000E+00   4.6915053930E-01
  2.5900000000E+00   4.7369723293E-01
  2.6000000000E+00   4.7729428030E-01
  2.6100000000E+00   4.7967130617E-01
  2.6200000000E+00   4.8060587554E-01
  2.6300000000E+00   4.7994031315E-01
  2.6400000000E+00   4.7759530008E-01
  2.6500000000E+00   4.7357895443E-01
  2.6600000000E+00   4.6798952190E-01
  2.6700000000E+00   4.6101187833E-01
  2.6800000000E+00   4.5290724145E-01
  2.6900000000E+00   4.4399625349E-01
  2.7000000000E+00   4.3463959342E-01
  2.7100000000E+00   4.2521493550E-01
  2.7200000000E+00   4.1609589447E-01
  2.7300000000E+00   4.0763288483E-01
  2.7400000000E+00   4.0013830883E-01
  2.7500000000E+00   3.9387687510E-01
  2.7600000000E+00   3.8906007640E-01
  2.7700000000E+00   3.8584501008E-01
  2.7800000000E+00   3.8433388753E-01
  2.7900000000E+00   3.8457613916E-01
  2.8000000000E+00   3.8656937938E-01
  2.8100000000E+00   3.9025959225E-01
  2.8200000000E+00   3.9554080914E-01
  2.8300000000E+00   4.0225452065E-01
  2.8400000000E+00   4.1019030255E-01
  2.8500000000E+00   4.1908863105E-01
  2.8600000000E+00   4.2864663588E-01
  2.8700000000E+00   4.3852795527E-01
  2.8800000000E+00   4.4837650015E-01
  2.8900000000E+00   4.5783358431E-01
  2.9000000000E+00   4.6655724729E-01
  2.9100000000E+00   4.7424146149E-01
  2.9200000000E+00   4.8063482888E-01
  2.9300000000E+00   4.8555496281E-01
  2.9400000000E+00   4.8889770924E-01
  2.9500000000E+00   4.9064031030E-01
  2.9600000000E+00   4.9083730483E-01
  2.9700000000E+00   4.8960989737E-01
  2.9800000000E+00   4.8713104951E-01
  2.9900000000E+00   4.8360686120E-01
  3.0000000000E+00   4.7925714096E-01
  3.0100000000E+00   4.7429866231E-01
  3.0200000000E+00   4.6893023621E-01
  3.0300000000E+00   4.6332373988E-01
  3.0400000000E+00   4.5761896713E-01
  3.0500000000E+00   4.5192298154E-01
  3.0600000000E+00   4.4631245215E-01
  3.0700000000E+00   4.4083659432E-01
  3.0800000000E+00   4.3552035786E-01
  3.0900000000E+00   4.3036639320E-01
  3.1000000000E+00   4.2535566597E-01
  3.1100000000E+00   4.2044705556E-01
  3.1200000000E+00   4.1557771639E-01
  3.1300000000E+00   4.1066513514E-01
  3.1400000000E+00   4.0561185479E-01
  3.1500000000E+00   4.0031472661E-01
  3.1600000000E+00   3.9467722360E-01
  3.1700000000E+00   3.8862423268E-01
  3.1800000000E+00   3.8211844574E-01
  3.1900000000E+00   3.7517426111E-01
  3.2000000000E+00   3.6786848219E-01
  3.2100000000E+00   3.6034503239E-01
  3.2200000000E+00   3.5281342800E-01
  3.2300000000E+00   3.4553891767E-01
  3.2400000000E+00   3.3882731727E-01
  3.2500000000E+00   3.3300400282E-01
  3.2600000000E+00   3.2838977816E-01
  3.2700000000E+00   3.2527579025E-01
  3.2800000000E+00   3.2389920626E-01
  3.2900000000E+00   3.2442270234E-01
  3.3000000000E+00   3.2691748715E-01
  3.3100000000E+00   3.3135405103E-01
  3.3200000000E+00   3.3759863022E-01
  3.3300000000E+00   3.4541792068E-01
  3.3400000000E+00   3.5449232184E-01
  3.3500000000E+00   3.6443569425E-01
  3.3600000000E+00   3.7482210524E-01
  3.3700000000E+00   3.8521661447E-01
  3.3800000000E+00   3.9520837611E-01
  3.3900000000E+00   4.0444242689E-01
  3.4000000000E+00   4.1264672664E-01
  3.4100000000E+00   4.1965158072E-01
  3.4200000000E+00   4.2539870689E-01
  3.4300000000E+00   4.2993871313E-01
  3.4400000000E+00   4.3341744998E-01
  3.4500000000E+00   4.3605185001E-01
  3.4600000000E+00   4.3809994019E-01
  3.4700000000E+00   4.3982771107E-01
  3.4800000000E+00   4.4147835432E-01
  3.4900000000E+00   4.4324733189E-01
  3.5000000000E+00   4.4526662378E-01
  3.5100000000E+00   4.4759921034E-01
  3.5200000000E+00   4.5024427026E-01
  3.5300000000E+00   4.5315052977E-01
  3.5400000000E+00   4.5623549285E-01
  3.5500000000E+00   4.5940623605E-01
  3.5600000000E+00   4.6257786960E-01
  3.5700000000E+00   4.6568785157E-01
  3.5800000000E+00   4.6870233923E-01
  3.5900000000E+00   4.7161498487E-01
  3.6000000000E+00   4.7443779706E-01
  3.6100000000E+00   4.7718607306E-01
  3.6200000000E+00   4.7985976776E-01
  3.6300000000E+00   4.8242400373E-01
  3.6400000000E+00   4.8479296504E-01
  3.6500000000E+00   4.8681888600E-01
  3.6600000000E+00   4.8828989354E-01
  3.6700000000E+00   4.8893823360E-01
  3.6800000000E+00   4.8845842146E-01
  3.6900000000E+00   4.8653539302E-01
  3.7000000000E+00   4.8287909197E-01
  3.7100000000E+00   4.7726312882E-01
  3.7200000000E+00   4.6956199763E-01
  3.7300000000E+00   4.5978141282E-01
  3.7400000000E+00   4.4807942144E-01
  3.7500000000E+00   4.3477277674E-01
  3.7600000000E+00   4.2032794540E-01
  3.7700000000E+00   4.0533697176E-01
  3.7800000000E+00   3.9047919621E-01
  3.7900000000E+00   3.7647383209E-01
  3.8000000000E+00   3.6402659229E-01
  3.8100000000E+00   3.5377626152E-01
  3.8200000000E+00   3.4624637020E-01
  3.8300000000E+00   3.4180562080E-01
  3.8400000000E+00   3.4064016749E-01
  3.8500000000E+00   3.4274029691E-01
  3.8600000000E+00   3.4790126798E-01
  3.8700000000E+00   3.5573834622E-01
  3.8800000000E+00   3.6571415940E-01
  3.8900000000E+00   3.7717640647E-01
  3.9000000000E+00   3.8940181981E-01
  3.9100000000E+00   4.0164500051E-01
  3.9200000000E+00   4.1318724406E-01
  3.9300000000E+00   4.2338205540E-01
  3.9400000000E+00   4.3169500082E-01
  3.9500000000E+00   4.3773401189E-01
  3.9600000000E+00   4.4126931564E-01
  3.9700000000E+00   4.4224065626E-01
  3.9800000000E+00   4.4075328802E-01
  3.9900000000E+00   4.3706165642E-01
  4.0000000000E+00   4.3154502240E-01
  4.0100000000E+00   4.2467522547E-01
  4.0200000000E+00   4.1698240289E-01
  4.0300000000E+00   4.0901821499E-01
  4.0400000000E+00   4.0132344202E-01
  4.0500000000E+00   3.9439890261E-01
  4.0600000000E+00   3.8868200085E-01
  4.0700000000E+00   3.8453154414E-01
  4.0800000000E+00   3.8221771731E-01
  4.0900000000E+00   3.8191887176E-01
  4.1000000000E+00   3.8372281678E-01
  4.1100000000E+00   3.8763111766E-01
  4.1200000000E+00   3.9356618666E-01
  4.1300000000E+00   4.0137919746E-01
  4.1400000000E+00   4.1085753926E-01
  4.1500000000E+00   4.2173332254E-01
  4.1600000000E+00   4.3369124599E-01
  4.1700000000E+00   4.4637751949E-01
  4.1800000000E+00   4.5940950158E-01
  4.1900000000E+00   4.7238717873E-01
  4.2000000000E+00   4.8490648683E-01
  4.2100000000E+00   4.9657415649E-01
  4.2200000000E+00   5.0702327293E-01
  4.2300000000E+00   5.1592895824E-01
  4.2400000000E+00   5.2302272172E-01
  4.2500000000E+00   5.2810374107E-01
  4.2600000000E+00   5.3104652831E-01
  4.2700000000E+00   5.3180495210E-01
  4.2800000000E+00   5.3041097212E-01
  4.2900000000E+00   5.2697010752E-01
  4.3000000000E+00   5.2165324669E-01
  4.3100000000E+00   5.1468671232E-01
  4.3200000000E+00   5.0634036111E-01
  4.3300000000E+00   4.9691531394E-01
  4.3400000000E+00   4.8673196348E-01
  4.3500000000E+00   4.7611815909E-01
  4.3600000000E+00   4.6539744096E-01
  4.3700000000E+00   4.5487890936E-01
  4.3800000000E+00   4.4484716471E-01
  4.3900000000E+00   4.3555391692E-01
  4.4000000000E+00   4.2721044354E-01
  4.4100000000E+00   4.1998275439E-01
  4.4200000000E+00   4.1398741405E-01
  4.4300000000E+00   4.0928965435E-01
  4.4400000000E+00   4.0590336993E-01
  4.4500000000E+00   4.0379239101E-01
  4.4600000000E+00   4.0287293879E-01
  4.4700000000E+00   4.0301752152E-01
  4.4800000000E+00   4.0405963688E-01
  4.4900000000E+00   4.0580044288E-01
  4.5000000000E+00   4.0801658760E-01
  4.5100000000E+00   4.1047068075E-01
  4.5200000000E+00   4.1292231022E-01
  4.5300000000E+00   4.1514199624E-01
  4.5400000000E+00   4.1692463197E-01
  4.5500000000E+00   4.1810311939E-01
  4.5600000000E+00   4.1855970928E-01
  4.5700000000E+00   4.1823389256E-01
  4.5800000000E+00   4.1712619565E-01
  4.5900000000E+00   4.1529610352E-01
  4.6000000000E+00   4.1285520527E-01
  4.6100000000E+00   4.0995574618E-01
  4.6200000000E+00   4.0677561998E-01
  4.6300000000E+00   4.0350312094E-01
  4.6400000000E+00   4.0032119288E-01
  4.6500000000E+00   3.9739524963E-01
  4.6600000000E+00   3.9486414732E-01
  4.6700000000E+00   3.9283560611E-01
  4.6800000000E+00   3.9138522515E-01
  4.6900000000E+00   3.9055929291E-01
  4.7000000000E+00   3.9037829145E-01
  4.7100000000E+00   3.9084207226E-01
  4.7200000000E+00   3.9193346296E-01
  4.7300000000E+00   3.9362162734E-01
  4.7400000000E+00   3.9586422499E-01
  4.7500000000E+00   3.9860931009E-01
  4.7600000000E+00   4.0179820521E-01
  4.7700000000E+00   4.0536955450E-01
  4.7800000000E+00   4.0926539042E-01
  4.7900000000E+00   4.1343840906E-01
  4.8000000000E+00   4.1785968968E-01
  4.8100000000E+00   4.2252553106E-01
  4.8200000000E+00   4.2746019385E-01
  4.8300000000E+00   4.3271459322E-01
  4.8400000000E+00   4.3835856596E-01
  4.8500000000E+00   4.4446732368E-01
  4.8600000000E+00   4.5110369094E-01
  4.8700000000E+00   4.5829733322E-01
  4.8800000000E+00   4.6602584047E-01
  4.8900000000E+00   4.7419948439E-01
  4.9000000000E+00   4.8265303537E-01
  4.9100000000E+00   4.9114718841E-01
  4.9200000000E+00   4.9937915895E-01
  4.9300000000E+00   5.0700212420E-01
  4.9400000000E+00   5.1365130916E-01
  4.9500000000E+00   5.1897340679E-01
  4.9600000000E+00   5.2265585754E-01
  4.9700000000E+00   5.2445238699E-01
  4.9800000000E+00   5.2420294145E-01
  4.9900000000E+00   5.2184495931E-01
  5.0000000000E+00   5.1741635454E-01
  5.0100000000E+00   5.1105022731E-01
  5.0200000000E+00   5.0296196663E-01
  5.0300000000E+00   4.9343137442E-01
  5.0400000000E+00   4.8278094721E-01
  5.0500000000E+00   4.7135299005E-01
  5.0600000000E+00   4.5948656039E-01
  5.0700000000E+00   4.4749852129E-01
  5.0800000000E+00   4.3566674149E-01
  5.0900000000E+00   4.2422011239E-01
  5.1000000000E+00   4.1333295180E-01
  5.1100000000E+00   4.0312653727E-01
  5.1200000000E+00   3.9367513977E-01
  5.1300000000E+00   3.8501634301E-01
  5.1400000000E+00   3.7716418399E-01
  5.1500000000E+00   3.7012229133E-01
  5.1600000000E+00   3.6389567149E-01
  5.1700000000E+00   3.5849937176E-01
  5.1800000000E+00   3.5396243137E-01
  5.1900000000E+00   3.5032709482E-01
  5.2000000000E+00   3.4764331980E-01
  5.2100000000E+00   3.4595954158E-01
  5.2200000000E+00   3.4531110944E-01
  5.2300000000E+00   3.4570871269E-01
  5.2400000000E+00   3.4712772739E-01
  5.2500000000E+00   3.4950019073E-01
  5.2600000000E+00   3.5271083383E-01
  5.2700000000E+00   3.5659721158E-01
  5.2800000000E+00   3.6095382750E-01
  5.2900000000E+00   3.6554095463E-01
  5.3000000000E+00   3.7009544865E-01
  5.3100000000E+00   3.7434532495E-01
  5.3200000000E+00   3.7802375675E-01
  5.3300000000E+00   3.8088450142E-01
  5.3400000000E+00   3.8271604460E-01
  5.3500000000E+00   3.8335300059E-01
  5.3600000000E+00   3.8268626758E-01
  5.3700000000E+00   3.8066816064E-01
  5.3800000000E+00   3.7731639629E-01
  5.3900000000E+00   3.7271304492E-01
  5.4000000000E+00   3.6700148723E-01
  5.4100000000E+00   3.6038164847E-01
  5.4200000000E+00   3.5310271518E-01
  5.4300000000E+00   3.4545598087E-01
  5.4400000000E+00   3.3776622179E-01
  5.4500000000E+00   3.3038233382E-01
  5.4600000000E+00   3.2366748539E-01
  5.4700000000E+00   3.1798650928E-01
  5.4800000000E+00   3.1369206067E-01
  5.4900000000E+00   3.1110810197E-01
  5.5000000000E+00   3.1051133565E-01
  5.5100000000E+00   3.1211238795E-01
  5.5200000000E+00   3.1603675018E-01
  5.5300000000E+00   3.2230927124E-01
  5.5400000000E+00   3.3084378764E-01
  5.5500000000E+00   3.4143957115E-01
  5.5600000000E+00   3.5378674727E-01
  5.5700000000E+00   3.6748097691E-01
  5.5800000000E+00   3.8204621707E-01
  5.5900000000E+00   3.9696481470E-01
  5.6000000000E+00   4.1171068974E-01
  5.6100000000E+00   4.2578270620E-01
  5.6200000000E+00   4.3873522618E-01
  5.6300000000E+00   4.5020070459E-01
  5.6400000000E+00   4.5990430954E-01
  5.6500000000E+00   4.6766770432E-01
  5.6600000000E+00   4.7340322075E-01
  5.6700000000E+00   4.7710024911E-01
  5.6800000000E+00   4.7880706789E-01
  5.6900000000E+00   4.7861032333E-01
  5.7000000000E+00   4.7661708819E-01
  5.7100000000E+00   4.7294101403E-01
  5.7200000000E+00   4.6769477164E-01
  5.7300000000E+00   4.6098909077E-01
  5.7400000000E+00   4.5293741897E-01
  5.7500000000E+00   4.4366376280E-01
  5.7600000000E+00   4.3331195960E-01
  5.7700000000E+00   4.2205352963E-01
  5.7800000000E+00   4.1009095711E-01
  5.7900000000E+00   3.9765672093E-01
  5.8000000000E+00   3.8500595813E-01
  5.8100000000E+00   3.7240545063E-01
  5.8200000000E+00   3.6011928997E-01
  5.8300000000E+00   3.4839384729E-01
  5.8400000000E+00   3.3744479143E-01
  5.8500000000E+00   3.2744782340E-01
  5.8600000000E+00   3.1853417501E-01
  5.8700000000E+00   3.1079172513E-01
  5.8800000000E+00   3.0427057234E-01
  5.8900000000E+00   2.9899210497E-01
  5.9000000000E+00   2.9496001130E-01
  5.9100000000E+00   2.9217009658E-01
  5.9200000000E+00   2.9061831373E-01
  5.9300000000E+00   2.9030516229E-01
  5.9400000000E+00   2.9123551812E-01
  5.9500000000E+00   2.9341396190E-01
  5.9600000000E+00   2.9683655196E-01
  5.9700000000E+00   3.0147957810E-01
  5.9800000000E+00   3.0728731757E-01
  5.9900000000E+00   3.1416041138E-01
  6.0000000000E+00   3.2194634605E-01
  6.0100000000E+00   3.3043355716E-01
  6.0200000000E+00   3.3935228920E-01
  6.0300000000E+00   3.4838013186E-01
  6.0400000000E+00   3.5715566406E-01
  6.0500000000E+00   3.6529773781E-01
  6.0600000000E+00   3.7243048461E-01
  6.0700000000E+00   3.7821132168E-01
  6.0800000000E+00   3.8235896279E-01
  6.0900000000E+00   3.8467973751E-01
  6.1000000000E+00   3.8508684599E-01
  6.1100000000E+00   3.8361125060E-01
  6.1200000000E+00   3.8040202703E-01
  6.1300000000E+00   3.7571456023E-01
  6.1400000000E+00   3.6988899662E-01
  6.1500000000E+00   3.6332032498E-01
  6.1600000000E+00   3.5642331298E-01
  6.1700000000E+00   3.4959783051E-01
  6.1800000000E+00   3.4319717881E-01
  6.1900000000E+00   3.3750419596E-01
  6.2000000000E+00   3.3271738275E-01
  6.2100000000E+00   3.2894845454E-01
  6.2200000000E+00   3.2623031256E-01
  6.2300000000E+00   3.2453370686E-01
  6.2400000000E+00   3.2379015510E-01
  6.2500000000E+00   3.2391637874E-01
  6.2600000000E+00   3.2483681072E-01
  6.2700000000E+00   3.2650133986E-01
  6.2800000000E+00   3.2889467606E-01
  6.2900000000E+00   3.3203687124E-01
  6.3000000000E+00   3.3597418481E-01
  6.3100000000E+00   3.4076208442E-01
  6.3200000000E+00   3.4644283456E-01
  6.3300000000E+00   3.5302068837E-01
  6.3400000000E+00   3.6043853144E-01
  6.3500000000E+00   3.6855981841E-01
  6.3600000000E+00   3.7715930557E-01
  6.3700000000E+00   3.8592425218E-01
  6.3800000000E+00   3.9446695335E-01
  6.3900000000E+00   4.0234875436E-01
  6.4000000000E+00   4.0911207469E-01
  6.4100000000E+00   4.1431866356E-01
  6.4200000000E+00   4.1758720478E-01
  6.4300000000E+00   4.1862900065E-01
  6.4400000000E+00   4.1727477748E-01
  6.4500000000E+00   4.1349097603E-01
  6.4600000000E+00   4.0738306748E-01
  6.4700000000E+00   3.9918634116E-01
  6.4800000000E+00   3.8924484235E-01
  6.4900000000E+00   3.7798210201E-01
  6.5000000000E+00   3.6586672464E-01
  6.5100000000E+00   3.5337635346E-01
  6.5200000000E+00   3.4096523631E-01
  6.5300000000E+00   3.2903539100E-01
  6.5400000000E+00   3.1791668058E-01
  6.5500000000E+00   3.0785393275E-01
  6.5600000000E+00   2.9900258903E-01
  6.5700000000E+00   2.9143186210E-01
  6.5800000000E+00   2.8513359576E-01
  6.5900000000E+00   2.8003591134E-01
  6.6000000000E+00   2.7601958741E-01
  6.6100000000E+00   2.7293556621E-01
  6.6200000000E+00   2.7062293916E-01
  6.6300000000E+00   2.6892557136E-01
  6.6400000000E+00   2.6770601442E-01
  6.6500000000E+00   2.6685731675E-01
  6.6600000000E+00   2.6631059906E-01
  6.6700000000E+00   2.6603936176E-01
  6.6800000000E+00   2.6606014642E-01
  6.6900000000E+00   2.6642928832E-01
  6.7000000000E+00   2.6723692387E-01
  6.7100000000E+00   2.6859828538E-01
  6.7200000000E+00   2.7064356461E-01
  6.7300000000E+00   2.7350593602E-01
  6.7400000000E+00   2.7730870521E-01
  6.7500000000E+00   2.8215297905E-01
  6.7600000000E+00   2.8810470618E-01
  6.7700000000E+00   2.9518331440E-01
  6.7800000000E+00   3.0335207457E-01
  6.7900000000E+00   3.1251133141E-01
  6.8000000000E+00   3.2249580787E-01
  6.8100000000E+00   3.3307577274E-01
  6.8200000000E+00   3.4396524217E-01
  6.8300000000E+00   3.5483510230E-01
  6.8400000000E+00   3.6533171316E-01
  6.8500000000E+00   3.7509975165E-01
  6.8600000000E+00   3.8380703763E-01
  6.8700000000E+00   3.9116942277E-01
  6.8800000000E+00   3.9697263033E-01
  6.8900000000E+00   4.0108895829E-01
  6.9000000000E+00   4.0348624985E-01
  6.9100000000E+00   4.0422880858E-01
  6.9200000000E+00   4.0346911774E-01
  6.9300000000E+00   4.0143247257E-01
  6.9400000000E+00   3.9839571440E-01
  6.9500000000E+00   3.9466291120E-01
  6.9600000000E+00   3.9054061044E-01
  6.9700000000E+00   3.8631563253E-01
  6.9800000000E+00   3.8223693436E-01
  6.9900000000E+00   3.7850283435E-01
  7.0000000000E+00   3.7525493488E-01
  7.0100000000E+00   3.7257666167E-01
  7.0200000000E+00   3.7049732665E-01
  7.0300000000E+00   3.6899847115E-01
  7.0400000000E+00   3.6802276189E-01
  7.0500000000E+00   3.6748308072E-01
  7.0600000000E+00   3.6727092435E-01
  7.0700000000E+00   3.6726357031E-01
  7.0800000000E+00   3.6732944646E-01
  7.0900000000E+00   3.6733152558E-01
  7.1000000000E+00   3.6712936245E-01
  7.1100000000E+00   3.6657908198E-01
  7.1200000000E+00   3.6553389193E-01
  7.1300000000E+00   3.6384469171E-01
  7.1400000000E+00   3.6136203659E-01
  7.1500000000E+00   3.5794083351E-01
  7.1600000000E+00   3.5344750033E-01
  7.1700000000E+00   3.4777093719E-01
  7.1800000000E+00   3.4083533191E-01
  7.1900000000E+00   3.3261463327E-01
  7.2000000000E+00   3.2314639692E-01
  7.2100000000E+00   3.1254282802E-01
  7.2200000000E+00   3.0099736589E-01
  7.2300000000E+00   2.8878479103E-01
  7.2400000000E+00   2.7625315342E-01
  7.2500000000E+00   2.6380907596E-01
  7.2600000000E+00   2.5189518190E-01
  7.2700000000E+00   2.4096277822E-01
  7.2800000000E+00   2.3144228875E-01
  7.2900000000E+00   2.2371248558E-01
  7.3000000000E+00   2.1807353770E-01
  7.3100000000E+00   2.1472497007E-01
  7.3200000000E+00   2.1374985134E-01
  7.3300000000E+00   2.1510838271E-01
  7.3400000000E+00   2.1863885858E-01
  7.3500000000E+00   2.2406783918E-01
  7.3600000000E+00   2.3102807292E-01
  7.3700000000E+00   2.3908257003E-01
  7.3800000000E+00   2.4775352505E-01
  7.3900000000E+00   2.5655453849E-01
  7.4000000000E+00   2.6502267021E-01
  7.4100000000E+00   2.7274924523E-01
  7.4200000000E+00   2.7940605921E-01
  7.4300000000E+00   2.8476426868E-01
  7.4400000000E+00   2.8870551606E-01
  7.4500000000E+00   2.9122384730E-01
  7.4600000000E+00   2.9241731979E-01
  7.4700000000E+00   2.9247184326E-01
  7.4800000000E+00   2.9163840925E-01
  7.4900000000E+00   2.9020697519E-01
  7.5000000000E+00   2.8847999252E-01
  7.5100000000E+00   2.8674889185E-01
  7.5200000000E+00   2.8527652896E-01
  7.5300000000E+00   2.8428640572E-01
  7.5400000000E+00   2.8396030870E-01
  7.5500000000E+00   2.8444222478E-01
  7.5600000000E+00   2.8584739293E-01
  7.5700000000E+00   2.8827407609E-01
  7.5800000000E+00   2.9181281555E-01
  7.5900000000E+00   2.9655314123E-01
  7.6000000000E+00   3.0258407281E-01
  7.6100000000E+00   3.0998685929E-01
  7.6200000000E+00   3.1882220364E-01
  7.6300000000E+00   3.2911198022E-01
  7.6400000000E+00   3.4081904949E-01
  7.6500000000E+00   3.5382797866E-01
  7.6600000000E+00   3.6793028884E-01
  7.6700000000E+00   3.8281790929E-01
  7.6800000000E+00   3.9808588499E-01
  7.6900000000E+00   4.1324601133E-01
  7.7000000000E+00   4.2775144829E-01
  7.7100000000E+00   4.4102936588E-01
  7.7200000000E+00   4.5251949416E-01
  7.7300000000E+00   4.6171459880E-01
  7.7400000000E+00   4.6819798795E-01
  7.7500000000E+00   4.7167516000E-01
  7.7600000000E+00   4.7199557080E-01
  7.7700000000E+00   4.6916159602E-01
  7.7800000000E+00   4.6332543937E-01
  7.7900000000E+00   4.5477323333E-01
  7.8000000000E+00   4.4389881061E-01
  7.8100000000E+00   4.3117064187E-01
  7.8200000000E+00   4.1709513449E-01
  7.8300000000E+00   4.0218079087E-01
  7.8400000000E+00   3.8690655340E-01
  7.8500000000E+00   3.7169707767E-01
  7.8600000000E+00   3.5690737857E-01
  7.8700000000E+00   3.4281614434E-01
  7.8800000000E+00   3.2962789774E-01
  7.8900000000E+00   3.1748171667E-01
  7.9000000000E+00   3.0646422541E-01
  7.9100000000E+00   2.9662397890E-01
  7.9200000000E+00   2.8798528063E-01
  7.9300000000E+00   2.8055810401E-01
  7.9400000000E+00   2.7434450903E-01
  7.9500000000E+00   2.6933953696E-01
  7.9600000000E+00   2.6552838211E-01
  7.9700000000E+00   2.6287913336E-01
  7.9800000000E+00   2.6133530898E-01
  7.9900000000E+00   2.6080725110E-01
  8.0000000000E+00   2.6116595022E-01
  8.0100000000E+00   2.6224040831E-01
  8.0200000000E+00   2.6381908127E-01
  8.0300000000E+00   2.6565684748E-01
  8.0400000000E+00   2.6748662279E-01
  8.0500000000E+00   2.6903446187E-01
  8.0600000000E+00   2.7003794588E-01
  8.0700000000E+00   2.7026457787E-01
  8.0800000000E+00   2.6952918037E-01
  8.0900000000E+00   2.6770768370E-01
  8.1000000000E+00   2.6474631468E-01
  8.1100000000E+00   2.6066418494E-01
  8.1200000000E+00   2.5555000764E-01
  8.1300000000E+00   2.4955277957E-01
  8.1400000000E+00   2.4286760055E-01
  8.1500000000E+00   2.3571813344E-01
  8.1600000000E+00   2.2833862448E-01
  8.1700000000E+00   2.2095544294E-01
  8.1800000000E+00   2.1377223874E-01
  8.1900000000E+00   2.0695737910E-01
  8.2000000000E+00   2.0063632812E-01
  8.2100000000E+00   1.9488862864E-01
  8.2200000000E+00   1.8974804241E-01
  8.2300000000E+00   1.8520742236E-01
  8.2400000000E+00   1.8122602264E-01
  8.2500000000E+00   1.7773968883E-01
  8.2600000000E+00   1.7467240319E-01
  8.2700000000E+00   1.7194927893E-01
  8.2800000000E+00   1.6951013600E-01
  8.2900000000E+00   1.6732166485E-01
  8.3000000000E+00   1.6538922124E-01
  8.3100000000E+00   1.6376419637E-01
  8.3200000000E+00   1.6254919769E-01
  8.3300000000E+00   1.6189740121E-01
  8.3400000000E+00   1.6200715534E-01
  8.3500000000E+00   1.6311135118E-01
  8.3600000000E+00   1.6546257159E-01
  8.3700000000E+00   1.6931430877E-01
  8.3800000000E+00   1.7490107171E-01
  8.3900000000E+00   1.8241690766E-01
  8.4000000000E+00   1.9199624380E-01
  8.4100000000E+00   2.0369658864E-01
  8.4200000000E+00   2.1748479658E-01
  8.4300000000E+00   2.3322841691E-01
  8.4400000000E+00   2.5069197705E-01
  8.4500000000E+00   2.6953926462E-01
  8.4600000000E+00   2.8934120961E-01
  8.4700000000E+00   3.0959098940E-01
  8.4800000000E+00   3.2972451012E-01
  8.4900000000E+00   3.4914651070E-01
  8.5000000000E+00   3.6726133539E-01
  8.5100000000E+00   3.8350518833E-01
  8.5200000000E+00   3.9737894059E-01
  8.5300000000E+00   4.0847731832E-01
  8.5400000000E+00   4.1651285622E-01
  8.5500000000E+00   4.2133091815E-01
  8.5600000000E+00   4.2291568621E-01
  8.5700000000E+00   4.2138511975E-01
  8.5800000000E+00   4.1697728497E-01
  8.5900000000E+00   4.1002854590E-01
  8.6000000000E+00   4.0094710107E-01
  8.6100000000E+00   3.9018508345E-01
  8.6200000000E+00   3.7821142160E-01
  8.6300000000E+00   3.6548827057E-01
  8.6400000000E+00   3.5245226548E-01
  8.6500000000E+00   3.3950077635E-01
  8.6600000000E+00   3.2698315579E-01
  8.6700000000E+00   3.1519510202E-01
  8.6800000000E+00   3.0437551140E-01
  8.6900000000E+00   2.9470431695E-01
  8.7000000000E+00   2.8630070687E-01
  8.7100000000E+00   2.7922201372E-01
  8.7200000000E+00   2.7346282599E-01
  8.7300000000E+00   2.6895605431E-01
  8.7400000000E+00   2.6557646401E-01
  8.7500000000E+00   2.6314726034E-01
  8.7600000000E+00   2.6145058318E-01
  8.7700000000E+00   2.6024125301E-01
  8.7800000000E+00   2.5926340735E-01
  8.7900000000E+00   2.5826848006E-01
  8.8000000000E+00   2.5703260983E-01
  8.8100000000E+00   2.5537272520E-01
  8.8200000000E+00   2.5315849177E-01
  8.8300000000E+00   2.5031970582E-01
  8.8400000000E+00   2.4684786530E-01
  8.8500000000E+00   2.4279182857E-01
  8.8600000000E+00   2.3824868773E-01
  8.8700000000E+00   2.3334995821E-01
  8.8800000000E+00   2.2824509546E-01
  8.8900000000E+00   2.2308488048E-01
  8.9000000000E+00   2.1800522066E-01
  8.9100000000E+00   2.1311458407E-01
  8.9200000000E+00   2.0848556135E-01
  8.9300000000E+00   2.0415147732E-01
  8.9400000000E+00   2.0010868226E-01
  8.9500000000E+00   1.9632433592E-01
  8.9600000000E+00   1.9274705336E-01
  8.9700000000E+00   1.8932063170E-01
  8.9800000000E+00   1.8599772336E-01
  8.9900000000E+00   1.8275250706E-01
  9.0000000000E+00   1.7958947999E-01
  9.0100000000E+00   1.7654874667E-01
  9.0200000000E+00   1.7370575455E-01
  9.0300000000E+00   1.7116667932E-01
  9.0400000000E+00   1.6905869389E-01
  9.0500000000E+00   1.6751771517E-01
  9.0600000000E+00   1.6667405540E-01
  9.0700000000E+00   1.6663845062E-01
  9.0800000000E+00   1.6748908667E-01
  9.0900000000E+00   1.6926221928E-01
  9.1000000000E+00   1.7194654455E-01
  9.1100000000E+00   1.7548263475E-01
  9.1200000000E+00   1.7976787991E-01
  9.1300000000E+00   1.8466541313E-01
  9.1400000000E+00   1.9001773654E-01
  9.1500000000E+00   1.9566191311E-01
  9.1600000000E+00   2.0144617905E-01
  9.1700000000E+00   2.0724506588E-01
  9.1800000000E+00   2.1297088323E-01
  9.1900000000E+00   2.1858043043E-01
  9.2000000000E+00   2.2407613855E-01
  9.2100000000E+00   2.2950039051E-01
  9.2200000000E+00   2.3492441223E-01
  9.2300000000E+00   2.4043356281E-01
  9.2400000000E+00   2.4611018914E-01
  9.2500000000E+00   2.5201783268E-01
  9.2600000000E+00   2.5818855623E-01
  9.2700000000E+00   2.6461574272E-01
  9.2800000000E+00   2.7125439205E-01
  9.2900000000E+00   2.7802768216E-01
  9.3000000000E+00   2.8483990220E-01
  9.3100000000E+00   2.9159387126E-01
  9.3200000000E+00   2.9820847556E-01
  9.3300000000E+00   3.0463574311E-01
  9.3400000000E+00   3.1087241404E-01
  9.3500000000E+00   3.1696461112E-01
  9.3600000000E+00   3.2300438877E-01
  9.3700000000E+00   3.2911839341E-01
  9.3800000000E+00   3.3544927855E-01
  9.3900000000E+00   3.4213327863E-01
  9.4000000000E+00   3.4927631765E-01
  9.4100000000E+00   3.5693283835E-01
  9.4200000000E+00   3.6509032805E-01
  9.4300000000E+00   3.7366148047E-01
  9.4400000000E+00   3.8248616852E-01
  9.4500000000E+00   3.9134215569E-01
  9.4600000000E+00   3.9996322302E-01
  9.4700000000E+00   4.0806231249E-01
  9.4800000000E+00   4.1535593201E-01
  9.4900000000E+00   4.2158675829E-01
  9.5000000000E+00   4.2654161260E-01
  9.5100000000E+00   4.3006304869E-01
  9.5200000000E+00   4.3205398032E-01
  9.5300000000E+00   4.3247559394E-01
  9.5400000000E+00   4.3134063424E-01
  9.5500000000E+00   4.2870405450E-01
  9.5600000000E+00   4.2465293744E-01
  9.5700000000E+00   4.1929699609E-01
  9.5800000000E+00   4.1276177419E-01
  9.5900000000E+00   4.0518455953E-01
  9.6000000000E+00   3.9671132695E-01
  9.6100000000E+00   3.8749593804E-01
  9.6200000000E+00   3.7769911883E-01
  9.6300000000E+00   3.6748686514E-01
  9.6400000000E+00   3.5702808737E-01
  9.6500000000E+00   3.4649090987E-01
  9.6600000000E+00   3.3603910396E-01
  9.6700000000E+00   3.2582802033E-01
  9.6800000000E+00   3.1600197805E-01
  9.6900000000E+00   3.0669316357E-01
  9.7000000000E+00   2.9802224850E-01
  9.7100000000E+00   2.9010070639E-01
  9.7200000000E+00   2.8303370963E-01
  9.7300000000E+00   2.7692311210E-01
  9.7400000000E+00   2.7186870109E-01
  9.7500000000E+00   2.6796733443E-01
  9.7600000000E+00   2.6530869874E-01
  9.7700000000E+00   2.6396791863E-01
  9.7800000000E+00   2.6399548276E-01
  9.7900000000E+00   2.6540609927E-01
  9.8000000000E+00   2.6816762754E-01
  9.8100000000E+00   2.7219314422E-01
  9.8200000000E+00   2.7733670826E-01
  9.8300000000E+00   2.8339549444E-01
  9.8400000000E+00   2.9011857983E-01
  9.8500000000E+00   2.9722218441E-01
  9.8600000000E+00   3.0440982140E-01
  9.8700000000E+00   3.1139550008E-01
  9.8800000000E+00   3.1792706762E-01
  9.8900000000E+00   3.2380658803E-01
  9.9000000000E+00   3.2890542989E-01
  9.9100000000E+00   3.3317087364E-01
  9.9200000000E+00   3.3662466472E-01
  9.9300000000E+00   3.3935281907E-01
  9.9400000000E+00   3.4148782085E-01
  9.9500000000E+00   3.4318682873E-01
  9.9600000000E+00   3.4460740067E-01
  9.9700000000E+00   3.4588522208E-01
  9.9800000000E+00   3.4711584380E-01
  9.9900000000E+00   3.4834280416E-01
  1.0000000000E+01   3.4955350262E-01
  1.0010000000E+01   3.5068278314E-01
  1.0020000000E+01   3.5162362167E-01
  1.0030000000E+01   3.5224225407E-01
  1.0040000000E+01   3.5239720750E-01
  1.0050000000E+01   3.5195741058E-01
  1.0060000000E+01   3.5081963513E-01
  1.0070000000E+01   3.4892112118E-01
  1.0080000000E+01   3.4624689823E-01
  1.0090000000E+01   3.4283100724E-01
  1.0100000000E+01   3.3875105807E-01
  1.0110000000E+01   3.3411833525E-01
  1.0120000000E+01   3.2906276431E-01
  1.0130000000E+01   3.2371721409E-01
  1.0140000000E+01   3.1820136436E-01
  1.0150000000E+01   3.1260895153E-01
  1.0160000000E+01   3.0699903600E-01
  1.0170000000E+01   3.0139337841E-01
  1.0180000000E+01   2.9577985798E-01
  1.0190000000E+01   2.9012103531E-01
  1.0200000000E+01   2.8436729759E-01
  1.0210000000E+01   2.7847093214E-01
  1.0220000000E+01   2.7240001648E-01
  1.0230000000E+01   2.6614889975E-01
  1.0240000000E+01   2.5974418971E-01
  1.0250000000E+01   2.5324503982E-01
  1.0260000000E+01   2.4673746656E-01
  1.0270000000E+01   2.4032510954E-01
  1.0280000000E+01   2.3411700752E-01
  1.0290000000E+01   2.2821565990E-01
  1.0300000000E+01   2.2270682846E-01
  1.0310000000E+01   2.1765314862E-01
  1.0320000000E+01   2.1309258040E-01
  1.0330000000E+01   2.0904096785E-01
  1.0340000000E+01   2.0549855799E-01
  1.0350000000E+01   2.0245795817E-01
  1.0360000000E+01   1.9991195154E-01
  1.0370000000E+01   1.9785947222E-01
  1.0380000000E+01   1.9630769277E-01
  1.0390000000E+01   1.9527015044E-01
  1.0400000000E+01   1.9476102596E-01
  1.0410000000E+01   1.9478563944E-01
  1.0420000000E+01   1.9533068923E-01
  1.0430000000E+01   1.9635459013E-01
  1.0440000000E+01   1.9778095559E-01
  1.0450000000E+01   1.9949665275E-01
  1.0460000000E+01   2.0135557425E-01
  1.0470000000E+01   2.0318836534E-01
  1.0480000000E+01   2.0481735272E-01
  1.0490000000E+01   2.0607472681E-01
  1.0500000000E+01   2.0682147960E-01
  1.0510000000E+01   2.0696499416E-01
  1.0520000000E+01   2.0647161898E-01
  1.0530000000E+01   2.0537227084E-01
  1.0540000000E+01   2.0376038929E-01
  1.0550000000E+01   2.0178080850E-01
  1.0560000000E+01   1.9961225748E-01
  1.0570000000E+01   1.9744431142E-01
  1.0580000000E+01   1.9545309171E-01
  1.0590000000E+01   1.9377817310E-01
  1.0600000000E+01   1.9250490266E-01
  1.0610000000E+01   1.9165337314E-01
  1.0620000000E+01   1.9117671293E-01
  1.0630000000E+01   1.9096815507E-01
  1.0640000000E+01   1.9087568314E-01
  1.0650000000E+01   1.9072182099E-01
  1.0660000000E+01   1.9032643276E-01
  1.0670000000E+01   1.8952818594E-01
  1.0680000000E+01   1.8820264965E-01
  1.0690000000E+01   1.8627455548E-01
  1.0700000000E+01   1.8372292867E-01
  1.0710000000E+01   1.8057901206E-01
  1.0720000000E+01   1.7691772144E-01
  1.0730000000E+01   1.7284412039E-01
  1.0740000000E+01   1.6847795918E-01
  1.0750000000E+01   1.6393756744E-01
  1.0760000000E+01   1.5932605843E-01
  1.0770000000E+01   1.5472148921E-01
  1.0780000000E+01   1.5017203385E-01
  1.0790000000E+01   1.4569647876E-01
  1.0800000000E+01   1.4128946890E-01
  1.0810000000E+01   1.3693075272E-01
  1.0820000000E+01   1.3259657574E-01
  1.0830000000E+01   1.2827103223E-01
  1.0840000000E+01   1.2395655547E-01
  1.0850000000E+01   1.1968108257E-01
  1.0860000000E+01   1.1550148702E-01
  1.0870000000E+01   1.1150253830E-01
  1.0880000000E+01   1.0779160387E-01
  1.0890000000E+01   1.0448967296E-01
  1.0900000000E+01   1.0171981034E-01
  1.0910000000E+01   9.9594489576E-02
  1.0920000000E+01   9.8202899308E-02
  1.0930000000E+01   9.7599836161E-02
  1.0940000000E+01   9.7797656413E-02
  1.0950000000E+01   9.8761297478E-02
  1.0960000000E+01   1.0040789589E-01
  1.0970000000E+01   1.0261065617E-01
  1.0980000000E+01   1.0520655381E-01
  1.0990000000E+01   1.0800768692E-01
  1.1000000000E+01   1.1081500146E-01
  1.1010000000E+01   1.1343291296E-01
  1.1020000000E+01   1.1568341202E-01
  1.1030000000E+01   1.1741937409E-01
  1.1040000000E+01   1.1853419952E-01
  1.1050000000E+01   1.1896782807E-01
  1.1060000000E+01   1.1870913876E-01
  1.1070000000E+01   1.1779396698E-01
  1.1080000000E+01   1.1629993441E-01
  1.1090000000E+01   1.1433830516E-01
  1.1100000000E+01   1.1204475708E-01
  1.1110000000E+01   1.0956921496E-01
  1.1120000000E+01   1.0706611753E-01
  1.1130000000E+01   1.0468549378E-01
  1.1140000000E+01   1.0256520981E-01
  1.1150000000E+01   1.0082468778E-01
  1.1160000000E+01   9.9559951414E-02
  1.1170000000E+01   9.8839907334E-02
  1.1180000000E+01   9.8703866071E-02
  1.1190000000E+01   9.9160674517E-02
  1.1200000000E+01   1.0018951248E-01
  1.1210000000E+01   1.0174224967E-01
  1.1220000000E+01   1.0374762801E-01
  1.1230000000E+01   1.0611734319E-01
  1.1240000000E+01   1.0875293519E-01
  1.1250000000E+01   1.1155354455E-01
  1.1260000000E+01   1.1442327276E-01
  1.1270000000E+01   1.1727731225E-01
  1.1280000000E+01   1.2004634677E-01
  1.1290000000E+01   1.2267893024E-01
  1.1300000000E+01   1.2514114087E-01
  1.1310000000E+01   1.2741407951E-01
  1.1320000000E+01   1.2949017588E-01
  1.1330000000E+01   1.3136819501E-01
  1.1340000000E+01   1.3304852271E-01
  1.1350000000E+01   1.3452887139E-01
  1.1360000000E+01   1.3580151141E-01
  1.1370000000E+01   1.3685222440E-01
  1.1380000000E+01   1.3766062774E-01
  1.1390000000E+01   1.3820274998E-01
  1.1400000000E+01   1.3845455878E-01
  1.1410000000E+01   1.3839650382E-01
  1.1420000000E+01   1.3801801684E-01
  1.1430000000E+01   1.3732208209E-01
  1.1440000000E+01   1.3632843544E-01
  1.1450000000E+01   1.3507546432E-01
  1.1460000000E+01   1.3361988412E-01
  1.1470000000E+01   1.3203449309E-01
  1.1480000000E+01   1.3040375444E-01
  1.1490000000E+01   1.2881741536E-01
  1.1500000000E+01   1.2736309303E-01
  1.1510000000E+01   1.2611823069E-01
  1.1520000000E+01   1.2514223951E-01
  1.1530000000E+01   1.2446997628E-01
  1.1540000000E+01   1.2410699578E-01
  1.1550000000E+01   1.2402742433E-01
  1.1560000000E+01   1.2417477114E-01
  1.1570000000E+01   1.2446546602E-01
  1.1580000000E+01   1.2479503358E-01
  1.1590000000E+01   1.2504676656E-01
  1.1600000000E+01   1.2510090993E-01
  1.1610000000E+01   1.2484497293E-01
  1.1620000000E+01   1.2418274954E-01
  1.1630000000E+01   1.2304206000E-01
  1.1640000000E+01   1.2137987410E-01
  1.1650000000E+01   1.1918518715E-01
  1.1660000000E+01   1.1647815492E-01
  1.1670000000E+01   1.1330787686E-01
  1.1680000000E+01   1.0974735093E-01
  1.1690000000E+01   1.0588764293E-01
  1.1700000000E+01   1.0183165304E-01
  1.1710000000E+01   9.7688092934E-02
  1.1720000000E+01   9.3566574764E-02
  1.1730000000E+01   8.9573943401E-02
  1.1740000000E+01   8.5811569051E-02
  1.1750000000E+01   8.2373596945E-02
  1.1760000000E+01   7.9346273659E-02
  1.1770000000E+01   7.6806832147E-02
  1.1780000000E+01   7.4822918991E-02
  1.1790000000E+01   7.3451109432E-02
  1.1800000000E+01   7.2735264289E-02
  1.1810000000E+01   7.2704345503E-02
  1.1820000000E+01   7.3369708482E-02
  1.1830000000E+01   7.4723017862E-02
  1.1840000000E+01   7.6733992662E-02
  1.1850000000E+01   7.9348983378E-02
  1.1860000000E+01   8.2491033525E-02
  1.1870000000E+01   8.6060772288E-02
  1.1880000000E+01   8.9939373845E-02
  1.1890000000E+01   9.3992875239E-02
  1.1900000000E+01   9.8078179591E-02
  1.1910000000E+01   1.0205030168E-01
  1.1920000000E+01   1.0577010971E-01
  1.1930000000E+01   1.0911292711E-01
  1.1940000000E+01   1.1197609732E-01
  1.1950000000E+01   1.1428589567E-01
  1.1960000000E+01   1.1600280053E-01
  1.1970000000E+01   1.1712446061E-01
  1.1980000000E+01   1.1768669972E-01
  1.1990000000E+01   1.1776169542E-01
  1.2000000000E+01   1.1745398969E-01
  1.2010000000E+01   1.1689394249E-01
  1.2020000000E+01   1.1622945905E-01
  1.2030000000E+01   1.1561648254E-01
  1.2040000000E+01   1.1520817777E-01
  1.2050000000E+01   1.1514416607E-01
  1.2060000000E+01   1.1554042774E-01
  1.2070000000E+01   1.1648033627E-01
  1.2080000000E+01   1.1800796424E-01
  1.2090000000E+01   1.2012422334E-01
  1.2100000000E+01   1.2278613175E-01
  1.2110000000E+01   1.2590969455E-01
  1.2120000000E+01   1.2937644606E-01
  1.2130000000E+01   1.3304267734E-01
  1.2140000000E+01   1.3675134724E-01
  1.2150000000E+01   1.4034474246E-01
  1.2160000000E+01   1.4367737219E-01
  1.2170000000E+01   1.4662752684E-01
  1.2180000000E+01   1.4910583807E-01
  1.2190000000E+01   1.5106068900E-01
  1.2200000000E+01   1.5247908438E-01
  1.2210000000E+01   1.5338354325E-01
  1.2220000000E+01   1.5382498532E-01
  1.2230000000E+01   1.5387296283E-01
  1.2240000000E+01   1.5360424124E-01
  1.2250000000E+01   1.5309147493E-01
  1.2260000000E+01   1.5239327309E-01
  1.2270000000E+01   1.5154720484E-01
  1.2280000000E+01   1.5056616296E-01
  1.2290000000E+01   1.4943894319E-01
  1.2300000000E+01   1.4813454378E-01
  1.2310000000E+01   1.4660901485E-01
  1.2320000000E+01   1.4481488432E-01
  1.2330000000E+01   1.4271036653E-01
  1.2340000000E+01   1.4026858913E-01
  1.2350000000E+01   1.3748399268E-01
  1.2360000000E+01   1.3437666396E-01
  1.2370000000E+01   1.3099308523E-01
  1.2380000000E+01   1.2740370416E-01
  1.2390000000E+01   1.2369771397E-01
  1.2400000000E+01   1.1997635165E-01
  1.2410000000E+01   1.1634449931E-01
  1.2420000000E+01   1.1290294785E-01
  1.2430000000E+01   1.0974158536E-01
  1.2440000000E+01   1.0693426950E-01
  1.2450000000E+01   1.0453631201E-01
  1.2460000000E+01   1.0258452113E-01
  1.2470000000E+01   1.0109924965E-01
  1.2480000000E+01   1.0008846331E-01
  1.2490000000E+01   9.9552648298E-02
  1.2500000000E+01   9.9489665956E-02
  1.2510000000E+01   9.9899072993E-02
  1.2520000000E+01   1.0078441988E-01
  1.2530000000E+01   1.0215370945E-01
  1.2540000000E+01   1.0401736467E-01
  1.2550000000E+01   1.0638438387E-01
  1.2560000000E+01   1.0925689053E-01
  1.2570000000E+01   1.1262410749E-01
  1.2580000000E+01   1.1645689626E-01
  1.2590000000E+01   1.2070312710E-01
  1.2600000000E+01   1.2528588932E-01
  1.2610000000E+01   1.3010372897E-01
  1.2620000000E+01   1.3503404672E-01
  1.2630000000E+01   1.3993882563E-01
  1.2640000000E+01   1.4467261334E-01
  1.2650000000E+01   1.4909129799E-01
  1.2660000000E+01   1.5306146165E-01
  1.2670000000E+01   1.5646891487E-01
  1.2680000000E+01   1.5922573011E-01
  1.2690000000E+01   1.6127527484E-01
  1.2700000000E+01   1.6259441985E-01
  1.2710000000E+01   1.6319368933E-01
  1.2720000000E+01   1.6311474667E-01
  1.2730000000E+01   1.6242641570E-01
  1.2740000000E+01   1.6121905896E-01
  1.2750000000E+01   1.5959829026E-01
  1.2760000000E+01   1.5767885990E-01
  1.2770000000E+01   1.5557846220E-01
  1.2780000000E+01   1.5341222002E-01
  1.2790000000E+01   1.5128745439E-01
  1.2800000000E+01   1.4929911117E-01
  1.2810000000E+01   1.4752546075E-01
  1.2820000000E+01   1.4602424513E-01
  1.2830000000E+01   1.4482934690E-01
  1.2840000000E+01   1.4394819512E-01
  1.2850000000E+01   1.4336105641E-01
  1.2860000000E+01   1.4302208352E-01
  1.2870000000E+01   1.4286315635E-01
  1.2880000000E+01   1.4280093566E-01
  1.2890000000E+01   1.4274661257E-01
  1.2900000000E+01   1.4261802066E-01
  1.2910000000E+01   1.4235278129E-01
  1.2920000000E+01   1.4192094337E-01
  1.2930000000E+01   1.4133464633E-01
  1.2940000000E+01   1.4065368981E-01
  1.2950000000E+01   1.3998512550E-01
  1.2960000000E+01   1.3947564411E-01
  1.2970000000E+01   1.3929802609E-01
  1.2980000000E+01   1.3963185794E-01
  1.2990000000E+01   1.4064141857E-01
  1.3000000000E+01   1.4245271721E-01
  1.3010000000E+01   1.4513402900E-01
  1.3020000000E+01   1.4868169466E-01
  1.3030000000E+01   1.5301381026E-01
  1.3040000000E+01   1.5797355165E-01
  1.3050000000E+01   1.6334108515E-01
  1.3060000000E+01   1.6885422018E-01
  1.3070000000E+01   1.7423431287E-01
  1.3080000000E+01   1.7921485216E-01
  1.3090000000E+01   1.8356897489E-01
  1.3100000000E+01   1.8713310030E-01
  1.3110000000E+01   1.8982337194E-01
  1.3120000000E+01   1.9164299764E-01
  1.3130000000E+01   1.9268014200E-01
  1.3140000000E+01   1.9309616697E-01
  1.3150000000E+01   1.9310652064E-01
  1.3160000000E+01   1.9295609272E-01
  1.3170000000E+01   1.9289233758E-01
  1.3180000000E+01   1.9313946627E-01
  1.3190000000E+01   1.9387653861E-01
  1.3200000000E+01   1.9522140459E-01
  1.3210000000E+01   1.9722275605E-01
  1.3220000000E+01   1.9985951305E-01
  1.3230000000E+01   2.0304780339E-01
  1.3240000000E+01   2.0665376683E-01
  1.3250000000E+01   2.1050958977E-01
  1.3260000000E+01   2.1443140118E-01
  1.3270000000E+01   2.1823570521E-01
  1.3280000000E+01   2.2175403618E-01
  1.3290000000E+01   2.2484282946E-01
  1.3300000000E+01   2.2739025108E-01
  1.3310000000E+01   2.2931818025E-01
  1.3320000000E+01   2.3058104234E-01
  1.3330000000E+01   2.3116332120E-01
  1.3340000000E+01   2.3107500358E-01
  1.3350000000E+01   2.3034759174E-01
  1.3360000000E+01   2.2903095225E-01
  1.3370000000E+01   2.2719123775E-01
  1.3380000000E+01   2.2491025241E-01
  1.3390000000E+01   2.2228522895E-01
  1.3400000000E+01   2.1942861239E-01
  1.3410000000E+01   2.1646716381E-01
  1.3420000000E+01   2.1353940374E-01
  1.3430000000E+01   2.1079024728E-01
  1.3440000000E+01   2.0836405813E-01
  1.3450000000E+01   2.0639540979E-01
  1.3460000000E+01   2.0499873675E-01
  1.3470000000E+01   2.0425912448E-01
  1.3480000000E+01   2.0422423030E-01
  1.3490000000E+01   2.0490060314E-01
  1.3500000000E+01   2.0625395358E-01
  1.3510000000E+01   2.0821448931E-01
  1.3520000000E+01   2.1068652505E-01
  1.3530000000E+01   2.1356121030E-01
  1.3540000000E+01   2.1673040310E-01
  1.3550000000E+01   2.2009964803E-01
  1.3560000000E+01   2.2359826198E-01
  1.3570000000E+01   2.2718506254E-01
  1.3580000000E+01   2.3084928511E-01
  1.3590000000E+01   2.3460651611E-01
  1.3600000000E+01   2.3849093076E-01
  1.3610000000E+01   2.4254518338E-01
  1.3620000000E+01   2.4680939277E-01
  1.3630000000E+01   2.5131147159E-01
  1.3640000000E+01   2.5605879635E-01
  1.3650000000E+01   2.6103331451E-01
  1.3660000000E+01   2.6618894023E-01
  1.3670000000E+01   2.7145178798E-01
  1.3680000000E+01   2.7672280051E-01
  1.3690000000E+01   2.8188156703E-01
  1.3700000000E+01   2.8679192631E-01
  1.3710000000E+01   2.9130782140E-01
  1.3720000000E+01   2.9528088380E-01
  1.3730000000E+01   2.9856707309E-01
  1.3740000000E+01   3.0103513257E-01
  1.3750000000E+01   3.0257402647E-01
  1.3760000000E+01   3.0310014919E-01
  1.3770000000E+01   3.0256365586E-01
  1.3780000000E+01   3.0095286959E-01
  1.3790000000E+01   2.9829668318E-01
  1.3800000000E+01   2.9466461187E-01
  1.3810000000E+01   2.9016343987E-01
  1.3820000000E+01   2.8493217133E-01
  1.3830000000E+01   2.7913359726E-01
  1.3840000000E+01   2.7294461043E-01
  1.3850000000E+01   2.6654544585E-01
  1.3860000000E+01   2.6010892081E-01
  1.3870000000E+01   2.5379052079E-01
  1.3880000000E+01   2.4772096672E-01
  1.3890000000E+01   2.4200185333E-01
  1.3900000000E+01   2.3670419600E-01
  1.3910000000E+01   2.3187201576E-01
  1.3920000000E+01   2.2752789336E-01
  1.3930000000E+01   2.2368177105E-01
  1.3940000000E+01   2.2034053575E-01
  1.3950000000E+01   2.1751628619E-01
  1.3960000000E+01   2.1523295502E-01
  1.3970000000E+01   2.1352860680E-01
  1.3980000000E+01   2.1245331980E-01
  1.3990000000E+01   2.1206251568E-01
  1.4000000000E+01   2.1240657524E-01
  1.4010000000E+01   2.1351792902E-01
  1.4020000000E+01   2.1539887050E-01
  1.4030000000E+01   2.1801138631E-01
  1.4040000000E+01   2.2127125099E-01
  1.4050000000E+01   2.2504842694E-01
  1.4060000000E+01   2.2917434803E-01
  1.4070000000E+01   2.3345533022E-01
  1.4080000000E+01   2.3769105531E-01
  1.4090000000E+01   2.4169499501E-01
  1.4100000000E+01   2.4531489205E-01
  1.4110000000E+01   2.4844969989E-01
  1.4120000000E+01   2.5106026489E-01
  1.4130000000E+01   2.5317124961E-01
  1.4140000000E+01   2.5486512036E-01
  1.4150000000E+01   2.5626718310E-01
  1.4160000000E+01   2.5752410498E-01
  1.4170000000E+01   2.5877898221E-01
  1.4180000000E+01   2.6014649501E-01
  1.4190000000E+01   2.6169130577E-01
  1.4200000000E+01   2.6341363217E-01
  1.4210000000E+01   2.6524368595E-01
  1.4220000000E+01   2.6704644428E-01
  1.4230000000E+01   2.6863694659E-01
  1.4240000000E+01   2.6980260994E-01
  1.4250000000E+01   2.7033136474E-01
  1.4260000000E+01   2.7004100340E-01
  1.4270000000E+01   2.6880592208E-01
  1.4280000000E+01   2.6657814939E-01
  1.4290000000E+01   2.6339907926E-01
  1.4300000000E+01   2.5940153909E-01
  1.4310000000E+01   2.5480125834E-01
  1.4320000000E+01   2.4987831902E-01
  1.4330000000E+01   2.4495290038E-01
  1.4340000000E+01   2.4035596071E-01
  1.4350000000E+01   2.3639938969E-01
  1.4360000000E+01   2.3334925991E-01
  1.4370000000E+01   2.3140372321E-01
  1.4380000000E+01   2.3067855173E-01
  1.4390000000E+01   2.3120066210E-01
  1.4400000000E+01   2.3291004841E-01
  1.4410000000E+01   2.3566935170E-01
  1.4420000000E+01   2.3927951108E-01
  1.4430000000E+01   2.4349959352E-01
  1.4440000000E+01   2.4806887138E-01
  1.4450000000E+01   2.5272937076E-01
  1.4460000000E+01   2.5724676693E-01
  1.4470000000E+01   2.6142835839E-01
  1.4480000000E+01   2.6513722774E-01
  1.4490000000E+01   2.6830116115E-01
  1.4500000000E+01   2.7091643310E-01
  1.4510000000E+01   2.7304581197E-01
  1.4520000000E+01   2.7481102565E-01
  1.4530000000E+01   2.7638051745E-01
  1.4540000000E+01   2.7795209563E-01
  1.4550000000E+01   2.7973282589E-01
  1.4560000000E+01   2.8191762007E-01
  1.4570000000E+01   2.8466709243E-01
  1.4580000000E+01   2.8808854787E-01
  1.4590000000E+01   2.9222057491E-01
  1.4600000000E+01   2.9702341230E-01
  1.4610000000E+01   3.0237674652E-01
  1.4620000000E+01   3.0808477260E-01
  1.4630000000E+01   3.1388889930E-01
  1.4640000000E+01   3.1948711760E-01
  1.4650000000E+01   3.2455753994E-01
  1.4660000000E+01   3.2878516641E-01
  1.4670000000E+01   3.3188836284E-01
  1.4680000000E+01   3.3364262863E-01
  1.4690000000E+01   3.3389888937E-01
  1.4700000000E+01   3.3259582128E-01
  1.4710000000E+01   3.2976295812E-01
  1.4720000000E+01   3.2551596046E-01
  1.4730000000E+01   3.2004491063E-01
  1.4740000000E+01   3.1359518483E-01
  1.4750000000E+01   3.0644623574E-01
  1.4760000000E+01   2.9888782540E-01
  1.4770000000E+01   2.9119880069E-01
  1.4780000000E+01   2.8362839573E-01
  1.4790000000E+01   2.7638327562E-01
  1.4800000000E+01   2.6962029260E-01
  1.4810000000E+01   2.6344506437E-01
  1.4820000000E+01   2.5791530602E-01
  1.4830000000E+01   2.5304845001E-01
  1.4840000000E+01   2.4883133374E-01
  1.4850000000E+01   2.4523046790E-01
  1.4860000000E+01   2.4220212785E-01
  1.4870000000E+01   2.3970079888E-01
  1.4880000000E+01   2.3768555349E-01
  1.4890000000E+01   2.3612417714E-01
  1.4900000000E+01   2.3499467572E-01
  1.4910000000E+01   2.3428464046E-01
  1.4920000000E+01   2.3398899076E-01
  1.4930000000E+01   2.3410565028E-01
  1.4940000000E+01   2.3462975319E-01
  1.4950000000E+01   2.3554798647E-01
  1.4960000000E+01   2.3683229047E-01
  1.4970000000E+01   2.3843470118E-01
  1.4980000000E+01   2.4028387527E-01
  1.4990000000E+01   2.4228395144E-01
  1.5000000000E+01   2.4431658491E-01
  1.5010000000E+01   2.4624608062E-01
  1.5020000000E+01   2.4792706848E-01
  1.5030000000E+01   2.4921502760E-01
  1.5040000000E+01   2.4997672010E-01
  1.5050000000E+01   2.5010139216E-01
  1.5060000000E+01   2.4950979004E-01
  1.5070000000E+01   2.4816063593E-01
  1.5080000000E+01   2.4605393093E-01
  1.5090000000E+01   2.4323089297E-01
  1.5100000000E+01   2.3977047406E-01
  1.5110000000E+01   2.3578387557E-01
  1.5120000000E+01   2.3140655543E-01
  1.5130000000E+01   2.2679032870E-01
  1.5140000000E+01   2.2209467630E-01
  1.5150000000E+01   2.1747898881E-01
  1.5160000000E+01   2.1309546361E-01
  1.5170000000E+01   2.0908292604E-01
  1.5180000000E+01   2.0556222202E-01
  1.5190000000E+01   2.0263213083E-01
  1.5200000000E+01   2.0036720928E-01
  1.5210000000E+01   1.9881615985E-01
  1.5220000000E+01   1.9800203925E-01
  1.5230000000E+01   1.9792364720E-01
  1.5240000000E+01   1.9855752898E-01
  1.5250000000E+01   1.9986122445E-01
  1.5260000000E+01   2.0177625005E-01
  1.5270000000E+01   2.0423181693E-01
  1.5280000000E+01   2.0714683502E-01
  1.5290000000E+01   2.1043193832E-01
  1.5300000000E+01   2.1399042642E-01
  1.5310000000E+01   2.1771914949E-01
  1.5320000000E+01   2.2150876905E-01
  1.5330000000E+01   2.2524582174E-01
  1.5340000000E+01   2.2881520747E-01
  1.5350000000E+01   2.3210492408E-01
  1.5360000000E+01   2.3501234447E-01
  1.5370000000E+01   2.3745180835E-01
  1.5380000000E+01   2.3936246918E-01
  1.5390000000E+01   2.4071511941E-01
  1.5400000000E+01   2.4151740558E-01
  1.5410000000E+01   2.4181560664E-01
  1.5420000000E+01   2.4169112990E-01
  1.5430000000E+01   2.4125476706E-01
  1.5440000000E+01   2.4063551713E-01
  1.5450000000E+01   2.3996684635E-01
  1.5460000000E+01   2.3937218660E-01
  1.5470000000E+01   2.3895087930E-01
  1.5480000000E+01   2.3876723056E-01
  1.5490000000E+01   2.3884354319E-01
  1.5500000000E+01   2.3915902861E-01
  1.5510000000E+01   2.3965460538E-01
  1.5520000000E+01   2.4024308963E-01
  1.5530000000E+01   2.4082374797E-01
  1.5540000000E+01   2.4129911704E-01
  1.5550000000E+01   2.4159156272E-01
  1.5560000000E+01   2.4165767664E-01
  1.5570000000E+01   2.4149808221E-01
  1.5580000000E+01   2.4116141628E-01
  1.5590000000E+01   2.4074135880E-01
  1.5600000000E+01   2.4036736365E-01
  1.5610000000E+01   2.4018972826E-01
  1.5620000000E+01   2.4036152138E-01
  1.5630000000E+01   2.4101890329E-01
  1.5640000000E+01   2.4226329052E-01
  1.5650000000E+01   2.4414685123E-01
  1.5660000000E+01   2.4666396995E-01
  1.5670000000E+01   2.4974878080E-01
  1.5680000000E+01   2.5327994624E-01
  1.5690000000E+01   2.5709076443E-01
  1.5700000000E+01   2.6098420137E-01
  1.5710000000E+01   2.6475035213E-01
  1.5720000000E+01   2.6818368298E-01
  1.5730000000E+01   2.7109957290E-01
  1.5740000000E+01   2.7334689255E-01
  1.5750000000E+01   2.7481662626E-01
  1.5760000000E+01   2.7544602840E-01
  1.5770000000E+01   2.7521773789E-01
  1.5780000000E+01   2.7415559163E-01
  1.5790000000E+01   2.7231705041E-01
  1.5800000000E+01   2.6978396946E-01
  1.5810000000E+01   2.6665315209E-01
  1.5820000000E+01   2.6302673210E-01
  1.5830000000E+01   2.5900472385E-01
  1.5840000000E+01   2.5467973562E-01
  1.5850000000E+01   2.5013420454E-01
  1.5860000000E+01   2.4544031348E-01
  1.5870000000E+01   2.4066244866E-01
  1.5880000000E+01   2.3586081675E-01
  1.5890000000E+01   2.3109550925E-01
  1.5900000000E+01   2.2642955245E-01
  1.5910000000E+01   2.2193066436E-01
  1.5920000000E+01   2.1766911108E-01
  1.5930000000E+01   2.1371386279E-01
  1.5940000000E+01   2.1012530500E-01
  1.5950000000E+01   2.0694719640E-01
  1.5960000000E+01   2.0419868826E-01
  1.5970000000E+01   2.0186869477E-01
  1.5980000000E+01   1.9991336616E-01
  1.5990000000E+01   1.9825901198E-01
  1.6000000000E+01   1.9680989791E-01
  1.6010000000E+01   1.9546042630E-01
  1.6020000000E+01   1.9411042667E-01
  1.6030000000E+01   1.9268072485E-01
  1.6040000000E+01   1.9112722408E-01
  1.6050000000E+01   1.8944995650E-01
  1.6060000000E+01   1.8769672609E-01
  1.6070000000E+01   1.8595870430E-01
  1.6080000000E+01   1.8436061797E-01
  1.6090000000E+01   1.8304495656E-01
  1.6100000000E+01   1.8215376749E-01
  1.6110000000E+01   1.8181016358E-01
  1.6120000000E+01   1.8210294783E-01
  1.6130000000E+01   1.8307623845E-01
  1.6140000000E+01   1.8472534190E-01
  1.6150000000E+01   1.8699917767E-01
  1.6160000000E+01   1.8980851349E-01
  1.6170000000E+01   1.9303851735E-01
  1.6180000000E+01   1.9656238460E-01
  1.6190000000E+01   2.0025429746E-01
  1.6200000000E+01   2.0400006320E-01
  1.6210000000E+01   2.0770330050E-01
  1.6220000000E+01   2.1128728645E-01
  1.6230000000E+01   2.1469258668E-01
  1.6240000000E+01   2.1787161940E-01
  1.6250000000E+01   2.2078206227E-01
  1.6260000000E+01   2.2338050175E-01
  1.6270000000E+01   2.2561778147E-01
  1.6280000000E+01   2.2743783460E-01
  1.6290000000E+01   2.2877852865E-01
  1.6300000000E+01   2.2957662039E-01
  1.6310000000E+01   2.2977424421E-01
  1.6320000000E+01   2.2932703858E-01
  1.6330000000E+01   2.2821195149E-01
  1.6340000000E+01   2.2643424694E-01
  1.6350000000E+01   2.2403230849E-01
  1.6360000000E+01   2.2108061070E-01
  1.6370000000E+01   2.1768964569E-01
  1.6380000000E+01   2.1400354774E-01
  1.6390000000E+01   2.1019566989E-01
  1.6400000000E+01   2.0646205672E-01
  1.6410000000E+01   2.0301374041E-01
  1.6420000000E+01   2.0006760522E-01
  1.6430000000E+01   1.9783650433E-01
  1.6440000000E+01   1.9651948030E-01
  1.6450000000E+01   1.9629096780E-01
  1.6460000000E+01   1.9729120312E-01
  1.6470000000E+01   1.9961686069E-01
  1.6480000000E+01   2.0331286343E-01
  1.6490000000E+01   2.0836641667E-01
  1.6500000000E+01   2.1470296479E-01
  1.6510000000E+01   2.2218499147E-01
  1.6520000000E+01   2.3061460434E-01
  1.6530000000E+01   2.3973949266E-01
  1.6540000000E+01   2.4926319247E-01
  1.6550000000E+01   2.5885873703E-01
  1.6560000000E+01   2.6818575731E-01
  1.6570000000E+01   2.7690993199E-01
  1.6580000000E+01   2.8472257948E-01
  1.6590000000E+01   2.9135922200E-01
  1.6600000000E+01   2.9661531690E-01
  1.6610000000E+01   3.0035699149E-01
  1.6620000000E+01   3.0252557969E-01
  1.6630000000E+01   3.0313600142E-01
  1.6640000000E+01   3.0226883628E-01
  1.6650000000E+01   3.0005752419E-01
  1.6660000000E+01   2.9667287581E-01
  1.6670000000E+01   2.9230649980E-01
  1.6680000000E+01   2.8715634157E-01
  1.6690000000E+01   2.8141510144E-01
  1.6700000000E+01   2.7526336826E-01
  1.6710000000E+01   2.6886704525E-01
  1.6720000000E+01   2.6237858955E-01
  1.6730000000E+01   2.5594077842E-01
  1.6740000000E+01   2.4969037016E-01
  1.6750000000E+01   2.4376139172E-01
  1.6760000000E+01   2.3828534363E-01
  1.6770000000E+01   2.3338848630E-01
  1.6780000000E+01   2.2918598556E-01
  1.6790000000E+01   2.2577360688E-01
  1.6800000000E+01   2.2321844863E-01
  1.6810000000E+01   2.2155027286E-01
  1.6820000000E+01   2.2075515598E-01
  1.6830000000E+01   2.2077243398E-01
  1.6840000000E+01   2.2149584025E-01
  1.6850000000E+01   2.2277935725E-01
  1.6860000000E+01   2.2444658273E-01
  1.6870000000E+01   2.2630352329E-01
  1.6880000000E+01   2.2815303382E-01
  1.6890000000E+01   2.2980953300E-01
  1.6900000000E+01   2.3111269627E-01
  1.6910000000E+01   2.3193898070E-01
  1.6920000000E+01   2.3220950283E-01
  1.6930000000E+01   2.3189448059E-01
  1.6940000000E+01   2.3101316977E-01
  1.6950000000E+01   2.2963000879E-01
  1.6960000000E+01   2.2784631435E-01
  1.6970000000E+01   2.2578988044E-01
  1.6980000000E+01   2.2360146317E-01
  1.6990000000E+01   2.2142089806E-01
  1.7000000000E+01   2.1937286149E-01
  1.7010000000E+01   2.1755550511E-01
  1.7020000000E+01   2.1603082694E-01
  1.7030000000E+01   2.1482000477E-01
  1.7040000000E+01   2.1390305714E-01
  1.7050000000E+01   2.1322387013E-01
  1.7060000000E+01   2.1269941885E-01
  1.7070000000E+01   2.1223257699E-01
  1.7080000000E+01   2.1172639113E-01
  1.7090000000E+01   2.1109947943E-01
  1.7100000000E+01   2.1029799015E-01
  1.7110000000E+01   2.0930487475E-01
  1.7120000000E+01   2.0814385543E-01
  1.7130000000E+01   2.0687789784E-01
  1.7140000000E+01   2.0560203862E-01
  1.7150000000E+01   2.0443263427E-01
  1.7160000000E+01   2.0349266059E-01
  1.7170000000E+01   2.0289765422E-01
  1.7180000000E+01   2.0274162188E-01
  1.7190000000E+01   2.0308649534E-01
  1.7200000000E+01   2.0395578910E-01
  1.7210000000E+01   2.0533233439E-01
  1.7220000000E+01   2.0716096664E-01
  1.7230000000E+01   2.0935485029E-01
  1.7240000000E+01   2.1180404279E-01
  1.7250000000E+01   2.1438513814E-01
  1.7260000000E+01   2.1697141278E-01
  1.7270000000E+01   2.1944141572E-01
  1.7280000000E+01   2.2168631799E-01
  1.7290000000E+01   2.2361613595E-01
  1.7300000000E+01   2.2516411962E-01
  1.7310000000E+01   2.2629016565E-01
  1.7320000000E+01   2.2698297089E-01
  1.7330000000E+01   2.2726167181E-01
  1.7340000000E+01   2.2717588213E-01
  1.7350000000E+01   2.2680365027E-01
  1.7360000000E+01   2.2624821293E-01
  1.7370000000E+01   2.2563137980E-01
  1.7380000000E+01   2.2508508577E-01
  1.7390000000E+01   2.2474125468E-01
  1.7400000000E+01   2.2472050634E-01
  1.7410000000E+01   2.2512208043E-01
  1.7420000000E+01   2.2601528918E-01
  1.7430000000E+01   2.2743484547E-01
  1.7440000000E+01   2.2938046770E-01
  1.7450000000E+01   2.3182056282E-01
  1.7460000000E+01   2.3470067704E-01
  1.7470000000E+01   2.3795356223E-01
  1.7480000000E+01   2.4151076283E-01
  1.7490000000E+01   2.4531254983E-01
  1.7500000000E+01   2.4931444709E-01
  1.7510000000E+01   2.5348951805E-01
  1.7520000000E+01   2.5782571379E-01
  1.7530000000E+01   2.6231875839E-01
  1.7540000000E+01   2.6696194360E-01
  1.7550000000E+01   2.7173535830E-01
  1.7560000000E+01   2.7659662777E-01
  1.7570000000E+01   2.8147491985E-01
  1.7580000000E+01   2.8627027928E-01
  1.7590000000E+01   2.9085822063E-01
  1.7600000000E+01   2.9509911700E-01
  1.7610000000E+01   2.9885098679E-01
  1.7620000000E+01   3.0198362966E-01
  1.7630000000E+01   3.0439164966E-01
  1.7640000000E+01   3.0600411573E-01
  1.7650000000E+01   3.0679059014E-01
  1.7660000000E+01   3.0676136746E-01
  1.7670000000E+01   3.0596326921E-01
  1.7680000000E+01   3.0447207721E-01
  1.7690000000E+01   3.0238235904E-01
  1.7700000000E+01   2.9979701044E-01
  1.7710000000E+01   2.9681765203E-01
  1.7720000000E+01   2.9353721381E-01
  1.7730000000E+01   2.9003500283E-01
  1.7740000000E+01   2.8637476754E-01
  1.7750000000E+01   2.8260548413E-01
  1.7760000000E+01   2.7876392240E-01
  1.7770000000E+01   2.7487872150E-01
  1.7780000000E+01   2.7097491788E-01
  1.7790000000E+01   2.6707896702E-01
  1.7800000000E+01   2.6322219099E-01
  1.7810000000E+01   2.5944403112E-01
  1.7820000000E+01   2.5579326143E-01
  1.7830000000E+01   2.5232704461E-01
  1.7840000000E+01   2.4910842763E-01
  1.7850000000E+01   2.4620117680E-01
  1.7860000000E+01   2.4366369857E-01
  1.7870000000E+01   2.4154165563E-01
  1.7880000000E+01   2.3986068935E-01
  1.7890000000E+01   2.3862112688E-01
  1.7900000000E+01   2.3779578498E-01
  1.7910000000E+01   2.3733050138E-01
  1.7920000000E+01   2.3715015575E-01
  1.7930000000E+01   2.3716807314E-01
  1.7940000000E+01   2.3729905837E-01
  1.7950000000E+01   2.3747306314E-01
  1.7960000000E+01   2.3764891868E-01
  1.7970000000E+01   2.3782475846E-01
  1.7980000000E+01   2.3804346299E-01
  1.7990000000E+01   2.3839173264E-01
  1.8000000000E+01   2.3899299646E-01
  1.8010000000E+01   2.3999388880E-01
  1.8020000000E+01   2.4154666084E-01
  1.8030000000E+01   2.4378987222E-01
  1.8040000000E+01   2.4682921856E-01
  1.8050000000E+01   2.5072178132E-01
  1.8060000000E+01   2.5546545494E-01
  1.8070000000E+01   2.6099547892E-01
  1.8080000000E+01   2.6718683363E-01
  1.8090000000E+01   2.7386370314E-01
  1.8100000000E+01   2.8081403688E-01
  1.8110000000E+01   2.8780613102E-01
  1.8120000000E+01   2.9460742248E-01
  1.8130000000E+01   3.0100121618E-01
  1.8140000000E+01   3.0680072556E-01
  1.8150000000E+01   3.1185933014E-01
  1.8160000000E+01   3.1607564988E-01
  1.8170000000E+01   3.1939458979E-01
  1.8180000000E+01   3.2180367034E-01
  1.8190000000E+01   3.2332665631E-01
  1.8200000000E+01   3.2401454035E-01
  1.8210000000E+01   3.2393635496E-01
  1.8220000000E+01   3.2316998374E-01
  1.8230000000E+01   3.2179451582E-01
  1.8240000000E+01   3.1988436174E-01
  1.8250000000E+01   3.1750647708E-01
  1.8260000000E+01   3.1471969554E-01
  1.8270000000E+01   3.1157652735E-01
  1.8280000000E+01   3.0812613957E-01
  1.8290000000E+01   3.0441828899E-01
  1.8300000000E+01   3.0050648918E-01
  1.8310000000E+01   2.9644971015E-01
  1.8320000000E+01   2.9231229723E-01
  1.8330000000E+01   2.8816090078E-01
  1.8340000000E+01   2.8405998161E-01
  1.8350000000E+01   2.8006525246E-01
  1.8360000000E+01   2.7621773753E-01
  1.8370000000E+01   2.7253796361E-01
  1.8380000000E+01   2.6902321947E-01
  1.8390000000E+01   2.6564827497E-01
  1.8400000000E+01   2.6236887232E-01
  1.8410000000E+01   2.5912871993E-01
  1.8420000000E+01   2.5586861018E-01
  1.8430000000E+01   2.5253576423E-01
  1.8440000000E+01   2.4909254225E-01
  1.8450000000E+01   2.4552199296E-01
  1.8460000000E+01   2.4183050572E-01
  1.8470000000E+01   2.3804618796E-01
  1.8480000000E+01   2.3421394263E-01
  1.8490000000E+01   2.3038823484E-01
  1.8500000000E+01   2.2662502352E-01
  1.8510000000E+01   2.2297392934E-01
  1.8520000000E+01   2.1947289600E-01
  1.8530000000E+01   2.1614514998E-01
  1.8540000000E+01   2.1299953532E-01
  1.8550000000E+01   2.1003368340E-01
  1.8560000000E+01   2.0723857741E-01
  1.8570000000E+01   2.0460466890E-01
  1.8580000000E+01   2.0212622520E-01
  1.8590000000E+01   1.9980549937E-01
  1.8600000000E+01   1.9765293789E-01
  1.8610000000E+01   1.9568605970E-01
  1.8620000000E+01   1.9392458051E-01
  1.8630000000E+01   1.9238495731E-01
  1.8640000000E+01   1.9107314843E-01
  1.8650000000E+01   1.8997895736E-01
  1.8660000000E+01   1.8907089548E-01
  1.8670000000E+01   1.8829562527E-01
  1.8680000000E+01   1.8757929676E-01
  1.8690000000E+01   1.8683367305E-01
  1.8700000000E+01   1.8596540199E-01
  1.8710000000E+01   1.8488775698E-01
  1.8720000000E+01   1.8353340061E-01
  1.8730000000E+01   1.8186686049E-01
  1.8740000000E+01   1.7989494259E-01
  1.8750000000E+01   1.7767324935E-01
  1.8760000000E+01   1.7530832046E-01
  1.8770000000E+01   1.7295437246E-01
  1.8780000000E+01   1.7080455329E-01
  1.8790000000E+01   1.6907764509E-01
  1.8800000000E+01   1.6800080369E-01
  1.8810000000E+01   1.6779059384E-01
  1.8820000000E+01   1.6863296973E-01
  1.8830000000E+01   1.7066592686E-01
  1.8840000000E+01   1.7396459707E-01
  1.8850000000E+01   1.7853166512E-01
  1.8860000000E+01   1.8429359731E-01
  1.8870000000E+01   1.9110270216E-01
  1.8880000000E+01   1.9874536760E-01
  1.8890000000E+01   2.0695490004E-01
  1.8900000000E+01   2.1542810869E-01
  1.8910000000E+01   2.2384401196E-01
  1.8920000000E+01   2.3188273110E-01
  1.8930000000E+01   2.3924365635E-01
  1.8940000000E+01   2.4566126912E-01
  1.8950000000E+01   2.5091822531E-01
  1.8960000000E+01   2.5485508347E-01
  1.8970000000E+01   2.5737564495E-01
  1.8980000000E+01   2.5844939806E-01
  1.8990000000E+01   2.5810955106E-01
  1.9000000000E+01   2.5644762618E-01
  1.9010000000E+01   2.5360468430E-01
  1.9020000000E+01   2.4976015048E-01
  1.9030000000E+01   2.4511807762E-01
  1.9040000000E+01   2.3989338013E-01
  1.9050000000E+01   2.3429816105E-01
  1.9060000000E+01   2.2852974326E-01
  1.9070000000E+01   2.2276192058E-01
  1.9080000000E+01   2.1713918610E-01
  1.9090000000E+01   2.1177518611E-01
  1.9100000000E+01   2.0675392510E-01
  1.9110000000E+01   2.0213323122E-01
  1.9120000000E+01   1.9794969151E-01
  1.9130000000E+01   1.9422276219E-01
  1.9140000000E+01   1.9095824004E-01
  1.9150000000E+01   1.8814921945E-01
  1.9160000000E+01   1.8577556916E-01
  1.9170000000E+01   1.8380205245E-01
  1.9180000000E+01   1.8217556292E-01
  1.9190000000E+01   1.8082351140E-01
  1.9200000000E+01   1.7965407990E-01
  1.9210000000E+01   1.7855886840E-01
  1.9220000000E+01   1.7741907864E-01
  1.9230000000E+01   1.7611437335E-01
  1.9240000000E+01   1.7453404623E-01
  1.9250000000E+01   1.7258863072E-01
  1.9260000000E+01   1.7022111372E-01
  1.9270000000E+01   1.6741501399E-01
  1.9280000000E+01   1.6419872938E-01
  1.9290000000E+01   1.6064422235E-01
  1.9300000000E+01   1.5686060575E-01
  1.9310000000E+01   1.5298205924E-01
  1.9320000000E+01   1.4915219178E-01
  1.9330000000E+01   1.4550614464E-01
  1.9340000000E+01   1.4215354407E-01
  1.9350000000E+01   1.3916328912E-01
  1.9360000000E+01   1.3655450903E-01
  1.9370000000E+01   1.3429273557E-01
  1.9380000000E+01   1.3229413938E-01
  1.9390000000E+01   1.3043561669E-01
  1.9400000000E+01   1.2857097716E-01
  1.9410000000E+01   1.2655000360E-01
  1.9420000000E+01   1.2423827459E-01
  1.9430000000E+01   1.2153530981E-01
  1.9440000000E+01   1.1838816682E-01
  1.9450000000E+01   1.1479948755E-01
  1.9460000000E+01   1.1082865049E-01
  1.9470000000E+01   1.0658621255E-01
  1.9480000000E+01   1.0222278027E-01
  1.9490000000E+01   9.7913905495E-02
  1.9500000000E+01   9.3843010956E-02
  1.9510000000E+01   9.0184747927E-02
  1.9520000000E+01   8.7090574463E-02
  1.9530000000E+01   8.4678226354E-02
  1.9540000000E+01   8.3025592346E-02
  1.9550000000E+01   8.2169675021E-02
  1.9560000000E+01   8.2109558241E-02
  1.9570000000E+01   8.2812957419E-02
  1.9580000000E+01   8.4224299726E-02
  1.9590000000E+01   8.6273647008E-02
  1.9600000000E+01   8.8884571931E-02
  1.9610000000E+01   9.1980532078E-02
  1.9620000000E+01   9.5488985400E-02
  1.9630000000E+01   9.9342820129E-02
  1.9640000000E+01   1.0348021332E-01
  1.9650000000E+01   1.0784243553E-01
  1.9660000000E+01   1.1237107013E-01
  1.9670000000E+01   1.1700486741E-01
  1.9680000000E+01   1.2167734105E-01
  1.9690000000E+01   1.2631483965E-01
  1.9700000000E+01   1.3083578742E-01
  1.9710000000E+01   1.3515142785E-01
  1.9720000000E+01   1.3916756749E-01
  1.9730000000E+01   1.4278756205E-01
  1.9740000000E+01   1.4591678275E-01
  1.9750000000E+01   1.4846773990E-01
  1.9760000000E+01   1.5036643593E-01
  1.9770000000E+01   1.5155873564E-01
  1.9780000000E+01   1.5201734853E-01
  1.9790000000E+01   1.5174732791E-01
  1.9800000000E+01   1.5079065914E-01
  1.9810000000E+01   1.4922772079E-01
  1.9820000000E+01   1.4717669057E-01
  1.9830000000E+01   1.4478861081E-01
  1.9840000000E+01   1.4223960811E-01
  1.9850000000E+01   1.3972013405E-01
  1.9860000000E+01   1.3742237713E-01
  1.9870000000E+01   1.3552714477E-01
  1.9880000000E+01   1.3419117010E-01
  1.9890000000E+01   1.3353680883E-01
  1.9900000000E+01   1.3364433509E-01
  1.9910000000E+01   1.3454785212E-01
  1.9920000000E+01   1.3623439812E-01
  1.9930000000E+01   1.3864628300E-01
  1.9940000000E+01   1.4168584376E-01
  1.9950000000E+01   1.4522194983E-01
  1.9960000000E+01   1.4909745647E-01
  1.9970000000E+01   1.5313779163E-01
  1.9980000000E+01   1.5715916568E-01
  1.9990000000E+01   1.6097775197E-01
  2.0000000000E+01   1.6441808194E-01
  2.0010000000E+01   1.6732181407E-01
  2.0020000000E+01   1.6955534395E-01
  2.0030000000E+01   1.7101649274E-01
  2.0040000000E+01   1.7163920386E-01
  2.0050000000E+01   1.7139618905E-01
  2.0060000000E+01   1.7029861186E-01
  2.0070000000E+01   1.6839355501E-01
  2.0080000000E+01   1.6575875024E-01
  2.0090000000E+01   1.6249565783E-01
  2.0100000000E+01   1.5872168250E-01
  2.0110000000E+01   1.5456201176E-01
  2.0120000000E+01   1.5014225870E-01
  2.0130000000E+01   1.4558196276E-01
  2.0140000000E+01   1.4099028323E-01
  2.0150000000E+01   1.3646288999E-01
  2.0160000000E+01   1.3208118352E-01
  2.0170000000E+01   1.2791269053E-01
  2.0180000000E+01   1.2401307194E-01
  2.0190000000E+01   1.2042938507E-01
  2.0200000000E+01   1.1720373109E-01
  2.0210000000E+01   1.1437736889E-01
  2.0220000000E+01   1.1199458529E-01
  2.0230000000E+01   1.1010554135E-01
  2.0240000000E+01   1.0876756800E-01
  2.0250000000E+01   1.0804438518E-01
  2.0260000000E+01   1.0800280116E-01
  2.0270000000E+01   1.0870673120E-01
  2.0280000000E+01   1.1020860832E-01
  2.0290000000E+01   1.1253953985E-01
  2.0300000000E+01   1.1569864583E-01
  2.0310000000E+01   1.1964325431E-01
  2.0320000000E+01   1.2428194712E-01
  2.0330000000E+01   1.2947135894E-01
  2.0340000000E+01   1.3501834587E-01
  2.0350000000E+01   1.4068779670E-01
  2.0360000000E+01   1.4621607001E-01
  2.0370000000E+01   1.5132906919E-01
  2.0380000000E+01   1.5576301420E-01
  2.0390000000E+01   1.5928613002E-01
  2.0400000000E+01   1.6171801961E-01
  2.0410000000E+01   1.6294527145E-01
  2.0420000000E+01   1.6293021175E-01
  2.0430000000E+01   1.6171285500E-01
  2.0440000000E+01   1.5940483769E-01
  2.0450000000E+01   1.5617688948E-01
  2.0460000000E+01   1.5224055355E-01
  2.0470000000E+01   1.4782769930E-01
  2.0480000000E+01   1.4316894688E-01
  2.0490000000E+01   1.3847483164E-01
  2.0500000000E+01   1.3392029542E-01
  2.0510000000E+01   1.2963560112E-01
  2.0520000000E+01   1.2570237612E-01
  2.0530000000E+01   1.2215550592E-01
  2.0540000000E+01   1.1898981782E-01
  2.0550000000E+01   1.1616988543E-01
  2.0560000000E+01   1.1364125279E-01
  2.0570000000E+01   1.1134196619E-01
  2.0580000000E+01   1.0921279670E-01
  2.0590000000E+01   1.0720491327E-01
  2.0600000000E+01   1.0528623485E-01
  2.0610000000E+01   1.0344403320E-01
  2.0620000000E+01   1.0168616387E-01
  2.0630000000E+01   1.0003988180E-01
  2.0640000000E+01   9.8549625070E-02
  2.0650000000E+01   9.7273714766E-02
  2.0660000000E+01   9.6280171696E-02
  2.0670000000E+01   9.5642261400E-02
  2.0680000000E+01   9.5433666746E-02
  2.0690000000E+01   9.5723478574E-02
  2.0700000000E+01   9.6570914791E-02
  2.0710000000E+01   9.8020650380E-02
  2.0720000000E+01   1.0009785147E-01
  2.0730000000E+01   1.0280449315E-01
  2.0740000000E+01   1.0611633899E-01
  2.0750000000E+01   1.0998131972E-01
  2.0760000000E+01   1.1431946175E-01
  2.0770000000E+01   1.1902493106E-01
  2.0780000000E+01   1.2396976880E-01
  2.0790000000E+01   1.2900961510E-01
  2.0800000000E+01   1.3399104909E-01
  2.0810000000E+01   1.3876016380E-01
  2.0820000000E+01   1.4317085281E-01
  2.0830000000E+01   1.4709363475E-01
  2.0840000000E+01   1.5042282542E-01
  2.0850000000E+01   1.5308210363E-01
  2.0860000000E+01   1.5502769588E-01
  2.0870000000E+01   1.5624977960E-01
  2.0880000000E+01   1.5677109331E-01
  2.0890000000E+01   1.5664406871E-01
  2.0900000000E+01   1.5594661376E-01
  2.0910000000E+01   1.5477672509E-01
  2.0920000000E+01   1.5324716518E-01
  2.0930000000E+01   1.5147911849E-01
  2.0940000000E+01   1.4959659242E-01
  2.0950000000E+01   1.4772023935E-01
  2.0960000000E+01   1.4596120768E-01
  2.0970000000E+01   1.4441550808E-01
  2.0980000000E+01   1.4315824148E-01
  2.0990000000E+01   1.4223888758E-01
  2.1000000000E+01   1.4167794643E-01
  2.1010000000E+01   1.4146482449E-01
  2.1020000000E+01   1.4155834692E-01
  2.1030000000E+01   1.4188930345E-01
  2.1040000000E+01   1.4236508142E-01
  2.1050000000E+01   1.4287661128E-01
  2.1060000000E+01   1.4330649173E-01
  2.1070000000E+01   1.4353812664E-01
  2.1080000000E+01   1.4346462748E-01
  2.1090000000E+01   1.4299755386E-01
  2.1100000000E+01   1.4207377564E-01
  2.1110000000E+01   1.4066055542E-01
  2.1120000000E+01   1.3875843576E-01
  2.1130000000E+01   1.3640110126E-01
  2.1140000000E+01   1.3365259715E-01
  2.1150000000E+01   1.3060216035E-01
  2.1160000000E+01   1.2735670275E-01
  2.1170000000E+01   1.2403190422E-01
  2.1180000000E+01   1.2074290804E-01
  2.1190000000E+01   1.1759508668E-01
  2.1200000000E+01   1.1467629031E-01
  2.1210000000E+01   1.1205126490E-01
  2.1220000000E+01   1.0975855420E-01
  2.1230000000E+01   1.0781020218E-01
  2.1240000000E+01   1.0619479558E-01
  2.1250000000E+01   1.0488246903E-01
  2.1260000000E+01   1.0383193887E-01
  2.1270000000E+01   1.0299825849E-01
  2.1280000000E+01   1.0234049351E-01
  2.1290000000E+01   1.0182825946E-01
  2.1300000000E+01   1.0144620874E-01
  2.1310000000E+01   1.0119648069E-01
  2.1320000000E+01   1.0109714576E-01
  2.1330000000E+01   1.0117895824E-01
  2.1340000000E+01   1.0147901316E-01
  2.1350000000E+01   1.0203300952E-01
  2.1360000000E+01   1.0286676698E-01
  2.1370000000E+01   1.0398852168E-01
  2.1380000000E+01   1.0538308345E-01
  2.1390000000E+01   1.0700866487E-01
  2.1400000000E+01   1.0879767521E-01
  2.1410000000E+01   1.1066084832E-01
  2.1420000000E+01   1.1249512666E-01
  2.1430000000E+01   1.1419374094E-01
  2.1440000000E+01   1.1565751871E-01
  2.1450000000E+01   1.1680537605E-01
  2.1460000000E+01   1.1758286733E-01
  2.1470000000E+01   1.1796693395E-01
  2.1480000000E+01   1.1796685601E-01
  2.1490000000E+01   1.1762030347E-01
  2.1500000000E+01   1.1698644103E-01
  2.1510000000E+01   1.1613614722E-01
  2.1520000000E+01   1.1514197061E-01
  2.1530000000E+01   1.1406897991E-01
  2.1540000000E+01   1.1296844626E-01
  2.1550000000E+01   1.1187459632E-01
  2.1560000000E+01   1.1080571792E-01
  2.1570000000E+01   1.0976851897E-01
  2.1580000000E+01   1.0876497964E-01
  2.1590000000E+01   1.0779987225E-01
  2.1600000000E+01   1.0688851795E-01
  2.1610000000E+01   1.0606167139E-01
  2.1620000000E+01   1.0536804869E-01
  2.1630000000E+01   1.0487260458E-01
  2.1640000000E+01   1.0465128742E-01
  2.1650000000E+01   1.0478234200E-01
  2.1660000000E+01   1.0533561080E-01
  2.1670000000E+01   1.0636107190E-01
  2.1680000000E+01   1.0787801925E-01
  2.1690000000E+01   1.0986678957E-01
  2.1700000000E+01   1.1226444214E-01
  2.1710000000E+01   1.1496531803E-01
  2.1720000000E+01   1.1782690524E-01
  2.1730000000E+01   1.2068097558E-01
  2.1740000000E+01   1.2334851340E-01
  2.1750000000E+01   1.2565774764E-01
  2.1760000000E+01   1.2746272271E-01
  2.1770000000E+01   1.2865985795E-01
  2.1780000000E+01   1.2920114302E-01
  2.1790000000E+01   1.2910190383E-01
  2.1800000000E+01   1.2844167637E-01
  2.1810000000E+01   1.2735837207E-01
  2.1820000000E+01   1.2603633048E-01
  2.1830000000E+01   1.2468909066E-01
  2.1840000000E+01   1.2353974489E-01
  2.1850000000E+01   1.2279984546E-01
  2.1860000000E+01   1.2265094365E-01
  2.1870000000E+01   1.2322811854E-01
  2.1880000000E+01   1.2460980511E-01
  2.1890000000E+01   1.2681224633E-01
  2.1900000000E+01   1.2978998299E-01
  2.1910000000E+01   1.3344118959E-01
  2.1920000000E+01   1.3761759493E-01
  2.1930000000E+01   1.4213686355E-01
  2.1940000000E+01   1.4679703225E-01
  2.1950000000E+01   1.5139072094E-01
  2.1960000000E+01   1.5571927425E-01
  2.1970000000E+01   1.5960469492E-01
  2.1980000000E+01   1.6289965316E-01
  2.1990000000E+01   1.6549448128E-01
  2.2000000000E+01   1.6732172614E-01
  2.2010000000E+01   1.6835763507E-01
  2.2020000000E+01   1.6862091989E-01
  2.2030000000E+01   1.6816932511E-01
  2.2040000000E+01   1.6709447763E-01
  2.2050000000E+01   1.6551529522E-01
  2.2060000000E+01   1.6357032014E-01
  2.2070000000E+01   1.6140986837E-01
  2.2080000000E+01   1.5918795928E-01
  2.2090000000E+01   1.5705392570E-01
  2.2100000000E+01   1.5514509198E-01
  2.2110000000E+01   1.5357919473E-01
  2.2120000000E+01   1.5244786140E-01
  2.2130000000E+01   1.5181130197E-01
  2.2140000000E+01   1.5169467866E-01
  2.2150000000E+01   1.5208647548E-01
  2.2160000000E+01   1.5294011771E-01
  2.2170000000E+01   1.5417825186E-01
  2.2180000000E+01   1.5570010983E-01
  2.2190000000E+01   1.5739171033E-01
  2.2200000000E+01   1.5913698478E-01
  2.2210000000E+01   1.6082981953E-01
  2.2220000000E+01   1.6238433156E-01
  2.2230000000E+01   1.6374272178E-01
  2.2240000000E+01   1.6487902310E-01
  2.2250000000E+01   1.6579869759E-01
  2.2260000000E+01   1.6653354340E-01
  2.2270000000E+01   1.6713322584E-01
  2.2280000000E+01   1.6765413735E-01
  2.2290000000E+01   1.6814775187E-01
  2.2300000000E+01   1.6864980514E-01
  2.2310000000E+01   1.6917218295E-01
  2.2320000000E+01   1.6969799724E-01
  2.2330000000E+01   1.7018104455E-01
  2.2340000000E+01   1.7054907407E-01
  2.2350000000E+01   1.7071058664E-01
  2.2360000000E+01   1.7056370049E-01
  2.2370000000E+01   1.7000654567E-01
  2.2380000000E+01   1.6894743897E-01
  2.2390000000E+01   1.6731409898E-01
  2.2400000000E+01   1.6506138401E-01
  2.2410000000E+01   1.6217662146E-01
  2.2420000000E+01   1.5868246254E-01
  2.2430000000E+01   1.5463707403E-01
  2.2440000000E+01   1.5013198665E-01
  2.2450000000E+01   1.4528711484E-01
  2.2460000000E+01   1.4024422914E-01
  2.2470000000E+01   1.3515773299E-01
  2.2480000000E+01   1.3018454612E-01
  2.2490000000E+01   1.2547350389E-01
  2.2500000000E+01   1.2115493023E-01
  2.2510000000E+01   1.1733096526E-01
  2.2520000000E+01   1.1406891634E-01
  2.2530000000E+01   1.1139659914E-01
  2.2540000000E+01   1.0930213787E-01
  2.2550000000E+01   1.0773688920E-01
  2.2560000000E+01   1.0662182714E-01
  2.2570000000E+01   1.0585753098E-01
  2.2580000000E+01   1.0533531451E-01
  2.2590000000E+01   1.0494986305E-01
  2.2600000000E+01   1.0461099655E-01
  2.2610000000E+01   1.0425415622E-01
  2.2620000000E+01   1.0384792786E-01
  2.2630000000E+01   1.0339838011E-01
  2.2640000000E+01   1.0294877976E-01
  2.2650000000E+01   1.0257558939E-01
  2.2660000000E+01   1.0238064825E-01
  2.2670000000E+01   1.0247978548E-01
  2.2680000000E+01   1.0298948979E-01
  2.2690000000E+01   1.0401283749E-01
  2.2700000000E+01   1.0562613064E-01
  2.2710000000E+01   1.0786794335E-01
  2.2720000000E+01   1.1073146172E-01
  2.2730000000E+01   1.1416184735E-01
  2.2740000000E+01   1.1805854305E-01
  2.2750000000E+01   1.2228244382E-01
  2.2760000000E+01   1.2666743467E-01
  2.2770000000E+01   1.3103405609E-01
  2.2780000000E+01   1.3520484189E-01
  2.2790000000E+01   1.3901834700E-01
  2.2800000000E+01   1.4234068088E-01
  2.2810000000E+01   1.4507374507E-01
  2.2820000000E+01   1.4715858542E-01
  2.2830000000E+01   1.4857490268E-01
  2.2840000000E+01   1.4933671188E-01
  2.2850000000E+01   1.4948580249E-01
  2.2860000000E+01   1.4908385471E-01
  2.2870000000E+01   1.4820484337E-01
  2.2880000000E+01   1.4692895100E-01
  2.2890000000E+01   1.4533789295E-01
  2.2900000000E+01   1.4351320856E-01
  2.2910000000E+01   1.4153571638E-01
  2.2920000000E+01   1.3948647227E-01
  2.2930000000E+01   1.3744799607E-01
  2.2940000000E+01   1.3550506980E-01
  2.2950000000E+01   1.3374425537E-01
  2.2960000000E+01   1.3225167275E-01
  2.2970000000E+01   1.3110943802E-01
  2.2980000000E+01   1.3039044585E-01
  2.2990000000E+01   1.3015276005E-01
  2.3000000000E+01   1.3043424558E-01
  2.3010000000E+01   1.3124831886E-01
  2.3020000000E+01   1.3258183659E-01
  2.3030000000E+01   1.3439530592E-01
  2.3040000000E+01   1.3662598897E-01
  2.3050000000E+01   1.3919347607E-01
  2.3060000000E+01   1.4200619620E-01
  2.3070000000E+01   1.4496997267E-01
  2.3080000000E+01   1.4799526374E-01
  2.3090000000E+01   1.5100348560E-01
  2.3100000000E+01   1.5393113616E-01
  2.3110000000E+01   1.5673165276E-01
  2.3120000000E+01   1.5937448640E-01
  2.3130000000E+01   1.6184191472E-01
  2.3140000000E+01   1.6412509738E-01
  2.3150000000E+01   1.6621853953E-01
  2.3160000000E+01   1.6811542194E-01
  2.3170000000E+01   1.6980401511E-01
  2.3180000000E+01   1.7126490184E-01
  2.3190000000E+01   1.7247110205E-01
  2.3200000000E+01   1.7338967409E-01
  2.3210000000E+01   1.7398550028E-01
  2.3220000000E+01   1.7422669365E-01
  2.3230000000E+01   1.7409123240E-01
  2.3240000000E+01   1.7357401498E-01
  2.3250000000E+01   1.7269355452E-01
  2.3260000000E+01   1.7149688500E-01
  2.3270000000E+01   1.7006226375E-01
  2.3280000000E+01   1.6849774608E-01
  2.3290000000E+01   1.6693593723E-01
  2.3300000000E+01   1.6552439015E-01
  2.3310000000E+01   1.6441152551E-01
  2.3320000000E+01   1.6373052357E-01
  2.3330000000E+01   1.6358214036E-01
  2.3340000000E+01   1.6401924202E-01
  2.3350000000E+01   1.6503509560E-01
  2.3360000000E+01   1.6655834285E-01
  2.3370000000E+01   1.6845513648E-01
  2.3380000000E+01   1.7053916389E-01
  2.3390000000E+01   1.7258918789E-01
  2.3400000000E+01   1.7437104892E-01
  2.3410000000E+01   1.7566258426E-01
  2.3420000000E+01   1.7627679825E-01
  2.3430000000E+01   1.7608143090E-01
  2.3440000000E+01   1.7501175424E-01
  2.3450000000E+01   1.7307513819E-01
  2.3460000000E+01   1.7034766324E-01
  2.3470000000E+01   1.6696310769E-01
  2.3480000000E+01   1.6309710612E-01
  2.3490000000E+01   1.5894845509E-01
  2.3500000000E+01   1.5471997749E-01
  2.3510000000E+01   1.5060184849E-01
  2.3520000000E+01   1.4675824962E-01
  2.3530000000E+01   1.4331842336E-01
  2.3540000000E+01   1.4037271845E-01
  2.3550000000E+01   1.3797242961E-01
  2.3560000000E+01   1.3613288557E-01
  2.3570000000E+01   1.3483894845E-01
  2.3580000000E+01   1.3405221337E-01
  2.3590000000E+01   1.3371868757E-01
  2.3600000000E+01   1.3377649773E-01
  2.3610000000E+01   1.3416331177E-01
  2.3620000000E+01   1.3482202330E-01
  2.3630000000E+01   1.3570516773E-01
  2.3640000000E+01   1.3677763873E-01
  2.3650000000E+01   1.3801612332E-01
  2.3660000000E+01   1.3940713060E-01
  2.3670000000E+01   1.4094278436E-01
  2.3680000000E+01   1.4261579023E-01
  2.3690000000E+01   1.4441373173E-01
  2.3700000000E+01   1.4631487731E-01
  2.3710000000E+01   1.4828535539E-01
  2.3720000000E+01   1.5027895812E-01
  2.3730000000E+01   1.5223922292E-01
  2.3740000000E+01   1.5410397084E-01
  2.3750000000E+01   1.5581101320E-01
  2.3760000000E+01   1.5730429646E-01
  2.3770000000E+01   1.5853969088E-01
  2.3780000000E+01   1.5948935198E-01
  2.3790000000E+01   1.6014381533E-01
  2.3800000000E+01   1.6051252993E-01
  2.3810000000E+01   1.6062243776E-01
  2.3820000000E+01   1.6051469241E-01
  2.3830000000E+01   1.6024087998E-01
  2.3840000000E+01   1.5985854430E-01
  2.3850000000E+01   1.5942691774E-01
  2.3860000000E+01   1.5900233700E-01
  2.3870000000E+01   1.5863464455E-01
  2.3880000000E+01   1.5836369656E-01
  2.3890000000E+01   1.5821610898E-01
  2.3900000000E+01   1.5820360013E-01
  2.3910000000E+01   1.5832112945E-01
  2.3920000000E+01   1.5854681091E-01
  2.3930000000E+01   1.5884235756E-01
  2.3940000000E+01   1.5915511145E-01
  2.3950000000E+01   1.5942106204E-01
  2.3960000000E+01   1.5956881952E-01
  2.3970000000E+01   1.5952432152E-01
  2.3980000000E+01   1.5921621816E-01
  2.3990000000E+01   1.5858101320E-01
  2.4000000000E+01   1.5756886156E-01
  2.4010000000E+01   1.5614851131E-01
  2.4020000000E+01   1.5431180327E-01
  2.4030000000E+01   1.5207772107E-01
  2.4040000000E+01   1.4949465375E-01
  2.4050000000E+01   1.4664137266E-01
  2.4060000000E+01   1.4362557365E-01
  2.4070000000E+01   1.4058059085E-01
  2.4080000000E+01   1.3765873652E-01
  2.4090000000E+01   1.3502253704E-01
  2.4100000000E+01   1.3283390645E-01
  2.4110000000E+01   1.3124173838E-01
  2.4120000000E+01   1.3036928695E-01
  2.4130000000E+01   1.3030243537E-01
  2.4140000000E+01   1.3108065909E-01
  2.4150000000E+01   1.3269069823E-01
  2.4160000000E+01   1.3506494521E-01
  2.4170000000E+01   1.3808417220E-01
  2.4180000000E+01   1.4158500968E-01
  2.4190000000E+01   1.4537138722E-01
  2.4200000000E+01   1.4922839542E-01
  2.4210000000E+01   1.5293820534E-01
  2.4220000000E+01   1.5629565327E-01
  2.4230000000E+01   1.5912269125E-01
  2.4240000000E+01   1.6127975276E-01
  2.4250000000E+01   1.6267394823E-01
  2.4260000000E+01   1.6326274541E-01
  2.4270000000E+01   1.6305381381E-01
  2.4280000000E+01   1.6210083209E-01
  2.4290000000E+01   1.6049618301E-01
  2.4300000000E+01   1.5836116101E-01
  2.4310000000E+01   1.5583526587E-01
  2.4320000000E+01   1.5306488927E-01
  2.4330000000E+01   1.5019289625E-01
  2.4340000000E+01   1.4734958820E-01
  2.4350000000E+01   1.4464586903E-01
  2.4360000000E+01   1.4216865229E-01
  2.4370000000E+01   1.3997899600E-01
  2.4380000000E+01   1.3811224946E-01
  2.4390000000E+01   1.3658033044E-01
  2.4400000000E+01   1.3537537081E-01
  2.4410000000E+01   1.3447373409E-01
  2.4420000000E+01   1.3384084999E-01
  2.4430000000E+01   1.3343518202E-01
  2.4440000000E+01   1.3321200819E-01
  2.4450000000E+01   1.3312633358E-01
  2.4460000000E+01   1.3313523194E-01
  2.4470000000E+01   1.3319986968E-01
  2.4480000000E+01   1.3328752902E-01
  2.4490000000E+01   1.3337334867E-01
  2.4500000000E+01   1.3344273218E-01
  2.4510000000E+01   1.3349372069E-01
  2.4520000000E+01   1.3353943820E-01
  2.4530000000E+01   1.3361011476E-01
  2.4540000000E+01   1.3375406556E-01
  2.4550000000E+01   1.3403762472E-01
  2.4560000000E+01   1.3454271949E-01
  2.4570000000E+01   1.3536287311E-01
  2.4580000000E+01   1.3659653559E-01
  2.4590000000E+01   1.3833884640E-01
  2.4600000000E+01   1.4067204269E-01
  2.4610000000E+01   1.4365536274E-01
  2.4620000000E+01   1.4731554441E-01
  2.4630000000E+01   1.5163919936E-01
  2.4640000000E+01   1.5656815326E-01
  2.4650000000E+01   1.6199810776E-01
  2.4660000000E+01   1.6778244178E-01
  2.4670000000E+01   1.7373965785E-01
  2.4680000000E+01   1.7966528680E-01
  2.4690000000E+01   1.8534687542E-01
  2.4700000000E+01   1.9057999696E-01
  2.4710000000E+01   1.9518525307E-01
  2.4720000000E+01   1.9902208050E-01
  2.4730000000E+01   2.0199992271E-01
  2.4740000000E+01   2.0408399991E-01
  2.4750000000E+01   2.0529523865E-01
  2.4760000000E+01   2.0570492147E-01
  2.4770000000E+01   2.0542388117E-01
  2.4780000000E+01   2.0458833267E-01
  2.4790000000E+01   2.0334362751E-01
  2.4800000000E+01   2.0182846854E-01
  2.4810000000E+01   2.0016112369E-01
  2.4820000000E+01   1.9842940187E-01
  2.4830000000E+01   1.9668527773E-01
  2.4840000000E+01   1.9494485127E-01
  2.4850000000E+01   1.9319221264E-01
  2.4860000000E+01   1.9138772837E-01
  2.4870000000E+01   1.8947772319E-01
  2.4880000000E+01   1.8740520276E-01
  2.4890000000E+01   1.8511927509E-01
  2.4900000000E+01   1.8258261510E-01
  2.4910000000E+01   1.7977579507E-01
  2.4920000000E+01   1.7669882280E-01
  2.4930000000E+01   1.7336931424E-01
  2.4940000000E+01   1.6981891417E-01
  2.4950000000E+01   1.6608798589E-01
  2.4960000000E+01   1.6222045796E-01
  2.4970000000E+01   1.5825899540E-01
  2.4980000000E+01   1.5424205010E-01
  2.4990000000E+01   1.5020242058E-01
  2.5000000000E+01   1.4616830424E-01
  2.5010000000E+01   1.4216570951E-01
  2.5020000000E+01   1.3822230752E-01
  2.5030000000E+01   1.3437156665E-01
  2.5040000000E+01   1.3065599506E-01
  2.5050000000E+01   1.2712946332E-01
  2.5060000000E+01   1.2385671426E-01
  2.5070000000E+01   1.2091075582E-01
  2.5080000000E+01   1.1836766561E-01
  2.5090000000E+01   1.1629953034E-01
  2.5100000000E+01   1.1476645989E-01
  2.5110000000E+01   1.1380859238E-01
  2.5120000000E+01   1.1344000181E-01
  2.5130000000E+01   1.1364441965E-01
  2.5140000000E+01   1.1437475720E-01
  2.5150000000E+01   1.1555602881E-01
  2.5160000000E+01   1.1709126321E-01
  2.5170000000E+01   1.1887000382E-01
  2.5180000000E+01   1.2077804292E-01
  2.5190000000E+01   1.2270743970E-01
  2.5200000000E+01   1.2456481726E-01
  2.5210000000E+01   1.2627754692E-01
  2.5220000000E+01   1.2779688175E-01
  2.5230000000E+01   1.2909824173E-01
  2.5240000000E+01   1.3017842072E-01
  2.5250000000E+01   1.3105055014E-01
  2.5260000000E+01   1.3173856048E-01
  2.5270000000E+01   1.3227052971E-01
  2.5280000000E+01   1.3267321052E-01
  2.5290000000E+01   1.3296802558E-01
  2.5300000000E+01   1.3316897378E-01
  2.5310000000E+01   1.3328175987E-01
  2.5320000000E+01   1.3330574741E-01
  2.5330000000E+01   1.3323680382E-01
  2.5340000000E+01   1.3307070862E-01
  2.5350000000E+01   1.3280737467E-01
  2.5360000000E+01   1.3245410279E-01
  2.5370000000E+01   1.3202807992E-01
  2.5380000000E+01   1.3155719505E-01
  2.5390000000E+01   1.3107908149E-01
  2.5400000000E+01   1.3063883230E-01
  2.5410000000E+01   1.3028472091E-01
  2.5420000000E+01   1.3006367009E-01
  2.5430000000E+01   1.3001554260E-01
  2.5440000000E+01   1.3016853602E-01
  2.5450000000E+01   1.3053526306E-01
  2.5460000000E+01   1.3111031199E-01
  2.5470000000E+01   1.3186984422E-01
  2.5480000000E+01   1.3277245615E-01
  2.5490000000E+01   1.3376238025E-01
  2.5500000000E+01   1.3477334084E-01
  2.5510000000E+01   1.3573349691E-01
  2.5520000000E+01   1.3657091470E-01
  2.5530000000E+01   1.3721864807E-01
  2.5540000000E+01   1.3762002785E-01
  2.5550000000E+01   1.3773309190E-01
  2.5560000000E+01   1.3753422114E-01
  2.5570000000E+01   1.3702118583E-01
  2.5580000000E+01   1.3621435394E-01
  2.5590000000E+01   1.3515699040E-01
  2.5600000000E+01   1.3391319377E-01
  2.5610000000E+01   1.3256455863E-01
  2.5620000000E+01   1.3120415194E-01
  2.5630000000E+01   1.2992946965E-01
  2.5640000000E+01   1.2883376043E-01
  2.5650000000E+01   1.2799733258E-01
  2.5660000000E+01   1.2747945973E-01
  2.5670000000E+01   1.2731215243E-01
  2.5680000000E+01   1.2749623525E-01
  2.5690000000E+01   1.2800111659E-01
  2.5700000000E+01   1.2876760268E-01
  2.5710000000E+01   1.2971389551E-01
  2.5720000000E+01   1.3074340874E-01
  2.5730000000E+01   1.3175387697E-01
  2.5740000000E+01   1.3264620781E-01
  2.5750000000E+01   1.3333179305E-01
  2.5760000000E+01   1.3373814847E-01
  2.5770000000E+01   1.3381168728E-01
  2.5780000000E+01   1.3351877647E-01
  2.5790000000E+01   1.3284500959E-01
  2.5800000000E+01   1.3179345389E-01
  2.5810000000E+01   1.3038264785E-01
  2.5820000000E+01   1.2864512081E-01
  2.5830000000E+01   1.2662644763E-01
  2.5840000000E+01   1.2438449944E-01
  2.5850000000E+01   1.2198947938E-01
  2.5860000000E+01   1.1952324736E-01
  2.5870000000E+01   1.1707770627E-01
  2.5880000000E+01   1.1475241209E-01
  2.5890000000E+01   1.1264981041E-01
  2.5900000000E+01   1.1086973780E-01
  2.5910000000E+01   1.0950209285E-01
  2.5920000000E+01   1.0861916508E-01
  2.5930000000E+01   1.0826841210E-01
  2.5940000000E+01   1.0846633309E-01
  2.5950000000E+01   1.0919458572E-01
  2.5960000000E+01   1.1039926406E-01
  2.5970000000E+01   1.1199375912E-01
  2.5980000000E+01   1.1386510973E-01
  2.5990000000E+01   1.1588350742E-01
  2.6000000000E+01   1.1791419191E-01
  2.6010000000E+01   1.1983010369E-01
  2.6020000000E+01   1.2152386719E-01
  2.6030000000E+01   1.2291834595E-01
  2.6040000000E+01   1.2397339315E-01
  2.6050000000E+01   1.2468887484E-01
  2.6060000000E+01   1.2510335027E-01
  2.6070000000E+01   1.2528862433E-01
  2.6080000000E+01   1.2534081874E-01
  2.6090000000E+01   1.2536941906E-01
  2.6100000000E+01   1.2548469291E-01
  2.6110000000E+01   1.2578642411E-01
  2.6120000000E+01   1.2635302526E-01
  2.6130000000E+01   1.2723424280E-01
  2.6140000000E+01   1.2844625507E-01
  2.6150000000E+01   1.2997092379E-01
  2.6160000000E+01   1.3175809370E-01
  2.6170000000E+01   1.3373116349E-01
  2.6180000000E+01   1.3579514333E-01
  2.6190000000E+01   1.3784574468E-01
  2.6200000000E+01   1.3977970912E-01
  2.6210000000E+01   1.4150374723E-01
  2.6220000000E+01   1.4294289569E-01
  2.6230000000E+01   1.4404624349E-01
  2.6240000000E+01   1.4479035188E-01
  2.6250000000E+01   1.4518002561E-01
  2.6260000000E+01   1.4524647278E-01
  2.6270000000E+01   1.4504382145E-01
  2.6280000000E+01   1.4464351341E-01
  2.6290000000E+01   1.4412836721E-01
  2.6300000000E+01   1.4358577390E-01
  2.6310000000E+01   1.4310191170E-01
  2.6320000000E+01   1.4275612219E-01
  2.6330000000E+01   1.4261632469E-01
  2.6340000000E+01   1.4273579844E-01
  2.6350000000E+01   1.4315056199E-01
  2.6360000000E+01   1.4387814905E-01
  2.6370000000E+01   1.4491677232E-01
  2.6380000000E+01   1.4624533912E-01
  2.6390000000E+01   1.4782377739E-01
  2.6400000000E+01   1.4959424352E-01
  2.6410000000E+01   1.5148251489E-01
  2.6420000000E+01   1.5340074129E-01
  2.6430000000E+01   1.5525095648E-01
  2.6440000000E+01   1.5692994498E-01
  2.6450000000E+01   1.5833511215E-01
  2.6460000000E+01   1.5937113886E-01
  2.6470000000E+01   1.5995760958E-01
  2.6480000000E+01   1.6003565890E-01
  2.6490000000E+01   1.5957403764E-01
  2.6500000000E+01   1.5857294040E-01
  2.6510000000E+01   1.5706531544E-01
  2.6520000000E+01   1.5511542415E-01
  2.6530000000E+01   1.5281380782E-01
  2.6540000000E+01   1.5026994299E-01
  2.6550000000E+01   1.4760288477E-01
  2.6560000000E+01   1.4493079061E-01
  2.6570000000E+01   1.4236057177E-01
  2.6580000000E+01   1.3997928933E-01
  2.6590000000E+01   1.3784744888E-01
  2.6600000000E+01   1.3599579137E-01
  2.6610000000E+01   1.3442566634E-01
  2.6620000000E+01   1.3311219969E-01
  2.6630000000E+01   1.3201105423E-01
  2.6640000000E+01   1.3106689409E-01
  2.6650000000E+01   1.3022273706E-01
  2.6660000000E+01   1.2942915390E-01
  2.6670000000E+01   1.2865226842E-01
  2.6680000000E+01   1.2787944603E-01
  2.6690000000E+01   1.2712158347E-01
  2.6700000000E+01   1.2641280626E-01
  2.6710000000E+01   1.2580669738E-01
  2.6720000000E+01   1.2536974010E-01
  2.6730000000E+01   1.2517283613E-01
  2.6740000000E+01   1.2528187369E-01
  2.6750000000E+01   1.2574808137E-01
  2.6760000000E+01   1.2659939165E-01
  2.6770000000E+01   1.2783384564E-01
  2.6780000000E+01   1.2941530024E-01
  2.6790000000E+01   1.3127244535E-01
  2.6800000000E+01   1.3330113246E-01
  2.6810000000E+01   1.3536962068E-01
  2.6820000000E+01   1.3732732003E-01
  2.6830000000E+01   1.3901501245E-01
  2.6840000000E+01   1.4027745245E-01
  2.6850000000E+01   1.4097567553E-01
  2.6860000000E+01   1.4099948498E-01
  2.6870000000E+01   1.4027753066E-01
  2.6880000000E+01   1.3878493470E-01
  2.6890000000E+01   1.3654719361E-01
  2.6900000000E+01   1.3363974651E-01
  2.6910000000E+01   1.3018300497E-01
  2.6920000000E+01   1.2633351510E-01
  2.6930000000E+01   1.2227161295E-01
  2.6940000000E+01   1.1818694324E-01
  2.6950000000E+01   1.1426377148E-01
  2.6960000000E+01   1.1066698033E-01
  2.6970000000E+01   1.0753082497E-01
  2.6980000000E+01   1.0495129066E-01
  2.6990000000E+01   1.0298262722E-01
  2.7000000000E+01   1.0163872482E-01
  2.7010000000E+01   1.0089796830E-01
  2.7020000000E+01   1.0071081348E-01
  2.7030000000E+01   1.0100915278E-01
  2.7040000000E+01   1.0171550994E-01
  2.7050000000E+01   1.0275075357E-01
  2.7060000000E+01   1.0403988199E-01
  2.7070000000E+01   1.0551505882E-01
  2.7080000000E+01   1.0711587050E-01
  2.7090000000E+01   1.0878790943E-01
  2.7100000000E+01   1.1048015114E-01
  2.7110000000E+01   1.1214233612E-01
  2.7120000000E+01   1.1372321018E-01
  2.7130000000E+01   1.1517080512E-01
  2.7140000000E+01   1.1643392289E-01
  2.7150000000E+01   1.1746598164E-01
  2.7160000000E+01   1.1822967154E-01
  2.7170000000E+01   1.1870173992E-01
  2.7180000000E+01   1.1887721159E-01
  2.7190000000E+01   1.1877159611E-01
  2.7200000000E+01   1.1842103469E-01
  2.7210000000E+01   1.1787955312E-01
  2.7220000000E+01   1.1721437426E-01
  2.7230000000E+01   1.1649878784E-01
  2.7240000000E+01   1.1580463305E-01
  2.7250000000E+01   1.1519480650E-01
  2.7260000000E+01   1.1471654761E-01
  2.7270000000E+01   1.1439695016E-01
  2.7280000000E+01   1.1424105282E-01
  2.7290000000E+01   1.1423234406E-01
  2.7300000000E+01   1.1433617550E-01
  2.7310000000E+01   1.1450447431E-01
  2.7320000000E+01   1.1468266027E-01
  2.7330000000E+01   1.1481639632E-01
  2.7340000000E+01   1.1485818881E-01
  2.7350000000E+01   1.1477284546E-01
  2.7360000000E+01   1.1454105853E-01
  2.7370000000E+01   1.1416138078E-01
  2.7380000000E+01   1.1364978782E-01
  2.7390000000E+01   1.1303735601E-01
  2.7400000000E+01   1.1236682709E-01
  2.7410000000E+01   1.1168806038E-01
  2.7420000000E+01   1.1105309048E-01
  2.7430000000E+01   1.1051175594E-01
  2.7440000000E+01   1.1010801530E-01
  2.7450000000E+01   1.0987751215E-01
  2.7460000000E+01   1.0984653177E-01
  2.7470000000E+01   1.1003230161E-01
  2.7480000000E+01   1.1044504679E-01
  2.7490000000E+01   1.1109084683E-01
  2.7500000000E+01   1.1197505893E-01
  2.7510000000E+01   1.1310626110E-01
  2.7520000000E+01   1.1449967858E-01
  2.7530000000E+01   1.1617933810E-01
  2.7540000000E+01   1.1817868210E-01
  2.7550000000E+01   1.2053945585E-01
  2.7560000000E+01   1.2330768801E-01
  2.7570000000E+01   1.2652795981E-01
  2.7580000000E+01   1.3023597913E-01
  2.7590000000E+01   1.3444985408E-01
  2.7600000000E+01   1.3916178935E-01
  2.7610000000E+01   1.4433101879E-01
  2.7620000000E+01   1.4987926312E-01
  2.7630000000E+01   1.5568975875E-01
  2.7640000000E+01   1.6161040522E-01
  2.7650000000E+01   1.6746150952E-01
  2.7660000000E+01   1.7304663113E-01
  2.7670000000E+01   1.7816693751E-01
  2.7680000000E+01   1.8263655328E-01
  2.7690000000E+01   1.8629725603E-01
  2.7700000000E+01   1.8903156004E-01
  2.7710000000E+01   1.9077184857E-01
  2.7720000000E+01   1.9150499686E-01
  2.7730000000E+01   1.9127192209E-01
  2.7740000000E+01   1.9016195398E-01
  2.7750000000E+01   1.8830286526E-01
  2.7760000000E+01   1.8584805097E-01
  2.7770000000E+01   1.8296199991E-01
  2.7780000000E+01   1.7980546382E-01
  2.7790000000E+01   1.7652270245E-01
  2.7800000000E+01   1.7323105398E-01
  2.7810000000E+01   1.7001489699E-01
  2.7820000000E+01   1.6692338166E-01
  2.7830000000E+01   1.6397290123E-01
  2.7840000000E+01   1.6115309399E-01
  2.7850000000E+01   1.5843565813E-01
  2.7860000000E+01   1.5578475708E-01
  2.7870000000E+01   1.5316749620E-01
  2.7880000000E+01   1.5056283118E-01
  2.7890000000E+01   1.4796800230E-01
  2.7900000000E+01   1.4540121107E-01
  2.7910000000E+01   1.4290047202E-01
  2.7920000000E+01   1.4051836043E-01
  2.7930000000E+01   1.3831395636E-01
  2.7940000000E+01   1.3634248394E-01
  2.7950000000E+01   1.3464491454E-01
  2.7960000000E+01   1.3323855156E-01
  2.7970000000E+01   1.3211059748E-01
  2.7980000000E+01   1.3121557106E-01
  2.7990000000E+01   1.3047725912E-01
  2.8000000000E+01   1.2979509272E-01
  2.8010000000E+01   1.2905446765E-01
  2.8020000000E+01   1.2813935285E-01
  2.8030000000E+01   1.2694598361E-01
  2.8040000000E+01   1.2539514464E-01
  2.8050000000E+01   1.2344218383E-01
  2.8060000000E+01   1.2108272606E-01
  2.8070000000E+01   1.1835424024E-01
  2.8080000000E+01   1.1533216837E-01
  2.8090000000E+01   1.1212264519E-01
  2.8100000000E+01   1.0885140681E-01
  2.8110000000E+01   1.0565152981E-01
  2.8120000000E+01   1.0265044989E-01
  2.8130000000E+01   9.9958484590E-02
  2.8140000000E+01   9.7659284430E-02
  2.8150000000E+01   9.5804094554E-02
  2.8160000000E+01   9.4409041505E-02
  2.8170000000E+01   9.3456709513E-02
  2.8180000000E+01   9.2900921121E-02
  2.8190000000E+01   9.2674110490E-02
  2.8200000000E+01   9.2696962495E-02
  2.8210000000E+01   9.2888507813E-02
  2.8220000000E+01   9.3175923612E-02
  2.8230000000E+01   9.3502470008E-02
  2.8240000000E+01   9.3832958681E-02
  2.8250000000E+01   9.4156131046E-02
  2.8260000000E+01   9.4482846107E-02
  2.8270000000E+01   9.4841635881E-02
  2.8280000000E+01   9.5271216200E-02
  2.8290000000E+01   9.5811459649E-02
  2.8300000000E+01   9.6494174851E-02
  2.8310000000E+01   9.7335023833E-02
  2.8320000000E+01   9.8327299203E-02
  2.8330000000E+01   9.9439285281E-02
  2.8340000000E+01   1.0061448028E-01
  2.8350000000E+01   1.0177557623E-01
  2.8360000000E+01   1.0283118841E-01
  2.8370000000E+01   1.0368459208E-01
  2.8380000000E+01   1.0424332640E-01
  2.8390000000E+01   1.0442862211E-01
  2.8400000000E+01   1.0418424595E-01
  2.8410000000E+01   1.0348247702E-01
  2.8420000000E+01   1.0232829969E-01
  2.8430000000E+01   1.0076025822E-01
  2.8440000000E+01   9.8848690276E-02
  2.8450000000E+01   9.6691512862E-02
  2.8460000000E+01   9.4407372187E-02
  2.8470000000E+01   9.2127860327E-02
  2.8480000000E+01   8.9988164351E-02
  2.8490000000E+01   8.8118181781E-02
  2.8500000000E+01   8.6633915738E-02
  2.8510000000E+01   8.5630146073E-02
  2.8520000000E+01   8.5174830738E-02
  2.8530000000E+01   8.5305949105E-02
  2.8540000000E+01   8.6030489385E-02
  2.8550000000E+01   8.7326063287E-02
  2.8560000000E+01   8.9144461244E-02
  2.8570000000E+01   9.1416878343E-02
  2.8580000000E+01   9.4060277481E-02
  2.8590000000E+01   9.6983333656E-02
  2.8600000000E+01   1.0009238265E-01
  2.8610000000E+01   1.0329558996E-01
  2.8620000000E+01   1.0650576338E-01
  2.8630000000E+01   1.0964133689E-01
  2.8640000000E+01   1.1262636835E-01
  2.8650000000E+01   1.1538951759E-01
  2.8660000000E+01   1.1786333751E-01
  2.8670000000E+01   1.1998375412E-01
  2.8680000000E+01   1.2169107524E-01
  2.8690000000E+01   1.2293178779E-01
  2.8700000000E+01   1.2366168575E-01
  2.8710000000E+01   1.2384906054E-01
  2.8720000000E+01   1.2347834145E-01
  2.8730000000E+01   1.2255255240E-01
  2.8740000000E+01   1.2109476945E-01
  2.8750000000E+01   1.1914784930E-01
  2.8760000000E+01   1.1677303556E-01
  2.8770000000E+01   1.1404711537E-01
  2.8780000000E+01   1.1105852975E-01
  2.8790000000E+01   1.0790333683E-01
  2.8800000000E+01   1.0468099403E-01
  2.8810000000E+01   1.0149010218E-01
  2.8820000000E+01   9.8424929847E-02
  2.8830000000E+01   9.5572282749E-02
  2.8840000000E+01   9.3008788905E-02
  2.8850000000E+01   9.0798994794E-02
  2.8860000000E+01   8.8994067149E-02
  2.8870000000E+01   8.7631037100E-02
  2.8880000000E+01   8.6733167017E-02
  2.8890000000E+01   8.6310664298E-02
  2.8900000000E+01   8.6362279847E-02
  2.8910000000E+01   8.6877147321E-02
  2.8920000000E+01   8.7836712734E-02
  2.8930000000E+01   8.9216415128E-02
  2.8940000000E+01   9.0986917647E-02
  2.8950000000E+01   9.3114508755E-02
  2.8960000000E+01   9.5560914331E-02
  2.8970000000E+01   9.8282338248E-02
  2.8980000000E+01   1.0122856431E-01
  2.8990000000E+01   1.0434130572E-01
  2.9000000000E+01   1.0755373882E-01
  2.9010000000E+01   1.1078995753E-01
  2.9020000000E+01   1.1396580765E-01
  2.9030000000E+01   1.1699033157E-01
  2.9040000000E+01   1.1976845195E-01
  2.9050000000E+01   1.2220422657E-01
  2.9060000000E+01   1.2420470470E-01
  2.9070000000E+01   1.2568410886E-01
  2.9080000000E+01   1.2656802525E-01
  2.9090000000E+01   1.2679720101E-01
  2.9100000000E+01   1.2633048135E-01
  2.9110000000E+01   1.2514737883E-01
  2.9120000000E+01   1.2324912403E-01
  2.9130000000E+01   1.2065902934E-01
  2.9140000000E+01   1.1742151341E-01
  2.9150000000E+01   1.1360029099E-01
  2.9160000000E+01   1.0927570719E-01
  2.9170000000E+01   1.0454138905E-01
  2.9180000000E+01   9.9500791291E-02
  2.9190000000E+01   9.4263242301E-02
  2.9200000000E+01   8.8940464108E-02
  2.9210000000E+01   8.3642860493E-02
  2.9220000000E+01   7.8476954587E-02
  2.9230000000E+01   7.3542452694E-02
  2.9240000000E+01   6.8930478507E-02
  2.9250000000E+01   6.4721721266E-02
  2.9260000000E+01   6.0985444173E-02
  2.9270000000E+01   5.7778655585E-02
  2.9280000000E+01   5.5145635315E-02
  2.9290000000E+01   5.3117586927E-02
  2.9300000000E+01   5.1712379834E-02
  2.9310000000E+01   5.0934610269E-02
  2.9320000000E+01   5.0775170443E-02
  2.9330000000E+01   5.1211547617E-02
  2.9340000000E+01   5.2208079438E-02
  2.9350000000E+01   5.3716578088E-02
  2.9360000000E+01   5.5677776946E-02
  2.9370000000E+01   5.8023600736E-02
  2.9380000000E+01   6.0679884272E-02
  2.9390000000E+01   6.3570367648E-02
  2.9400000000E+01   6.6620378826E-02
  2.9410000000E+01   6.9761007789E-02
  2.9420000000E+01   7.2932159935E-02
  2.9430000000E+01   7.6084957071E-02
  2.9440000000E+01   7.9181930847E-02
  2.9450000000E+01   8.2196202936E-02
  2.9460000000E+01   8.5108384374E-02
  2.9470000000E+01   8.7903032446E-02
  2.9480000000E+01   9.0564107988E-02
  2.9490000000E+01   9.3071027664E-02
  2.9500000000E+01   9.5396106240E-02
  2.9510000000E+01   9.7503454550E-02
  2.9520000000E+01   9.9350292182E-02
  2.9530000000E+01   1.0089040724E-01
  2.9540000000E+01   1.0207910408E-01
  2.9550000000E+01   1.0287935596E-01
  2.9560000000E+01   1.0326815227E-01
  2.9570000000E+01   1.0324188911E-01
  2.9580000000E+01   1.0282038149E-01
  2.9590000000E+01   1.0204895477E-01
  2.9600000000E+01   1.0099780401E-01
  2.9610000000E+01   9.9759421197E-02
  2.9620000000E+01   9.8443604860E-02
  2.9630000000E+01   9.7170795317E-02
  2.9640000000E+01   9.6064144899E-02
  2.9650000000E+01   9.5240722136E-02
  2.9660000000E+01   9.4802523979E-02
  2.9670000000E+01   9.4827863004E-02
  2.9680000000E+01   9.5363566641E-02
  2.9690000000E+01   9.6418966606E-02
  2.9700000000E+01   9.7961904160E-02
  2.9710000000E+01   9.9917607902E-02
  2.9720000000E+01   1.0217078936E-01
  2.9730000000E+01   1.0457131141E-01
  2.9740000000E+01   1.0694282189E-01
  2.9750000000E+01   1.0909493041E-01
  2.9760000000E+01   1.1083691315E-01
  2.9770000000E+01   1.1199258875E-01
  2.9780000000E+01   1.1241495555E-01
  2.9790000000E+01   1.1199864217E-01
  2.9800000000E+01   1.1068921434E-01
  2.9810000000E+01   1.0848832812E-01
  2.9820000000E+01   1.0545367227E-01
  2.9830000000E+01   1.0169403021E-01
  2.9840000000E+01   9.7359837410E-02
  2.9850000000E+01   9.2630127039E-02
  2.9860000000E+01   8.7697928871E-02
  2.9870000000E+01   8.2754966823E-02
  2.9880000000E+01   7.7977943401E-02
  2.9890000000E+01   7.3517757332E-02
  2.9900000000E+01   6.9492313696E-02
  2.9910000000E+01   6.5983123808E-02
  2.9920000000E+01   6.3036354825E-02
  2.9930000000E+01   6.0666014326E-02
  2.9940000000E+01   5.8859484184E-02
  2.9950000000E+01   5.7583709091E-02
  2.9960000000E+01   5.6790738909E-02
  2.9970000000E+01   5.6422361081E-02
  2.9980000000E+01   5.6413091669E-02
  2.9990000000E+01   5.6692192340E-02
  3.0000000000E+01   5.7184905940E-02
  3.0010000000E+01   5.7813532028E-02
  3.0020000000E+01   5.8499525129E-02
  3.0030000000E+01   5.9166303245E-02
  3.0040000000E+01   5.9743615528E-02
  3.0050000000E+01   6.0172368182E-02
  3.0060000000E+01   6.0409852883E-02
  3.0070000000E+01   6.0433907674E-02
  3.0080000000E+01   6.0245482415E-02
  3.0090000000E+01   5.9868379434E-02
  3.0100000000E+01   5.9346581507E-02
  3.0110000000E+01   5.8738298450E-02
  3.0120000000E+01   5.8108501890E-02
  3.0130000000E+01   5.7519914187E-02
  3.0140000000E+01   5.7024508449E-02
  3.0150000000E+01   5.6656294978E-02
  3.0160000000E+01   5.6426705940E-02
  3.0170000000E+01   5.6323241178E-02
  3.0180000000E+01   5.6311314078E-02
  3.0190000000E+01   5.6339267018E-02
  3.0200000000E+01   5.6345683026E-02
  3.0210000000E+01   5.6267815936E-02
  3.0220000000E+01   5.6050206842E-02
  3.0230000000E+01   5.5652423718E-02
  3.0240000000E+01   5.5054709637E-02
  3.0250000000E+01   5.4261480859E-02
  3.0260000000E+01   5.3302083496E-02
  3.0270000000E+01   5.2229235078E-02
  3.0280000000E+01   5.1115111927E-02
  3.0290000000E+01   5.0046076154E-02
  3.0300000000E+01   4.9116157681E-02
  3.0310000000E+01   4.8420279099E-02
  3.0320000000E+01   4.8047395028E-02
  3.0330000000E+01   4.8074239187E-02
  3.0340000000E+01   4.8559781194E-02
  3.0350000000E+01   4.9541123184E-02
  3.0360000000E+01   5.1030721268E-02
  3.0370000000E+01   5.3015360088E-02
  3.0380000000E+01   5.5457032079E-02
  3.0390000000E+01   5.8295677095E-02
  3.0400000000E+01   6.1453763791E-02
  3.0410000000E+01   6.4842433774E-02
  3.0420000000E+01   6.8368365129E-02
  3.0430000000E+01   7.1941334816E-02
  3.0440000000E+01   7.5480851580E-02
  3.0450000000E+01   7.8921772866E-02
  3.0460000000E+01   8.2217967910E-02
  3.0470000000E+01   8.5343372014E-02
  3.0480000000E+01   8.8290750333E-02
  3.0490000000E+01   9.1067769461E-02
  3.0500000000E+01   9.3691555432E-02
  3.0510000000E+01   9.6182147499E-02
  3.0520000000E+01   9.8555764565E-02
  3.0530000000E+01   1.0081889368E-01
  3.0540000000E+01   1.0296421107E-01
  3.0550000000E+01   1.0496858483E-01
  3.0560000000E+01   1.0679356430E-01
  3.0570000000E+01   1.0838850809E-01
  3.0580000000E+01   1.0969546630E-01
  3.0590000000E+01   1.1065592290E-01
  3.0600000000E+01   1.1121839987E-01
  3.0610000000E+01   1.1134536900E-01
  3.0620000000E+01   1.1102035767E-01
  3.0630000000E+01   1.1025246422E-01
  3.0640000000E+01   1.0907939614E-01
  3.0650000000E+01   1.0756738037E-01
  3.0660000000E+01   1.0580851039E-01
  3.0670000000E+01   1.0391495176E-01
  3.0680000000E+01   1.0201096690E-01
  3.0690000000E+01   1.0022307827E-01
  3.0700000000E+01   9.8668934309E-02
  3.0710000000E+01   9.7447174491E-02
  3.0720000000E+01   9.6628206034E-02
  3.0730000000E+01   9.6247886008E-02
  3.0740000000E+01   9.6304471199E-02
  3.0750000000E+01   9.6760134200E-02
  3.0760000000E+01   9.7546031146E-02
  3.0770000000E+01   9.8571508487E-02
  3.0780000000E+01   9.9735448453E-02
  3.0790000000E+01   1.0093927152E-01
  3.0800000000E+01   1.0209912822E-01
  3.0810000000E+01   1.0315613060E-01
  3.0820000000E+01   1.0408278029E-01
  3.0830000000E+01   1.0488512069E-01
  3.0840000000E+01   1.0559943010E-01
  3.0850000000E+01   1.0628483560E-01
  3.0860000000E+01   1.0701188905E-01
  3.0870000000E+01   1.0784946415E-01
  3.0880000000E+01   1.0885124025E-01
  3.0890000000E+01   1.1004474317E-01
  3.0900000000E+01   1.1142362004E-01
  3.0910000000E+01   1.1294525335E-01
  3.0920000000E+01   1.1453363633E-01
  3.0930000000E+01   1.1608737027E-01
  3.0940000000E+01   1.1749152185E-01
  3.0950000000E+01   1.1863168964E-01
  3.0960000000E+01   1.1940819666E-01
  3.0970000000E+01   1.1974861444E-01
  3.0980000000E+01   1.1961626575E-01
  3.0990000000E+01   1.1901483417E-01
  3.1000000000E+01   1.1798749666E-01
  3.1010000000E+01   1.1661194479E-01
  3.1020000000E+01   1.1499166884E-01
  3.1030000000E+01   1.1324533024E-01
  3.1040000000E+01   1.1149541090E-01
  3.1050000000E+01   1.0985769064E-01
  3.1060000000E+01   1.0843256254E-01
  3.1070000000E+01   1.0729901742E-01
  3.1080000000E+01   1.0651129728E-01
  3.1090000000E+01   1.0609809514E-01
  3.1100000000E+01   1.0606427808E-01
  3.1110000000E+01   1.0639400146E-01
  3.1120000000E+01   1.0705492759E-01
  3.1130000000E+01   1.0800305316E-01
  3.1140000000E+01   1.0918766736E-01
  3.1150000000E+01   1.1055576433E-01
  3.1160000000E+01   1.1205615496E-01
  3.1170000000E+01   1.1364217884E-01
  3.1180000000E+01   1.1527353150E-01
  3.1190000000E+01   1.1691662236E-01
  3.1200000000E+01   1.1854347712E-01
  3.1210000000E+01   1.2012937255E-01
  3.1220000000E+01   1.2164940403E-01
  3.1230000000E+01   1.2307463141E-01
  3.1240000000E+01   1.2436879815E-01
  3.1250000000E+01   1.2548562857E-01
  3.1260000000E+01   1.2636808784E-01
  3.1270000000E+01   1.2694984614E-01
  3.1280000000E+01   1.2715880529E-01
  3.1290000000E+01   1.2692285338E-01
  3.1300000000E+01   1.2617714312E-01
  3.1310000000E+01   1.2487174836E-01
  3.1320000000E+01   1.2297920669E-01
  3.1330000000E+01   1.2050097053E-01
  3.1340000000E+01   1.1747086631E-01
  3.1350000000E+01   1.1395753669E-01
  3.1360000000E+01   1.1006270516E-01
  3.1370000000E+01   1.0591787906E-01
  3.1380000000E+01   1.0167856360E-01
  3.1390000000E+01   9.7517161679E-02
  3.1400000000E+01   9.3614362202E-02
  3.1410000000E+01   9.0150714698E-02
  3.1420000000E+01   8.7297571149E-02
  3.1430000000E+01   8.5208426231E-02
  3.1440000000E+01   8.4010730330E-02
  3.1450000000E+01   8.3798348061E-02
  3.1460000000E+01   8.4625293882E-02
  3.1470000000E+01   8.6500562903E-02
  3.1480000000E+01   8.9385528071E-02
  3.1490000000E+01   9.3192953690E-02
  3.1500000000E+01   9.7789543876E-02
  3.1510000000E+01   1.0300106759E-01
  3.1520000000E+01   1.0862063041E-01
  3.1530000000E+01   1.1441964460E-01
  3.1540000000E+01   1.2016059476E-01
  3.1550000000E+01   1.2561159821E-01
  3.1560000000E+01   1.3056091914E-01
  3.1570000000E+01   1.3483103968E-01
  3.1580000000E+01   1.3829099143E-01
  3.1590000000E+01   1.4086609393E-01
  3.1600000000E+01   1.4254434745E-01
  3.1610000000E+01   1.4337819575E-01
  3.1620000000E+01   1.4348273318E-01
  3.1630000000E+01   1.4302813477E-01
  3.1640000000E+01   1.4222843133E-01
  3.1650000000E+01   1.4132594496E-01
  3.1660000000E+01   1.4057233376E-01
  3.1670000000E+01   1.4020818981E-01
  3.1680000000E+01   1.4044192926E-01
  3.1690000000E+01   1.4142981260E-01
  3.1700000000E+01   1.4325967443E-01
  3.1710000000E+01   1.4593886928E-01
  3.1720000000E+01   1.4938925997E-01
  3.1730000000E+01   1.5344940282E-01
  3.1740000000E+01   1.5788455056E-01
  3.1750000000E+01   1.6240456934E-01
  3.1760000000E+01   1.6668793561E-01
  3.1770000000E+01   1.7041027216E-01
  3.1780000000E+01   1.7327447870E-01
  3.1790000000E+01   1.7503945986E-01
  3.1800000000E+01   1.7554458941E-01
  3.1810000000E+01   1.7472660903E-01
  3.1820000000E+01   1.7262735523E-01
  3.1830000000E+01   1.6939124430E-01
  3.1840000000E+01   1.6525228804E-01
  3.1850000000E+01   1.6051218069E-01
  3.1860000000E+01   1.5551180650E-01
  3.1870000000E+01   1.5059924437E-01
  3.1880000000E+01   1.4609779719E-01
  3.1890000000E+01   1.4227728536E-01
  3.1900000000E+01   1.3933192313E-01
  3.1910000000E+01   1.3736613081E-01
  3.1920000000E+01   1.3639021424E-01
  3.1930000000E+01   1.3632465827E-01
  3.1940000000E+01   1.3701320643E-01
  3.1950000000E+01   1.3824162928E-01
  3.1960000000E+01   1.3976020707E-01
  3.1970000000E+01   1.4130795421E-01
  3.1980000000E+01   1.4263511494E-01
  3.1990000000E+01   1.4352268913E-01
  3.2000000000E+01   1.4379761223E-01
  3.2010000000E+01   1.4334212988E-01
  3.2020000000E+01   1.4209811389E-01
  3.2030000000E+01   1.4006592690E-01
  3.2040000000E+01   1.3729868252E-01
  3.2050000000E+01   1.3389327942E-01
  3.2060000000E+01   1.2997943249E-01
  3.2070000000E+01   1.2570713920E-01
  3.2080000000E+01   1.2123510529E-01
  3.2090000000E+01   1.1672033495E-01
  3.2100000000E+01   1.1230977996E-01
  3.2110000000E+01   1.0813499579E-01
  3.2120000000E+01   1.0430944104E-01
  3.2130000000E+01   1.0092781196E-01
  3.2140000000E+01   9.8067555527E-02
  3.2150000000E+01   9.5790617417E-02
  3.2160000000E+01   9.4145238752E-02
  3.2170000000E+01   9.3166179409E-02
  3.2180000000E+01   9.2873837224E-02
  3.2190000000E+01   9.3271261485E-02
  3.2200000000E+01   9.4340348950E-02
  3.2210000000E+01   9.6037849190E-02
  3.2220000000E+01   9.8291696440E-02
  3.2230000000E+01   1.0099978692E-01
  3.2240000000E+01   1.0403149968E-01
  3.2250000000E+01   1.0723233025E-01
  3.2260000000E+01   1.1043180521E-01
  3.2270000000E+01   1.1345350186E-01
  3.2280000000E+01   1.1612703879E-01
  3.2290000000E+01   1.1829913511E-01
  3.2300000000E+01   1.1984398611E-01
  3.2310000000E+01   1.2067091648E-01
  3.2320000000E+01   1.2072879000E-01
  3.2330000000E+01   1.2000699876E-01
  3.2340000000E+01   1.1853369727E-01
  3.2350000000E+01   1.1637134311E-01
  3.2360000000E+01   1.1361059941E-01
  3.2370000000E+01   1.1036372413E-01
  3.2380000000E+01   1.0675783402E-01
  3.2390000000E+01   1.0292835773E-01
  3.2400000000E+01   9.9013688312E-02
  3.2410000000E+01   9.5150257806E-02
  3.2420000000E+01   9.1468615022E-02
  3.2430000000E+01   8.8089934745E-02
  3.2440000000E+01   8.5123154533E-02
  3.2450000000E+01   8.2662266041E-02
  3.2460000000E+01   8.0784367776E-02
  3.2470000000E+01   7.9547465978E-02
  3.2480000000E+01   7.8989039830E-02
  3.2490000000E+01   7.9124560167E-02
  3.2500000000E+01   7.9946522704E-02
  3.2510000000E+01   8.1424048532E-02
  3.2520000000E+01   8.3502824401E-02
  3.2530000000E+01   8.6106410930E-02
  3.2540000000E+01   8.9137829756E-02
  3.2550000000E+01   9.2483253880E-02
  3.2560000000E+01   9.6016439004E-02
  3.2570000000E+01   9.9604518300E-02
  3.2580000000E+01   1.0311457058E-01
  3.2590000000E+01   1.0642077536E-01
  3.2600000000E+01   1.0941097398E-01
  3.2610000000E+01   1.1199258494E-01
  3.2620000000E+01   1.1409660440E-01
  3.2630000000E+01   1.1568008942E-01
  3.2640000000E+01   1.1672630552E-01
  3.2650000000E+01   1.1724319903E-01
  3.2660000000E+01   1.1726019042E-01
  3.2670000000E+01   1.1682454352E-01
  3.2680000000E+01   1.1599702698E-01
  3.2690000000E+01   1.1484858978E-01
  3.2700000000E+01   1.1345701510E-01
  3.2710000000E+01   1.1190519151E-01
  3.2720000000E+01   1.1027923894E-01
  3.2730000000E+01   1.0866730843E-01
  3.2740000000E+01   1.0715742223E-01
  3.2750000000E+01   1.0583482243E-01
  3.2760000000E+01   1.0477779087E-01
  3.2770000000E+01   1.0405220977E-01
  3.2780000000E+01   1.0370523044E-01
  3.2790000000E+01   1.0375915950E-01
  3.2800000000E+01   1.0420595215E-01
  3.2810000000E+01   1.0500405804E-01
  3.2820000000E+01   1.0607881428E-01
  3.2830000000E+01   1.0732602839E-01
  3.2840000000E+01   1.0862046433E-01
  3.2850000000E+01   1.0982730006E-01
  3.2860000000E+01   1.1081609766E-01
  3.2870000000E+01   1.1147540289E-01
  3.2880000000E+01   1.1172602610E-01
  3.2890000000E+01   1.1153089211E-01
  3.2900000000E+01   1.1090009188E-01
  3.2910000000E+01   1.0989014624E-01
  3.2920000000E+01   1.0859766365E-01
  3.2930000000E+01   1.0714801179E-01
  3.2940000000E+01   1.0568110571E-01
  3.2950000000E+01   1.0433572633E-01
  3.2960000000E+01   1.0323565171E-01
  3.2970000000E+01   1.0247879985E-01
  3.2980000000E+01   1.0213114595E-01
  3.2990000000E+01   1.0222589107E-01
  3.3000000000E+01   1.0276755359E-01
  3.3010000000E+01   1.0373987575E-01
  3.3020000000E+01   1.0511528493E-01
  3.3030000000E+01   1.0686456119E-01
  3.3040000000E+01   1.0896420472E-01
  3.3050000000E+01   1.1140073395E-01
  3.3060000000E+01   1.1417032542E-01
  3.3070000000E+01   1.1727513888E-01
  3.3080000000E+01   1.2071616228E-01
  3.3090000000E+01   1.2448491551E-01
  3.3100000000E+01   1.2855523662E-01
  3.3110000000E+01   1.3287694104E-01
  3.3120000000E+01   1.3737285386E-01
  3.3130000000E+01   1.4193913937E-01
  3.3140000000E+01   1.4645005526E-01
  3.3150000000E+01   1.5076518345E-01
  3.3160000000E+01   1.5473849668E-01
  3.3170000000E+01   1.5822813949E-01
  3.3180000000E+01   1.6110505486E-01
  3.3190000000E+01   1.6325993150E-01
  3.3200000000E+01   1.6460821480E-01
  3.3210000000E+01   1.6509269686E-01
  3.3220000000E+01   1.6468460239E-01
  3.3230000000E+01   1.6338398276E-01
  3.3240000000E+01   1.6121927134E-01
  3.3250000000E+01   1.5824774493E-01
  3.3260000000E+01   1.5455565271E-01
  3.3270000000E+01   1.5025826574E-01
  3.3280000000E+01   1.4549890689E-01
  3.3290000000E+01   1.4044624675E-01
  3.3300000000E+01   1.3528914309E-01
  3.3310000000E+01   1.3022813994E-01
  3.3320000000E+01   1.2546434999E-01
  3.3330000000E+01   1.2118617520E-01
  3.3340000000E+01   1.1755491650E-01
  3.3350000000E+01   1.1469115634E-01
  3.3360000000E+01   1.1266367367E-01
  3.3370000000E+01   1.1148228326E-01
  3.3380000000E+01   1.1109627232E-01
  3.3390000000E+01   1.1139878730E-01
  3.3400000000E+01   1.1223705884E-01
  3.3410000000E+01   1.1342770590E-01
  3.3420000000E+01   1.1477522213E-01
  3.3430000000E+01   1.1609173140E-01
  3.3440000000E+01   1.1721561506E-01
  3.3450000000E+01   1.1802656339E-01
  3.3460000000E+01   1.1845535674E-01
  3.3470000000E+01   1.1848690161E-01
  3.3480000000E+01   1.1815649803E-01
  3.3490000000E+01   1.1753965770E-01
  3.3500000000E+01   1.1673748518E-01
  3.3510000000E+01   1.1585864421E-01
  3.3520000000E+01   1.1500228874E-01
  3.3530000000E+01   1.1424234589E-01
  3.3540000000E+01   1.1361697717E-01
  3.3550000000E+01   1.1312389084E-01
  3.3560000000E+01   1.1272157641E-01
  3.3570000000E+01   1.1233711873E-01
  3.3580000000E+01   1.1187787159E-01
  3.3590000000E+01   1.1124637224E-01
  3.3600000000E+01   1.1035483867E-01
  3.3610000000E+01   1.0913841608E-01
  3.3620000000E+01   1.0756421707E-01
  3.3630000000E+01   1.0563609048E-01
  3.3640000000E+01   1.0339397168E-01
  3.3650000000E+01   1.0090942809E-01
  3.3660000000E+01   9.8277398506E-02
  3.3670000000E+01   9.5606646514E-02
  3.3680000000E+01   9.3009610956E-02
  3.3690000000E+01   9.0593667510E-02
  3.3700000000E+01   8.8454155486E-02
  3.3710000000E+01   8.6669585903E-02
  3.3720000000E+01   8.5299195184E-02
  3.3730000000E+01   8.4381734362E-02
  3.3740000000E+01   8.3935666795E-02
  3.3750000000E+01   8.3959329719E-02
  3.3760000000E+01   8.4431771315E-02
  3.3770000000E+01   8.5313157695E-02
  3.3780000000E+01   8.6546189564E-02
  3.3790000000E+01   8.8058141931E-02
  3.3800000000E+01   8.9764516132E-02
  3.3810000000E+01   9.1573772610E-02
  3.3820000000E+01   9.3393919722E-02
  3.3830000000E+01   9.5139498137E-02
  3.3840000000E+01   9.6738600730E-02
  3.3850000000E+01   9.8138623265E-02
  3.3860000000E+01   9.9309475098E-02
  3.3870000000E+01   1.0024446543E-01
  3.3880000000E+01   1.0095781130E-01
  3.3890000000E+01   1.0147975289E-01
  3.3900000000E+01   1.0184997612E-01
  3.3910000000E+01   1.0211110260E-01
  3.3920000000E+01   1.0230268822E-01
  3.3930000000E+01   1.0245798752E-01
  3.3940000000E+01   1.0260304583E-01
  3.3950000000E+01   1.0275836670E-01
  3.3960000000E+01   1.0294257198E-01
  3.3970000000E+01   1.0317636747E-01
  3.3980000000E+01   1.0348584845E-01
  3.3990000000E+01   1.0390368862E-01
  3.4000000000E+01   1.0446753842E-01
  3.4010000000E+01   1.0521507354E-01
  3.4020000000E+01   1.0617685260E-01
  3.4030000000E+01   1.0736793296E-01
  3.4040000000E+01   1.0877989779E-01
  3.4050000000E+01   1.1037504340E-01
  3.4060000000E+01   1.1208437064E-01
  3.4070000000E+01   1.1380988373E-01
  3.4080000000E+01   1.1543210321E-01
  3.4090000000E+01   1.1682119657E-01
  3.4100000000E+01   1.1785087572E-01
  3.4110000000E+01   1.1841309324E-01
  3.4120000000E+01   1.1843123514E-01
  3.4130000000E+01   1.1786971541E-01
  3.4140000000E+01   1.1673891294E-01
  3.4150000000E+01   1.1509408352E-01
  3.4160000000E+01   1.1302916427E-01
  3.4170000000E+01   1.1066524401E-01
  3.4180000000E+01   1.0813713072E-01
  3.4190000000E+01   1.0557823551E-01
  3.4200000000E+01   1.0310721344E-01
  3.4210000000E+01   1.0081747747E-01
  3.4220000000E+01   9.8770894546E-02
  3.4230000000E+01   9.6996730598E-02
  3.4240000000E+01   9.5493797924E-02
  3.4250000000E+01   9.4236661455E-02
  3.4260000000E+01   9.3183055795E-02
  3.4270000000E+01   9.2281700780E-02
  3.4280000000E+01   9.1478783262E-02
  3.4290000000E+01   9.0722678510E-02
  3.4300000000E+01   8.9966630514E-02
  3.4310000000E+01   8.9169721846E-02
  3.4320000000E+01   8.8297431802E-02
  3.4330000000E+01   8.7321778514E-02
  3.4340000000E+01   8.6222993435E-02
  3.4350000000E+01   8.4992207505E-02
  3.4360000000E+01   8.3635425342E-02
  3.4370000000E+01   8.2177764103E-02
  3.4380000000E+01   8.0667421960E-02
  3.4390000000E+01   7.9177410302E-02
  3.4400000000E+01   7.7804718608E-02
  3.4410000000E+01   7.6665380901E-02
  3.4420000000E+01   7.5885877782E-02
  3.4430000000E+01   7.5591445595E-02
  3.4440000000E+01   7.5891938415E-02
  3.4450000000E+01   7.6867541840E-02
  3.4460000000E+01   7.8555743248E-02
  3.4470000000E+01   8.0941932061E-02
  3.4480000000E+01   8.3954374170E-02
  3.4490000000E+01   8.7465436863E-02
  3.4500000000E+01   9.1298674286E-02
  3.4510000000E+01   9.5241327064E-02
  3.4520000000E+01   9.9061594547E-02
  3.4530000000E+01   1.0252835502E-01
  3.4540000000E+01   1.0543175911E-01
  3.4550000000E+01   1.0760221168E-01
  3.4560000000E+01   1.0892590035E-01
  3.4570000000E+01   1.0935546971E-01
  3.4580000000E+01   1.0891401539E-01
  3.4590000000E+01   1.0769305827E-01
  3.4600000000E+01   1.0584343425E-01
  3.4610000000E+01   1.0356130657E-01
  3.4620000000E+01   1.0106985377E-01
  3.4630000000E+01   9.8599010042E-02
  3.4640000000E+01   9.6365378820E-02
  3.4650000000E+01   9.4554357788E-02
  3.4660000000E+01   9.3306343490E-02
  3.4670000000E+01   9.2708213363E-02
  3.4680000000E+01   9.2791405405E-02
  3.4690000000E+01   9.3535653694E-02
  3.4700000000E+01   9.4878293844E-02
  3.4710000000E+01   9.6727557599E-02
  3.4720000000E+01   9.8977863958E-02
  3.4730000000E+01   1.0152494759E-01
  3.4740000000E+01   1.0427905994E-01
  3.4750000000E+01   1.0717429237E-01
  3.4760000000E+01   1.1017301576E-01
  3.4770000000E+01   1.1326478213E-01
  3.4780000000E+01   1.1646049955E-01
  3.4790000000E+01   1.1978253200E-01
  3.4800000000E+01   1.2325214114E-01
  3.4810000000E+01   1.2687690925E-01
  3.4820000000E+01   1.3063947552E-01
  3.4830000000E+01   1.3448938423E-01
  3.4840000000E+01   1.3833975321E-01
  3.4850000000E+01   1.4206868851E-01
  3.4860000000E+01   1.4552587732E-01
  3.4870000000E+01   1.4854335052E-01
  3.4880000000E+01   1.5094889469E-01
  3.4890000000E+01   1.5258066166E-01
  3.4900000000E+01   1.5330084379E-01
  3.4910000000E+01   1.5300737098E-01
  3.4920000000E+01   1.5164155964E-01
  3.4930000000E+01   1.4919216532E-01
  3.4940000000E+01   1.4569482246E-01
  3.4950000000E+01   1.4122791387E-01
  3.4960000000E+01   1.3590599907E-01
  3.4970000000E+01   1.2987137243E-01
  3.4980000000E+01   1.2328532081E-01
  3.4990000000E+01   1.1631985079E-01
  3.5000000000E+01   1.0915049029E-01
  3.5010000000E+01   1.0195029495E-01
  3.5020000000E+01   9.4885103125E-02
  3.5030000000E+01   8.8109275585E-02
  3.5040000000E+01   8.1762162457E-02
  3.5050000000E+01   7.5964421606E-02
  3.5060000000E+01   7.0814148769E-02
  3.5070000000E+01   6.6383337141E-02
  3.5080000000E+01   6.2714422744E-02
  3.5090000000E+01   5.9817932760E-02
  3.5100000000E+01   5.7671620305E-02
  3.5110000000E+01   5.6221202411E-02
  3.5120000000E+01   5.5383920867E-02
  3.5130000000E+01   5.5053815111E-02
  3.5140000000E+01   5.5109355573E-02
  3.5150000000E+01   5.5421961332E-02
  3.5160000000E+01   5.5865600809E-02
  3.5170000000E+01   5.6326163712E-02
  3.5180000000E+01   5.6709110052E-02
  3.5190000000E+01   5.6946121589E-02
  3.5200000000E+01   5.6998871948E-02
  3.5210000000E+01   5.6860113685E-02
  3.5220000000E+01   5.6552400405E-02
  3.5230000000E+01   5.6124057818E-02
  3.5240000000E+01   5.5643569032E-02
  3.5250000000E+01   5.5192317001E-02
  3.5260000000E+01   5.4857102979E-02
  3.5270000000E+01   5.4722543659E-02
  3.5280000000E+01   5.4864321437E-02
  3.5290000000E+01   5.5343822125E-02
  3.5300000000E+01   5.6204402017E-02
  3.5310000000E+01   5.7468943995E-02
  3.5320000000E+01   5.9139687499E-02
  3.5330000000E+01   6.1198464211E-02
  3.5340000000E+01   6.3608745845E-02
  3.5350000000E+01   6.6317847213E-02
  3.5360000000E+01   6.9259570532E-02
  3.5370000000E+01   7.2356627423E-02
  3.5380000000E+01   7.5523394987E-02
  3.5390000000E+01   7.8668568180E-02
  3.5400000000E+01   8.1697806162E-02
  3.5410000000E+01   8.4517116770E-02
  3.5420000000E+01   8.7036486995E-02
  3.5430000000E+01   8.9174348291E-02
  3.5440000000E+01   9.0862266182E-02
  3.5450000000E+01   9.2050263799E-02
  3.5460000000E+01   9.2711536952E-02
  3.5470000000E+01   9.2846520312E-02
  3.5480000000E+01   9.2485587182E-02
  3.5490000000E+01   9.1689612326E-02
  3.5500000000E+01   9.0547920671E-02
  3.5510000000E+01   8.9173663467E-02
  3.5520000000E+01   8.7696429795E-02
  3.5530000000E+01   8.6252681953E-02
  3.5540000000E+01   8.4974428214E-02
  3.5550000000E+01   8.3978160666E-02
  3.5560000000E+01   8.3354087069E-02
  3.5570000000E+01   8.3158030609E-02
  3.5580000000E+01   8.3406392570E-02
  3.5590000000E+01   8.4075272194E-02
  3.5600000000E+01   8.5104075755E-02
  3.5610000000E+01   8.6402720369E-02
  3.5620000000E+01   8.7862308292E-02
  3.5630000000E+01   8.9367002225E-02
  3.5640000000E+01   9.0806264640E-02
  3.5650000000E+01   9.2085138168E-02
  3.5660000000E+01   9.3131718070E-02
  3.5670000000E+01   9.3900828532E-02
  3.5680000000E+01   9.4373737315E-02
  3.5690000000E+01   9.4554315534E-02
  3.5700000000E+01   9.4463071750E-02
  3.5710000000E+01   9.4129711742E-02
  3.5720000000E+01   9.3586426083E-02
  3.5730000000E+01   9.2862565391E-02
  3.5740000000E+01   9.1981562194E-02
  3.5750000000E+01   9.0960383405E-02
  3.5760000000E+01   8.9810696353E-02
  3.5770000000E+01   8.8541928139E-02
  3.5780000000E+01   8.7163773749E-02
  3.5790000000E+01   8.5688630388E-02
  3.5800000000E+01   8.4132313757E-02
  3.5810000000E+01   8.2513382071E-02
  3.5820000000E+01   8.0850724222E-02
  3.5830000000E+01   7.9160927925E-02
  3.5840000000E+01   7.7455074625E-02
  3.5850000000E+01   7.5737127762E-02
  3.5860000000E+01   7.4003362608E-02
  3.5870000000E+01   7.2243978912E-02
  3.5880000000E+01   7.0446267253E-02
  3.5890000000E+01   6.8599000331E-02
  3.5900000000E+01   6.6697360470E-02
  3.5910000000E+01   6.4746920250E-02
  3.5920000000E+01   6.2766710885E-02
  3.5930000000E+01   6.0789797607E-02
  3.5940000000E+01   5.8862101599E-02
  3.5950000000E+01   5.7038741929E-02
  3.5960000000E+01   5.5378847593E-02
  3.5970000000E+01   5.3939380603E-02
  3.5980000000E+01   5.2768849247E-02
  3.5990000000E+01   5.1901569257E-02
  3.6000000000E+01   5.1353569611E-02
  3.6010000000E+01   5.1120098838E-02
  3.6020000000E+01   5.1175623377E-02
  3.6030000000E+01   5.1475588012E-02
  3.6040000000E+01   5.1960519024E-02
  3.6050000000E+01   5.2561433100E-02
  3.6060000000E+01   5.3205802793E-02
  3.6070000000E+01   5.3823953275E-02
  3.6080000000E+01   5.4354811975E-02
  3.6090000000E+01   5.4750243076E-02
  3.6100000000E+01   5.4978195208E-02
  3.6110000000E+01   5.5023460611E-02
  3.6120000000E+01   5.4887162939E-02
  3.6130000000E+01   5.4584344268E-02
  3.6140000000E+01   5.4140763950E-02
  3.6150000000E+01   5.3588952190E-02
  3.6160000000E+01   5.2965005244E-02
  3.6170000000E+01   5.2305160087E-02
  3.6180000000E+01   5.1644324128E-02
  3.6190000000E+01   5.1015003026E-02
  3.6200000000E+01   5.0447838918E-02
  3.6210000000E+01   4.9972731277E-02
  3.6220000000E+01   4.9620263745E-02
  3.6230000000E+01   4.9423253705E-02
  3.6240000000E+01   4.9417736703E-02
  3.6250000000E+01   4.9643030725E-02
  3.6260000000E+01   5.0141380950E-02
  3.6270000000E+01   5.0955974974E-02
  3.6280000000E+01   5.2129091066E-02
  3.6290000000E+01   5.3699265239E-02
  3.6300000000E+01   5.5698559341E-02
  3.6310000000E+01   5.8149775987E-02
  3.6320000000E+01   6.1063940729E-02
  3.6330000000E+01   6.4437876398E-02
  3.6340000000E+01   6.8252111534E-02
  3.6350000000E+01   7.2468984837E-02
  3.6360000000E+01   7.7031079560E-02
  3.6370000000E+01   8.1860237995E-02
  3.6380000000E+01   8.6857665832E-02
  3.6390000000E+01   9.1905108847E-02
  3.6400000000E+01   9.6868193864E-02
  3.6410000000E+01   1.0160172340E-01
  3.6420000000E+01   1.0595700258E-01
  3.6430000000E+01   1.0979120859E-01
  3.6440000000E+01   1.1297761501E-01
  3.6450000000E+01   1.1541585951E-01
  3.6460000000E+01   1.1704108508E-01
  3.6470000000E+01   1.1783047268E-01
  3.6480000000E+01   1.1780636054E-01
  3.6490000000E+01   1.1703493858E-01
  3.6500000000E+01   1.1562138414E-01
  3.6510000000E+01   1.1370066101E-01
  3.6520000000E+01   1.1142597124E-01
  3.6530000000E+01   1.0895572441E-01
  3.6540000000E+01   1.0644053828E-01
  3.6550000000E+01   1.0401179954E-01
  3.6560000000E+01   1.0177246148E-01
  3.6570000000E+01   9.9791393158E-02
  3.6580000000E+01   9.8100821919E-02
  3.6590000000E+01   9.6697704613E-02
  3.6600000000E+01   9.5547507081E-02
  3.6610000000E+01   9.4590646922E-02
  3.6620000000E+01   9.3750480823E-02
  3.6630000000E+01   9.2942189651E-02
  3.6640000000E+01   9.2081740852E-02
  3.6650000000E+01   9.1094470633E-02
  3.6660000000E+01   8.9922552919E-02
  3.6670000000E+01   8.8530929091E-02
  3.6680000000E+01   8.6911044669E-02
  3.6690000000E+01   8.5082472537E-02
  3.6700000000E+01   8.3091777635E-02
  3.6710000000E+01   8.1009020578E-02
  3.6720000000E+01   7.8921770599E-02
  3.6730000000E+01   7.6927600717E-02
  3.6740000000E+01   7.5125285821E-02
  3.6750000000E+01   7.3605789165E-02
  3.6760000000E+01   7.2443684828E-02
  3.6770000000E+01   7.1690041706E-02
  3.6780000000E+01   7.1367305278E-02
  3.6790000000E+01   7.1466499612E-02
  3.6800000000E+01   7.1947198894E-02
  3.6810000000E+01   7.2739966705E-02
  3.6820000000E+01   7.3750947186E-02
  3.6830000000E+01   7.4868654553E-02
  3.6840000000E+01   7.5971847292E-02
  3.6850000000E+01   7.6938216186E-02
  3.6860000000E+01   7.7653340561E-02
  3.6870000000E+01   7.8019015535E-02
  3.6880000000E+01   7.7960500480E-02
  3.6890000000E+01   7.7432186038E-02
  3.6900000000E+01   7.6420946273E-02
  3.6910000000E+01   7.4946977196E-02
  3.6920000000E+01   7.3061918166E-02
  3.6930000000E+01   7.0844627904E-02
  3.6940000000E+01   6.8394255349E-02
  3.6950000000E+01   6.5822310346E-02
  3.6960000000E+01   6.3243405231E-02
  3.6970000000E+01   6.0766537347E-02
  3.6980000000E+01   5.8486797170E-02
  3.6990000000E+01   5.6479313202E-02
  3.7000000000E+01   5.4794795025E-02
  3.7010000000E+01   5.3457672028E-02
  3.7020000000E+01   5.2466512935E-02
  3.7030000000E+01   5.1796242685E-02
  3.7040000000E+01   5.1402590446E-02
  3.7050000000E+01   5.1227213455E-02
  3.7060000000E+01   5.1204280184E-02
  3.7070000000E+01   5.1267286446E-02
  3.7080000000E+01   5.1356266575E-02
  3.7090000000E+01   5.1424336526E-02
  3.7100000000E+01   5.1444243055E-02
  3.7110000000E+01   5.1413253981E-02
  3.7120000000E+01   5.1356781610E-02
  3.7130000000E+01   5.1329333238E-02
  3.7140000000E+01   5.1413212432E-02
  3.7150000000E+01   5.1714043726E-02
  3.7160000000E+01   5.2353529082E-02
  3.7170000000E+01   5.3459714484E-02
  3.7180000000E+01   5.5155512194E-02
  3.7190000000E+01   5.7546782925E-02
  3.7200000000E+01   6.0710798046E-02
  3.7210000000E+01   6.4686977649E-02
  3.7220000000E+01   6.9470211230E-02
  3.7230000000E+01   7.5008682818E-02
  3.7240000000E+01   8.1205259276E-02
  3.7250000000E+01   8.7923500849E-02
  3.7260000000E+01   9.4996582496E-02
  3.7270000000E+01   1.0223854949E-01
  3.7280000000E+01   1.0945681183E-01
  3.7290000000E+01   1.1646352452E-01
  3.7300000000E+01   1.2308631270E-01
  3.7310000000E+01   1.2917549688E-01
  3.7320000000E+01   1.3460893415E-01
  3.7330000000E+01   1.3929353998E-01
  3.7340000000E+01   1.4316407179E-01
  3.7350000000E+01   1.4617995299E-01
  3.7360000000E+01   1.4832088286E-01
  3.7370000000E+01   1.4958238378E-01
  3.7380000000E+01   1.4997171375E-01
  3.7390000000E+01   1.4950528922E-01
  3.7400000000E+01   1.4820798461E-01
  3.7410000000E+01   1.4611388752E-01
  3.7420000000E+01   1.4326899840E-01
  3.7430000000E+01   1.3973447735E-01
  3.7440000000E+01   1.3559050273E-01
  3.7450000000E+01   1.3093906790E-01
  3.7460000000E+01   1.2590498370E-01
  3.7470000000E+01   1.2063493734E-01
  3.7480000000E+01   1.1529312687E-01
  3.7490000000E+01   1.1005453473E-01
  3.7500000000E+01   1.0509535010E-01
  3.7510000000E+01   1.0058203442E-01
  3.7520000000E+01   9.6659521527E-02
  3.7530000000E+01   9.3440566426E-02
  3.7540000000E+01   9.0996909954E-02
  3.7550000000E+01   8.9353741349E-02
  3.7560000000E+01   8.8488257831E-02
  3.7570000000E+01   8.8332627996E-02
  3.7580000000E+01   8.8781189956E-02
  3.7590000000E+01   8.9701254495E-02
  3.7600000000E+01   9.0946067479E-02
  3.7610000000E+01   9.2368981304E-02
  3.7620000000E+01   9.3836535756E-02
  3.7630000000E+01   9.5239200322E-02
  3.7640000000E+01   9.6498644311E-02
  3.7650000000E+01   9.7570235526E-02
  3.7660000000E+01   9.8441378587E-02
  3.7670000000E+01   9.9125296901E-02
  3.7680000000E+01   9.9652226808E-02
  3.7690000000E+01   1.0005849826E-01
  3.7700000000E+01   1.0037637351E-01
  3.7710000000E+01   1.0062491163E-01
  3.7720000000E+01   1.0080426275E-01
  3.7730000000E+01   1.0089358563E-01
  3.7740000000E+01   1.0085286058E-01
  3.7750000000E+01   1.0062876900E-01
  3.7760000000E+01   1.0016266488E-01
  3.7770000000E+01   9.9400842627E-02
  3.7780000000E+01   9.8304393788E-02
  3.7790000000E+01   9.6858064699E-02
  3.7800000000E+01   9.5076987580E-02
  3.7810000000E+01   9.3009732384E-02
  3.7820000000E+01   9.0738286893E-02
  3.7830000000E+01   8.8374188660E-02
  3.7840000000E+01   8.6051321416E-02
  3.7850000000E+01   8.3916381522E-02
  3.7860000000E+01   8.2117764487E-02
  3.7870000000E+01   8.0793682184E-02
  3.7880000000E+01   8.0060921643E-02
  3.7890000000E+01   8.0004983924E-02
  3.7900000000E+01   8.0673169602E-02
  3.7910000000E+01   8.2070250008E-02
  3.7920000000E+01   8.4158340506E-02
  3.7930000000E+01   8.6860131382E-02
  3.7940000000E+01   9.0065642163E-02
  3.7950000000E+01   9.3641609584E-02
  3.7960000000E+01   9.7442630501E-02
  3.7970000000E+01   1.0132274637E-01
  3.7980000000E+01   1.0514631294E-01
  3.7990000000E+01   1.0879687052E-01
  3.8000000000E+01   1.1218311659E-01
  3.8010000000E+01   1.1524162840E-01
  3.8020000000E+01   1.1793606358E-01
  3.8030000000E+01   1.2025381812E-01
  3.8040000000E+01   1.2220035270E-01
  3.8050000000E+01   1.2379273255E-01
  3.8060000000E+01   1.2505346034E-01
  3.8070000000E+01   1.2600538351E-01
  3.8080000000E+01   1.2666883941E-01
  3.8090000000E+01   1.2706102424E-01
  3.8100000000E+01   1.2719777279E-01
  3.8110000000E+01   1.2709719314E-01
  3.8120000000E+01   1.2678392866E-01
  3.8130000000E+01   1.2629409083E-01
  3.8140000000E+01   1.2567834033E-01
  3.8150000000E+01   1.2500376851E-01
  3.8160000000E+01   1.2435253169E-01
  3.8170000000E+01   1.2381809422E-01
  3.8180000000E+01   1.2349844742E-01
  3.8190000000E+01   1.2348714621E-01
  3.8200000000E+01   1.2386311721E-01
  3.8210000000E+01   1.2468053066E-01
  3.8220000000E+01   1.2595990551E-01
  3.8230000000E+01   1.2768171222E-01
  3.8240000000E+01   1.2978394278E-01
  3.8250000000E+01   1.3216402485E-01
  3.8260000000E+01   1.3468538673E-01
  3.8270000000E+01   1.3718823564E-01
  3.8280000000E+01   1.3950394214E-01
  3.8290000000E+01   1.4147082026E-01
  3.8300000000E+01   1.4295047933E-01
  3.8310000000E+01   1.4384214031E-01
  3.8320000000E+01   1.4409369935E-01
  3.8330000000E+01   1.4370768696E-01
  3.8340000000E+01   1.4274224664E-01
  3.8350000000E+01   1.4130643868E-01
  3.8360000000E+01   1.3955049603E-01
  3.8370000000E+01   1.3765234455E-01
  3.8380000000E+01   1.3580187740E-01
  3.8390000000E+01   1.3418426944E-01
  3.8400000000E+01   1.3296448139E-01
  3.8410000000E+01   1.3227412359E-01
  3.8420000000E+01   1.3220128307E-01
  3.8430000000E+01   1.3278503075E-01
  3.8440000000E+01   1.3401417049E-01
  3.8450000000E+01   1.3583018581E-01
  3.8460000000E+01   1.3813454176E-01
  3.8470000000E+01   1.4079865953E-01
  3.8480000000E+01   1.4367628218E-01
  3.8490000000E+01   1.4661634263E-01
  3.8500000000E+01   1.4947533779E-01
  3.8510000000E+01   1.5212776228E-01
  3.8520000000E+01   1.5447331087E-01
  3.8530000000E+01   1.5644114545E-01
  3.8540000000E+01   1.5798952853E-01
  3.8550000000E+01   1.5910257309E-01
  3.8560000000E+01   1.5978432387E-01
  3.8570000000E+01   1.6005127027E-01
  3.8580000000E+01   1.5992492202E-01
  3.8590000000E+01   1.5942533319E-01
  3.8600000000E+01   1.5856723477E-01
  3.8610000000E+01   1.5735830710E-01
  3.8620000000E+01   1.5580074000E-01
  3.8630000000E+01   1.5389505319E-01
  3.8640000000E+01   1.5164515321E-01
  3.8650000000E+01   1.4906418857E-01
  3.8660000000E+01   1.4617948988E-01
  3.8670000000E+01   1.4303562050E-01
  3.8680000000E+01   1.3969496152E-01
  3.8690000000E+01   1.3623572880E-01
  3.8700000000E+01   1.3274663738E-01
  3.8710000000E+01   1.2932049270E-01
  3.8720000000E+01   1.2604641823E-01
  3.8730000000E+01   1.2300238010E-01
  3.8740000000E+01   1.2024935680E-01
  3.8750000000E+01   1.1782807441E-01
  3.8760000000E+01   1.1575870223E-01
  3.8770000000E+01   1.1404362562E-01
  3.8780000000E+01   1.1267234342E-01
  3.8790000000E+01   1.1162822849E-01
  3.8800000000E+01   1.1089499842E-01
  3.8810000000E+01   1.1046214145E-01
  3.8820000000E+01   1.1032807332E-01
  3.8830000000E+01   1.1050053879E-01
  3.8840000000E+01   1.1099446104E-01
  3.8850000000E+01   1.1182710263E-01
  3.8860000000E+01   1.1301259051E-01
  3.8870000000E+01   1.1455605202E-01
  3.8880000000E+01   1.1644864119E-01
  3.8890000000E+01   1.1866478561E-01
  3.8900000000E+01   1.2116138554E-01
  3.8910000000E+01   1.2387919945E-01
  3.8920000000E+01   1.2674617129E-01
  3.8930000000E+01   1.2968125099E-01
  3.8940000000E+01   1.3259884219E-01
  3.8950000000E+01   1.3541297363E-01
  3.8960000000E+01   1.3804061906E-01
  3.8970000000E+01   1.4040410039E-01
  3.8980000000E+01   1.4243386641E-01
  3.8990000000E+01   1.4407033683E-01
  3.9000000000E+01   1.4526666195E-01
  3.9010000000E+01   1.4599192623E-01
  3.9020000000E+01   1.4623464525E-01
  3.9030000000E+01   1.4600622059E-01
  3.9040000000E+01   1.4534384779E-01
  3.9050000000E+01   1.4431176416E-01
  3.9060000000E+01   1.4300047596E-01
  3.9070000000E+01   1.4152300427E-01
  3.9080000000E+01   1.4000856782E-01
  3.9090000000E+01   1.3859398095E-01
  3.9100000000E+01   1.3741335189E-01
  3.9110000000E+01   1.3658738298E-01
  3.9120000000E+01   1.3621348824E-01
  3.9130000000E+01   1.3635775722E-01
  3.9140000000E+01   1.3705025383E-01
  3.9150000000E+01   1.3828318252E-01
  3.9160000000E+01   1.4001351253E-01
  3.9170000000E+01   1.4216774815E-01
  3.9180000000E+01   1.4465012950E-01
  3.9190000000E+01   1.4735200693E-01
  3.9200000000E+01   1.5016146558E-01
  3.9210000000E+01   1.5297251811E-01
  3.9220000000E+01   1.5569251269E-01
  3.9230000000E+01   1.5824739068E-01
  3.9240000000E+01   1.6058434790E-01
  3.9250000000E+01   1.6267217828E-01
  3.9260000000E+01   1.6449966846E-01
  3.9270000000E+01   1.6607246343E-01
  3.9280000000E+01   1.6740950891E-01
  3.9290000000E+01   1.6853972927E-01
  3.9300000000E+01   1.6949913335E-01
  3.9310000000E+01   1.7032925383E-01
  3.9320000000E+01   1.7107597489E-01
  3.9330000000E+01   1.7178962885E-01
  3.9340000000E+01   1.7252444143E-01
  3.9350000000E+01   1.7333811479E-01
  3.9360000000E+01   1.7429035212E-01
  3.9370000000E+01   1.7543955483E-01
  3.9380000000E+01   1.7683898495E-01
  3.9390000000E+01   1.7853072375E-01
  3.9400000000E+01   1.8053977903E-01
  3.9410000000E+01   1.8286738197E-01
  3.9420000000E+01   1.8548497313E-01
  3.9430000000E+01   1.8833000801E-01
  3.9440000000E+01   1.9130332271E-01
  3.9450000000E+01   1.9427038458E-01
  3.9460000000E+01   1.9706538727E-01
  3.9470000000E+01   1.9949932503E-01
  3.9480000000E+01   2.0137199867E-01
  3.9490000000E+01   2.0248664113E-01
  3.9500000000E+01   2.0266696489E-01
  3.9510000000E+01   2.0177388838E-01
  3.9520000000E+01   1.9972154380E-01
  3.9530000000E+01   1.9648952375E-01
  3.9540000000E+01   1.9212982681E-01
  3.9550000000E+01   1.8676764844E-01
  3.9560000000E+01   1.8059504975E-01
  3.9570000000E+01   1.7385773573E-01
  3.9580000000E+01   1.6683609207E-01
  3.9590000000E+01   1.5982247170E-01
  3.9600000000E+01   1.5309698495E-01
  3.9610000000E+01   1.4690449030E-01
  3.9620000000E+01   1.4143557369E-01
  3.9630000000E+01   1.3681345921E-01
  3.9640000000E+01   1.3308808982E-01
  3.9650000000E+01   1.3023926016E-01
  3.9660000000E+01   1.2818601462E-01
  3.9670000000E+01   1.2680334076E-01
  3.9680000000E+01   1.2594234173E-01
  3.9690000000E+01   1.2545182518E-01
  3.9700000000E+01   1.2519873228E-01
  3.9710000000E+01   1.2508363974E-01
  3.9720000000E+01   1.2505137126E-01
  3.9730000000E+01   1.2509378503E-01
  3.9740000000E+01   1.2524527490E-01
  3.9750000000E+01   1.2557237068E-01
  3.9760000000E+01   1.2615901704E-01
  3.9770000000E+01   1.2708976607E-01
  3.9780000000E+01   1.2843333319E-01
  3.9790000000E+01   1.3022978223E-01
  3.9800000000E+01   1.3248181374E-01
  3.9810000000E+01   1.3515236511E-01
  3.9820000000E+01   1.3816810639E-01
  3.9830000000E+01   1.4142800606E-01
  3.9840000000E+01   1.4481570886E-01
  3.9850000000E+01   1.4821359720E-01
  3.9860000000E+01   1.5151655213E-01
  3.9870000000E+01   1.5464373456E-01
  3.9880000000E+01   1.5754665689E-01
  3.9890000000E+01   1.6021315167E-01
  3.9900000000E+01   1.6266654647E-01
  3.9910000000E+01   1.6496127397E-01
  3.9920000000E+01   1.6717511605E-01
  3.9930000000E+01   1.6939985591E-01
  3.9940000000E+01   1.7173091664E-01
  3.9950000000E+01   1.7425765006E-01
  3.9960000000E+01   1.7705451365E-01
  3.9970000000E+01   1.8017381565E-01
  3.9980000000E+01   1.8364047189E-01
  3.9990000000E+01   1.8744860511E-01
  4.0000000000E+01   1.9156015437E-01
  4.0010000000E+01   1.9590542942E-01
  4.0020000000E+01   2.0038579895E-01
  4.0030000000E+01   2.0487878654E-01
  4.0040000000E+01   2.0924470364E-01
  4.0050000000E+01   2.1333554678E-01
  4.0060000000E+01   2.1700444759E-01
  4.0070000000E+01   2.2011615389E-01
  4.0080000000E+01   2.2255582085E-01
  4.0090000000E+01   2.2423732674E-01
  4.0100000000E+01   2.2510768861E-01
  4.0110000000E+01   2.2514935771E-01
  4.0120000000E+01   2.2437805475E-01
  4.0130000000E+01   2.2283869010E-01
  4.0140000000E+01   2.2059845268E-01
  4.0150000000E+01   2.1773903673E-01
  4.0160000000E+01   2.1434896470E-01
  4.0170000000E+01   2.1051688480E-01
  4.0180000000E+01   2.0632735512E-01
  4.0190000000E+01   2.0185854339E-01
  4.0200000000E+01   1.9718249879E-01
  4.0210000000E+01   1.9236745026E-01
  4.0220000000E+01   1.8748109399E-01
  4.0230000000E+01   1.8259462547E-01
  4.0240000000E+01   1.7778553374E-01
  4.0250000000E+01   1.7313999391E-01
  4.0260000000E+01   1.6875275533E-01
  4.0270000000E+01   1.6472538434E-01
  4.0280000000E+01   1.6116215146E-01
  4.0290000000E+01   1.5816454248E-01
  4.0300000000E+01   1.5582411217E-01
  4.0310000000E+01   1.5421502286E-01
  4.0320000000E+01   1.5338651698E-01
  4.0330000000E+01   1.5335668613E-01
  4.0340000000E+01   1.5410759179E-01
  4.0350000000E+01   1.5558319571E-01
  4.0360000000E+01   1.5769052533E-01
  4.0370000000E+01   1.6030336109E-01
  4.0380000000E+01   1.6327003403E-01
  4.0390000000E+01   1.6642341928E-01
  4.0400000000E+01   1.6959295608E-01
  4.0410000000E+01   1.7261741752E-01
  4.0420000000E+01   1.7535649760E-01
  4.0430000000E+01   1.7770078167E-01
  4.0440000000E+01   1.7957717593E-01
  4.0450000000E+01   1.8095153354E-01
  4.0460000000E+01   1.8182602618E-01
  4.0470000000E+01   1.8223318696E-01
  4.0480000000E+01   1.8222699104E-01
  4.0490000000E+01   1.8187346775E-01
  4.0500000000E+01   1.8124201668E-01
  4.0510000000E+01   1.8039872166E-01
  4.0520000000E+01   1.7940337122E-01
  4.0530000000E+01   1.7831001600E-01
  4.0540000000E+01   1.7717048922E-01
  4.0550000000E+01   1.7604000553E-01
  4.0560000000E+01   1.7498280461E-01
  4.0570000000E+01   1.7407607042E-01
  4.0580000000E+01   1.7341030584E-01
  4.0590000000E+01   1.7308573398E-01
  4.0600000000E+01   1.7320356182E-01
  4.0610000000E+01   1.7385398679E-01
  4.0620000000E+01   1.7510144909E-01
  4.0630000000E+01   1.7697054538E-01
  4.0640000000E+01   1.7943399139E-01
  4.0650000000E+01   1.8240554362E-01
  4.0660000000E+01   1.8573941747E-01
  4.0670000000E+01   1.8923653832E-01
  4.0680000000E+01   1.9265783910E-01
  4.0690000000E+01   1.9574269411E-01
  4.0700000000E+01   1.9823078213E-01
  4.0710000000E+01   1.9988428849E-01
  4.0720000000E+01   2.0050818818E-01
  4.0730000000E+01   1.9996638192E-01
  4.0740000000E+01   1.9819161592E-01
  4.0750000000E+01   1.9518901785E-01
  4.0760000000E+01   1.9103333683E-01
  4.0770000000E+01   1.8586017314E-01
  4.0780000000E+01   1.7985344536E-01
  4.0790000000E+01   1.7323026061E-01
  4.0800000000E+01   1.6622484862E-01
  4.0810000000E+01   1.5907263698E-01
  4.0820000000E+01   1.5199687869E-01
  4.0830000000E+01   1.4519694027E-01
  4.0840000000E+01   1.3883985130E-01
  4.0850000000E+01   1.3305462567E-01
  4.0860000000E+01   1.2792970319E-01
  4.0870000000E+01   1.2351288176E-01
  4.0880000000E+01   1.1981374722E-01
  4.0890000000E+01   1.1680809088E-01
  4.0900000000E+01   1.1444330270E-01
  4.0910000000E+01   1.1264544350E-01
  4.0920000000E+01   1.1132591050E-01
  4.0930000000E+01   1.1038913114E-01
  4.0940000000E+01   1.0973891286E-01
  4.0950000000E+01   1.0928484814E-01
  4.0960000000E+01   1.0894723270E-01
  4.0970000000E+01   1.0866099573E-01
  4.0980000000E+01   1.0837834752E-01
  4.0990000000E+01   1.0807006674E-01
  4.1000000000E+01   1.0772532806E-01
  4.1010000000E+01   1.0735029207E-01
  4.1020000000E+01   1.0696542290E-01
  4.1030000000E+01   1.0660202762E-01
  4.1040000000E+01   1.0629806275E-01
  4.1050000000E+01   1.0609331285E-01
  4.1060000000E+01   1.0602514565E-01
  4.1070000000E+01   1.0612392443E-01
  4.1080000000E+01   1.0640936140E-01
  4.1090000000E+01   1.0688775502E-01
  4.1100000000E+01   1.0755017797E-01
  4.1110000000E+01   1.0837146808E-01
  4.1120000000E+01   1.0931085734E-01
  4.1130000000E+01   1.1031326638E-01
  4.1140000000E+01   1.1131180820E-01
  4.1150000000E+01   1.1223104795E-01
  4.1160000000E+01   1.1299107612E-01
  4.1170000000E+01   1.1351176439E-01
  4.1180000000E+01   1.1371751856E-01
  4.1190000000E+01   1.1354191709E-01
  4.1200000000E+01   1.1293180009E-01
  4.1210000000E+01   1.1185095694E-01
  4.1220000000E+01   1.1028284237E-01
  4.1230000000E+01   1.0823237476E-01
  4.1240000000E+01   1.0572637468E-01
  4.1250000000E+01   1.0281336652E-01
  4.1260000000E+01   9.9561613195E-02
  4.1270000000E+01   9.6056781950E-02
  4.1280000000E+01   9.2398502598E-02
  4.1290000000E+01   8.8695729376E-02
  4.1300000000E+01   8.5062421881E-02
  4.1310000000E+01   8.1611828099E-02
  4.1320000000E+01   7.8451356015E-02
  4.1330000000E+01   7.5677002992E-02
  4.1340000000E+01   7.3368569957E-02
  4.1350000000E+01   7.1584992100E-02
  4.1360000000E+01   7.0361390215E-02
  4.1370000000E+01   6.9706700639E-02
  4.1380000000E+01   6.9603600379E-02
  4.1390000000E+01   7.0009528225E-02
  4.1400000000E+01   7.0859612460E-02
  4.1410000000E+01   7.2071146766E-02
  4.1420000000E+01   7.3549026048E-02
  4.1430000000E+01   7.5192222772E-02
  4.1440000000E+01   7.6900261082E-02
  4.1450000000E+01   7.8579644655E-02
  4.1460000000E+01   8.0149570429E-02
  4.1470000000E+01   8.1546098487E-02
  4.1480000000E+01   8.2725103511E-02
  4.1490000000E+01   8.3663392490E-02
  4.1500000000E+01   8.4357831378E-02
  4.1510000000E+01   8.4822817020E-02
  4.1520000000E+01   8.5086340288E-02
  4.1530000000E+01   8.5185147927E-02
  4.1540000000E+01   8.5159220357E-02
  4.1550000000E+01   8.5046915190E-02
  4.1560000000E+01   8.4880847937E-02
  4.1570000000E+01   8.4684784565E-02
  4.1580000000E+01   8.4472826999E-02
  4.1590000000E+01   8.4249639323E-02
  4.1600000000E+01   8.4012415241E-02
  4.1610000000E+01   8.3753700168E-02
  4.1620000000E+01   8.3464554129E-02
  4.1630000000E+01   8.3137013704E-02
  4.1640000000E+01   8.2766229061E-02
  4.1650000000E+01   8.2350731406E-02
  4.1660000000E+01   8.1891849338E-02
  4.1670000000E+01   8.1391684450E-02
  4.1680000000E+01   8.0850858123E-02
  4.1690000000E+01   8.0266342423E-02
  4.1700000000E+01   7.9629827504E-02
  4.1710000000E+01   7.8927862966E-02
  4.1720000000E+01   7.8143470611E-02
  4.1730000000E+01   7.7259580292E-02
  4.1740000000E+01   7.6263601738E-02
  4.1750000000E+01   7.5152697395E-02
  4.1760000000E+01   7.3938847612E-02
  4.1770000000E+01   7.2652616540E-02
  4.1780000000E+01   7.1344785536E-02
  4.1790000000E+01   7.0085526071E-02
  4.1800000000E+01   6.8960501304E-02
  4.1810000000E+01   6.8064522213E-02
  4.1820000000E+01   6.7492552155E-02
  4.1830000000E+01   6.7329823074E-02
  4.1840000000E+01   6.7641431106E-02
  4.1850000000E+01   6.8463051334E-02
  4.1860000000E+01   6.9793605417E-02
  4.1870000000E+01   7.1591317883E-02
  4.1880000000E+01   7.3773556263E-02
  4.1890000000E+01   7.6220860007E-02
  4.1900000000E+01   7.8785236524E-02
  4.1910000000E+01   8.1301921666E-02
  4.1920000000E+01   8.3603685813E-02
  4.1930000000E+01   8.5536180006E-02
  4.1940000000E+01   8.6972554836E-02
  4.1950000000E+01   8.7825912192E-02
  4.1960000000E+01   8.8057749756E-02
  4.1970000000E+01   8.7681216060E-02
  4.1980000000E+01   8.6759534154E-02
  4.1990000000E+01   8.5398456100E-02
  4.2000000000E+01   8.3734838908E-02
  4.2010000000E+01   8.1922314304E-02
  4.2020000000E+01   8.0115621179E-02
  4.2030000000E+01   7.8456064395E-02
  4.2040000000E+01   7.7059414650E-02
  4.2050000000E+01   7.6007786885E-02
  4.2060000000E+01   7.5346033709E-02
  4.2070000000E+01   7.5082619214E-02
  4.2080000000E+01   7.5194783491E-02
  4.2090000000E+01   7.5636224952E-02
  4.2100000000E+01   7.6346754106E-02
  4.2110000000E+01   7.7262058650E-02
  4.2120000000E+01   7.8322569709E-02
  4.2130000000E+01   7.9480455333E-02
  4.2140000000E+01   8.0704378738E-02
  4.2150000000E+01   8.1981796855E-02
  4.2160000000E+01   8.3318868893E-02
  4.2170000000E+01   8.4738560948E-02
  4.2180000000E+01   8.6277251664E-02
  4.2190000000E+01   8.7980376674E-02
  4.2200000000E+01   8.9897373230E-02
  4.2210000000E+01   9.2076213481E-02
  4.2220000000E+01   9.4558120093E-02
  4.2230000000E+01   9.7372142983E-02
  4.2240000000E+01   1.0053039219E-01
  4.2250000000E+01   1.0402377541E-01
  4.2260000000E+01   1.0781889043E-01
  4.2270000000E+01   1.1185612762E-01
  4.2280000000E+01   1.1604967451E-01
  4.2290000000E+01   1.2028903490E-01
  4.2300000000E+01   1.2444303959E-01
  4.2310000000E+01   1.2836562036E-01
  4.2320000000E+01   1.3190340663E-01
  4.2330000000E+01   1.3490488486E-01
  4.2340000000E+01   1.3723098396E-01
  4.2350000000E+01   1.3876562883E-01
  4.2360000000E+01   1.3942617402E-01
  4.2370000000E+01   1.3917241801E-01
  4.2380000000E+01   1.3801343265E-01
  4.2390000000E+01   1.3601116792E-01
  4.2400000000E+01   1.3327963142E-01
  4.2410000000E+01   1.2998002874E-01
  4.2420000000E+01   1.2631097163E-01
  4.2430000000E+01   1.2249492481E-01
  4.2440000000E+01   1.1876156270E-01
  4.2450000000E+01   1.1532996469E-01
  4.2460000000E+01   1.1239133389E-01
  4.2470000000E+01   1.1009428589E-01
  4.2480000000E+01   1.0853403456E-01
  4.2490000000E+01   1.0774713452E-01
  4.2500000000E+01   1.0771169412E-01
  4.2510000000E+01   1.0835314331E-01
  4.2520000000E+01   1.0955434911E-01
  4.2530000000E+01   1.1116846960E-01
  4.2540000000E+01   1.1303316106E-01
  4.2550000000E+01   1.1498390406E-01
  4.2560000000E+01   1.1686531806E-01
  4.2570000000E+01   1.1853968235E-01
  4.2580000000E+01   1.1989164765E-01
  4.2590000000E+01   1.2083047095E-01
  4.2600000000E+01   1.2128916119E-01
  4.2610000000E+01   1.2122273232E-01
  4.2620000000E+01   1.2060528921E-01
  4.2630000000E+01   1.1942740880E-01
  4.2640000000E+01   1.1769424164E-01
  4.2650000000E+01   1.1542401184E-01
  4.2660000000E+01   1.1264738629E-01
  4.2670000000E+01   1.0940679590E-01
  4.2680000000E+01   1.0575589886E-01
  4.2690000000E+01   1.0175825015E-01
  4.2700000000E+01   9.7485472305E-02
  4.2710000000E+01   9.3014975122E-02
  4.2720000000E+01   8.8427163939E-02
  4.2730000000E+01   8.3802664123E-02
  4.2740000000E+01   7.9220023196E-02
  4.2750000000E+01   7.4754103496E-02
  4.2760000000E+01   7.0475009738E-02
  4.2770000000E+01   6.6448239782E-02
  4.2780000000E+01   6.2735183314E-02
  4.2790000000E+01   5.9394153750E-02
  4.2800000000E+01   5.6481014797E-02
  4.2810000000E+01   5.4049621807E-02
  4.2820000000E+01   5.2151102900E-02
  4.2830000000E+01   5.0832115314E-02
  4.2840000000E+01   5.0131905060E-02
  4.2850000000E+01   5.0078313291E-02
  4.2860000000E+01   5.0683054427E-02
  4.2870000000E+01   5.1936802055E-02
  4.2880000000E+01   5.3804852280E-02
  4.2890000000E+01   5.6223784173E-02
  4.2900000000E+01   5.9100275567E-02
  4.2910000000E+01   6.2312137582E-02
  4.2920000000E+01   6.5712543634E-02
  4.2930000000E+01   6.9136663677E-02
  4.2940000000E+01   7.2411229051E-02
  4.2950000000E+01   7.5365930123E-02
  4.2960000000E+01   7.7845696892E-02
  4.2970000000E+01   7.9722808646E-02
  4.2980000000E+01   8.0907218300E-02
  4.2990000000E+01   8.1354663512E-02
  4.3000000000E+01   8.1070619279E-02
  4.3010000000E+01   8.0110392260E-02
  4.3020000000E+01   7.8574689651E-02
  4.3030000000E+01   7.6601655069E-02
  4.3040000000E+01   7.4355523938E-02
  4.3050000000E+01   7.2013580161E-02
  4.3060000000E+01   6.9752261412E-02
  4.3070000000E+01   6.7734267770E-02
  4.3080000000E+01   6.6097139036E-02
  4.3090000000E+01   6.4944721680E-02
  4.3100000000E+01   6.4341615505E-02
  4.3110000000E+01   6.4311271282E-02
  4.3120000000E+01   6.4837434812E-02
  4.3130000000E+01   6.5868363321E-02
  4.3140000000E+01   6.7323624544E-02
  4.3150000000E+01   6.9102641274E-02
  4.3160000000E+01   7.1093862079E-02
  4.3170000000E+01   7.3184280096E-02
  4.3180000000E+01   7.5267729167E-02
  4.3190000000E+01   7.7251989600E-02
  4.3200000000E+01   7.9063576481E-02
  4.3210000000E+01   8.0650143699E-02
  4.3220000000E+01   8.1980453310E-02
  4.3230000000E+01   8.3042087756E-02
  4.3240000000E+01   8.3837538990E-02
  4.3250000000E+01   8.4379355835E-02
  4.3260000000E+01   8.4684965317E-02
  4.3270000000E+01   8.4772041501E-02
  4.3280000000E+01   8.4655146443E-02
  4.3290000000E+01   8.4343592089E-02
  4.3300000000E+01   8.3840871283E-02
  4.3310000000E+01   8.3145644803E-02
  4.3320000000E+01   8.2253676347E-02
  4.3330000000E+01   8.1160334536E-02
  4.3340000000E+01   7.9863453134E-02
  4.3350000000E+01   7.8365807031E-02
  4.3360000000E+01   7.6676774251E-02
  4.3370000000E+01   7.4813296522E-02
  4.3380000000E+01   7.2799747629E-02
  4.3390000000E+01   7.0666925082E-02
  4.3400000000E+01   6.8450229045E-02
  4.3410000000E+01   6.6187582452E-02
  4.3420000000E+01   6.3917289433E-02
  4.3430000000E+01   6.1676471838E-02
  4.3440000000E+01   5.9500357328E-02
  4.3450000000E+01   5.7422584895E-02
  4.3460000000E+01   5.5476743725E-02
  4.3470000000E+01   5.3698793721E-02
  4.3480000000E+01   5.2129636791E-02
  4.3490000000E+01   5.0817609189E-02
  4.3500000000E+01   4.9819497460E-02
  4.3510000000E+01   4.9199921723E-02
  4.3520000000E+01   4.9028264096E-02
  4.3530000000E+01   4.9373102671E-02
  4.3540000000E+01   5.0294483453E-02
  4.3550000000E+01   5.1835149346E-02
  4.3560000000E+01   5.4011372001E-02
  4.3570000000E+01   5.6805352140E-02
  4.3580000000E+01   6.0159959176E-02
  4.3590000000E+01   6.3977516426E-02
  4.3600000000E+01   6.8122896378E-02
  4.3610000000E+01   7.2431132475E-02
  4.3620000000E+01   7.6718356646E-02
  4.3630000000E+01   8.0796246685E-02
  4.3640000000E+01   8.4486745740E-02
  4.3650000000E+01   8.7636838182E-02
  4.3660000000E+01   9.0130168109E-02
  4.3670000000E+01   9.1895876492E-02
  4.3680000000E+01   9.2912403519E-02
  4.3690000000E+01   9.3206943438E-02
  4.3700000000E+01   9.2850164224E-02
  4.3710000000E+01   9.1947855457E-02
  4.3720000000E+01   9.0630085554E-02
  4.3730000000E+01   8.9039716455E-02
  4.3740000000E+01   8.7321095739E-02
  4.3750000000E+01   8.5610624066E-02
  4.3760000000E+01   8.4029509192E-02
  4.3770000000E+01   8.2679127890E-02
  4.3780000000E+01   8.1639250310E-02
  4.3790000000E+01   8.0968148169E-02
  4.3800000000E+01   8.0704412734E-02
  4.3810000000E+01   8.0869370760E-02
  4.3820000000E+01   8.1469590062E-02
  4.3830000000E+01   8.2498430660E-02
  4.3840000000E+01   8.3936925191E-02
  4.3850000000E+01   8.5753475643E-02
  4.3860000000E+01   8.7902774741E-02
  4.3870000000E+01   9.0324208098E-02
  4.3880000000E+01   9.2940962438E-02
  4.3890000000E+01   9.5659765461E-02
  4.3900000000E+01   9.8372223187E-02
  4.3910000000E+01   1.0095802618E-01
  4.3920000000E+01   1.0329005860E-01
  4.3930000000E+01   1.0524106495E-01
  4.3940000000E+01   1.0669129523E-01
  4.3950000000E+01   1.0753696958E-01
  4.3960000000E+01   1.0769776545E-01
  4.3970000000E+01   1.0712338846E-01
  4.3980000000E+01   1.0579809864E-01
  4.3990000000E+01   1.0374251448E-01
  4.4000000000E+01   1.0101291523E-01
  4.4010000000E+01   9.7697816377E-02
  4.4020000000E+01   9.3912125372E-02
  4.4030000000E+01   8.9789151865E-02
  4.4040000000E+01   8.5472066854E-02
  4.4050000000E+01   8.1104704781E-02
  4.4060000000E+01   7.6823020918E-02
  4.4070000000E+01   7.2747765807E-02
  4.4080000000E+01   6.8979229929E-02
  4.4090000000E+01   6.5594028442E-02
  4.4100000000E+01   6.2644044976E-02
  4.4110000000E+01   6.0157847579E-02
  4.4120000000E+01   5.8143706880E-02
  4.4130000000E+01   5.6593836461E-02
  4.4140000000E+01   5.5489175582E-02
  4.4150000000E+01   5.4804159248E-02
  4.4160000000E+01   5.4510818222E-02
  4.4170000000E+01   5.4581635401E-02
  4.4180000000E+01   5.4991101798E-02
  4.4190000000E+01   5.5715728267E-02
  4.4200000000E+01   5.6732921238E-02
  4.4210000000E+01   5.8019036522E-02
  4.4220000000E+01   5.9546952654E-02
  4.4230000000E+01   6.1284001208E-02
  4.4240000000E+01   6.3190379105E-02
  4.4250000000E+01   6.5218576494E-02
  4.4260000000E+01   6.7313795814E-02
  4.4270000000E+01   6.9415233650E-02
  4.4280000000E+01   7.1458165376E-02
  4.4290000000E+01   7.3376453247E-02
  4.4300000000E+01   7.5105117475E-02
  4.4310000000E+01   7.6582872320E-02
  4.4320000000E+01   7.7754490163E-02
  4.4330000000E+01   7.8573096953E-02
  4.4340000000E+01   7.9002461969E-02
  4.4350000000E+01   7.9018771441E-02
  4.4360000000E+01   7.8612796908E-02
  4.4370000000E+01   7.7791183164E-02
  4.4380000000E+01   7.6577812236E-02
  4.4390000000E+01   7.5013100284E-02
  4.4400000000E+01   7.3153124771E-02
  4.4410000000E+01   7.1066582678E-02
  4.4420000000E+01   6.8830694594E-02
  4.4430000000E+01   6.6525759480E-02
  4.4440000000E+01   6.4229378252E-02
  4.4450000000E+01   6.2010443961E-02
  4.4460000000E+01   5.9924217126E-02
  4.4470000000E+01   5.8008593967E-02
  4.4480000000E+01   5.6282567061E-02
  4.4490000000E+01   5.4746409052E-02
  4.4500000000E+01   5.3384423348E-02
  4.4510000000E+01   5.2169163329E-02
  4.4520000000E+01   5.1066878890E-02
  4.4530000000E+01   5.0043404574E-02
  4.4540000000E+01   4.9069523198E-02
  4.4550000000E+01   4.8125497287E-02
  4.4560000000E+01   4.7203492966E-02
  4.4570000000E+01   4.6308164535E-02
  4.4580000000E+01   4.5455126732E-02
  4.4590000000E+01   4.4667408593E-02
  4.4600000000E+01   4.3970620916E-02
  4.4610000000E+01   4.3387573435E-02
  4.4620000000E+01   4.2932932919E-02
  4.4630000000E+01   4.2609028315E-02
  4.4640000000E+01   4.2403214865E-02
  4.4650000000E+01   4.2287589766E-02
  4.4660000000E+01   4.2220245488E-02
  4.4670000000E+01   4.2149315515E-02
  4.4680000000E+01   4.2018207132E-02
  4.4690000000E+01   4.1771578491E-02
  4.4700000000E+01   4.1361868259E-02
  4.4710000000E+01   4.0754686711E-02
  4.4720000000E+01   3.9933486899E-02
  4.4730000000E+01   3.8902245744E-02
  4.4740000000E+01   3.7686257753E-02
  4.4750000000E+01   3.6331516953E-02
  4.4760000000E+01   3.4901783273E-02
  4.4770000000E+01   3.3475092740E-02
  4.4780000000E+01   3.2138856530E-02
  4.4790000000E+01   3.0985097255E-02
  4.4800000000E+01   3.0104920342E-02
  4.4810000000E+01   2.9583468240E-02
  4.4820000000E+01   2.9495116067E-02
  4.4830000000E+01   2.9898990935E-02
  4.4840000000E+01   3.0835068898E-02
  4.4850000000E+01   3.2321043268E-02
  4.4860000000E+01   3.4350313146E-02
  4.4870000000E+01   3.6891237439E-02
  4.4880000000E+01   3.9888087881E-02
  4.4890000000E+01   4.3264072770E-02
  4.4900000000E+01   4.6926374837E-02
  4.4910000000E+01   5.0773025887E-02
  4.4920000000E+01   5.4701060724E-02
  4.4930000000E+01   5.8615480798E-02
  4.4940000000E+01   6.2437572584E-02
  4.4950000000E+01   6.6111456563E-02
  4.4960000000E+01   6.9608059459E-02
  4.4970000000E+01   7.2925613340E-02
  4.4980000000E+01   7.6086270018E-02
  4.4990000000E+01   7.9129357782E-02
  4.5000000000E+01   8.2101824906E-02
  4.5010000000E+01   8.5047596044E-02
  4.5020000000E+01   8.7997221318E-02
  4.5030000000E+01   9.0959654751E-02
  4.5040000000E+01   9.3917284816E-02
  4.5050000000E+01   9.6825378359E-02
  4.5060000000E+01   9.9616105913E-02
  4.5070000000E+01   1.0220626593E-01
  4.5080000000E+01   1.0450840133E-01
  4.5090000000E+01   1.0644227840E-01
  4.5100000000E+01   1.0794680894E-01
  4.5110000000E+01   1.0898904384E-01
  4.5120000000E+01   1.0956977338E-01
  4.5130000000E+01   1.0972467958E-01
  4.5140000000E+01   1.0952087014E-01
  4.5150000000E+01   1.0904936952E-01
  4.5160000000E+01   1.0841447801E-01
  4.5170000000E+01   1.0772176866E-01
  4.5180000000E+01   1.0706595781E-01
  4.5190000000E+01   1.0652053380E-01
  4.5200000000E+01   1.0613010146E-01
  4.5210000000E+01   1.0590639994E-01
  4.5220000000E+01   1.0582850381E-01
  4.5230000000E+01   1.0584657411E-01
  4.5240000000E+01   1.0588876462E-01
  4.5250000000E+01   1.0587053631E-01
  4.5260000000E+01   1.0570498167E-01
  4.5270000000E+01   1.0531271842E-01
  4.5280000000E+01   1.0463121654E-01
  4.5290000000E+01   1.0362153618E-01
  4.5300000000E+01   1.0227232855E-01
  4.5310000000E+01   1.0060090387E-01
  4.5320000000E+01   9.8650978512E-02
  4.5330000000E+01   9.6487645321E-02
  4.5340000000E+01   9.4190296157E-02
  4.5350000000E+01   9.1844380273E-02
  4.5360000000E+01   8.9533074167E-02
  4.5370000000E+01   8.7330124232E-02
  4.5380000000E+01   8.5294416306E-02
  4.5390000000E+01   8.3467104057E-02
  4.5400000000E+01   8.1871359187E-02
  4.5410000000E+01   8.0514396313E-02
  4.5420000000E+01   7.9390678298E-02
  4.5430000000E+01   7.8486580282E-02
  4.5440000000E+01   7.7783923422E-02
  4.5450000000E+01   7.7262951674E-02
  4.5460000000E+01   7.6903706400E-02
  4.5470000000E+01   7.6685832994E-02
  4.5480000000E+01   7.6587315383E-02
  4.5490000000E+01   7.6582473321E-02
  4.5500000000E+01   7.6640029551E-02
  4.5510000000E+01   7.6722368765E-02
  4.5520000000E+01   7.6785955732E-02
  4.5530000000E+01   7.6783169230E-02
  4.5540000000E+01   7.6665680872E-02
  4.5550000000E+01   7.6388759391E-02
  4.5560000000E+01   7.5916280093E-02
  4.5570000000E+01   7.5225199317E-02
  4.5580000000E+01   7.4309387618E-02
  4.5590000000E+01   7.3182113939E-02
  4.5600000000E+01   7.1877010453E-02
  4.5610000000E+01   7.0447034186E-02
  4.5620000000E+01   6.8962072966E-02
  4.5630000000E+01   6.7505029842E-02
  4.5640000000E+01   6.6166989168E-02
  4.5650000000E+01   6.5041655467E-02
  4.5660000000E+01   6.4219923004E-02
  4.5670000000E+01   6.3784578075E-02
  4.5680000000E+01   6.3805951709E-02
  4.5690000000E+01   6.4338164890E-02
  4.5700000000E+01   6.5416507441E-02
  4.5710000000E+01   6.7055593805E-02
  4.5720000000E+01   6.9248261320E-02
  4.5730000000E+01   7.1964836372E-02
  4.5740000000E+01   7.5152654099E-02
  4.5750000000E+01   7.8736030161E-02
  4.5760000000E+01   8.2616571501E-02
  4.5770000000E+01   8.6674355504E-02
  4.5780000000E+01   9.0770375435E-02
  4.5790000000E+01   9.4750822832E-02
  4.5800000000E+01   9.8453033734E-02
  4.5810000000E+01   1.0171373842E-01
  4.5820000000E+01   1.0437850030E-01
  4.5830000000E+01   1.0631204972E-01
  4.5840000000E+01   1.0740812676E-01
  4.5850000000E+01   1.0759808689E-01
  4.5860000000E+01   1.0685671051E-01
  4.5870000000E+01   1.0520472555E-01
  4.5880000000E+01   1.0270780264E-01
  4.5890000000E+01   9.9471875667E-02
  4.5900000000E+01   9.5635468286E-02
  4.5910000000E+01   9.1360155847E-02
  4.5920000000E+01   8.6819916007E-02
  4.5930000000E+01   8.2190693995E-02
  4.5940000000E+01   7.7640378740E-02
  4.5950000000E+01   7.3320996955E-02
  4.5960000000E+01   6.9362460736E-02
  4.5970000000E+01   6.5868015621E-02
  4.5980000000E+01   6.2912220706E-02
  4.5990000000E+01   6.0540073791E-02
  4.6000000000E+01   5.8767957489E-02
  4.6010000000E+01   5.7586025132E-02
  4.6020000000E+01   5.6961515702E-02
  4.6030000000E+01   5.6842929795E-02
  4.6040000000E+01   5.7165118536E-02
  4.6050000000E+01   5.7854506372E-02
  4.6060000000E+01   5.8834379290E-02
  4.6070000000E+01   6.0029813304E-02
  4.6080000000E+01   6.1372310005E-02
  4.6090000000E+01   6.2803334533E-02
  4.6100000000E+01   6.4277023835E-02
  4.6110000000E+01   6.5761977060E-02
  4.6120000000E+01   6.7241781559E-02
  4.6130000000E+01   6.8714808669E-02
  4.6140000000E+01   7.0192562771E-02
  4.6150000000E+01   7.1697328163E-02
  4.6160000000E+01   7.3258600278E-02
  4.6170000000E+01   7.4908694080E-02
  4.6180000000E+01   7.6677838690E-02
  4.6190000000E+01   7.8588739166E-02
  4.6200000000E+01   8.0651941392E-02
  4.6210000000E+01   8.2861997576E-02
  4.6220000000E+01   8.5195138084E-02
  4.6230000000E+01   8.7608825930E-02
  4.6240000000E+01   9.0044008609E-02
  4.6250000000E+01   9.2429194820E-02
  4.6260000000E+01   9.4686220016E-02
  4.6270000000E+01   9.6737186663E-02
  4.6280000000E+01   9.8511110964E-02
  4.6290000000E+01   9.9950304928E-02
  4.6300000000E+01   1.0101464771E-01
  4.6310000000E+01   1.0168436337E-01
  4.6320000000E+01   1.0196030317E-01
  4.6330000000E+01   1.0186249636E-01
  4.6340000000E+01   1.0142676862E-01
  4.6350000000E+01   1.0070115574E-01
  4.6360000000E+01   9.9741586858E-02
  4.6370000000E+01   9.8608156417E-02
  4.6380000000E+01   9.7362063916E-02
  4.6390000000E+01   9.6063434698E-02
  4.6400000000E+01   9.4769788747E-02
  4.6410000000E+01   9.3535067846E-02
  4.6420000000E+01   9.2408570940E-02
  4.6430000000E+01   9.1433664776E-02
  4.6440000000E+01   9.0645875369E-02
  4.6450000000E+01   9.0070538589E-02
  4.6460000000E+01   8.9720021879E-02
  4.6470000000E+01   8.9591102698E-02
  4.6480000000E+01   8.9663190226E-02
  4.6490000000E+01   8.9897929732E-02
  4.6500000000E+01   9.0240735216E-02
  4.6510000000E+01   9.0624608973E-02
  4.6520000000E+01   9.0976000192E-02
  4.6530000000E+01   9.1222556969E-02
  4.6540000000E+01   9.1301361053E-02
  4.6550000000E+01   9.1167554336E-02
  4.6560000000E+01   9.0800555917E-02
  4.6570000000E+01   9.0208953260E-02
  4.6580000000E+01   8.9431455558E-02
  4.6590000000E+01   8.8534605756E-02
  4.6600000000E+01   8.7607301612E-02
  4.6610000000E+01   8.6752622316E-02
  4.6620000000E+01   8.6078255139E-02
  4.6630000000E+01   8.5686414767E-02
  4.6640000000E+01   8.5664587206E-02
  4.6650000000E+01   8.6077817179E-02
  4.6660000000E+01   8.6963476607E-02
  4.6670000000E+01   8.8328247856E-02
  4.6680000000E+01   9.0147774310E-02
  4.6690000000E+01   9.2368425815E-02
  4.6700000000E+01   9.4910679709E-02
  4.6710000000E+01   9.7674131569E-02
  4.6720000000E+01   1.0054340666E-01
  4.6730000000E+01   1.0339497740E-01
  4.6740000000E+01   1.0610461820E-01
  4.6750000000E+01   1.0855506211E-01
  4.6760000000E+01   1.1064351652E-01
  4.6770000000E+01   1.1228868247E-01
  4.6780000000E+01   1.1343646417E-01
  4.6790000000E+01   1.1406387686E-01
  4.6800000000E+01   1.1418045275E-01
  4.6810000000E+01   1.1382726081E-01
  4.6820000000E+01   1.1307300947E-01
  4.6830000000E+01   1.1200804940E-01
  4.6840000000E+01   1.1073653784E-01
  4.6850000000E+01   1.0936743989E-01
  4.6860000000E+01   1.0800572646E-01
  4.6870000000E+01   1.0674406560E-01
  4.6880000000E+01   1.0565576162E-01
  4.6890000000E+01   1.0478939983E-01
  4.6900000000E+01   1.0416532129E-01
  4.6910000000E+01   1.0377429001E-01
  4.6920000000E+01   1.0357776052E-01
  4.6930000000E+01   1.0351032122E-01
  4.6940000000E+01   1.0348431148E-01
  4.6950000000E+01   1.0339570043E-01
  4.6960000000E+01   1.0313249297E-01
  4.6970000000E+01   1.0258445530E-01
  4.6980000000E+01   1.0165372221E-01
  4.6990000000E+01   1.0026624089E-01
  4.7000000000E+01   9.8381943912E-02
  4.7010000000E+01   9.6003296489E-02
  4.7020000000E+01   9.3180386704E-02
  4.7030000000E+01   9.0011615282E-02
  4.7040000000E+01   8.6639468941E-02
  4.7050000000E+01   8.3241024314E-02
  4.7060000000E+01   8.0014260716E-02
  4.7070000000E+01   7.7160308768E-02
  4.7080000000E+01   7.4865256788E-02
  4.7090000000E+01   7.3281995255E-02
  4.7100000000E+01   7.2515072714E-02
  4.7110000000E+01   7.2610376067E-02
  4.7120000000E+01   7.3550735833E-02
  4.7130000000E+01   7.5257825799E-02
  4.7140000000E+01   7.7600420589E-02
  4.7150000000E+01   8.0407529078E-02
  4.7160000000E+01   8.3484471657E-02
  4.7170000000E+01   8.6630111627E-02
  4.7180000000E+01   8.9653001304E-02
  4.7190000000E+01   9.2384680570E-02
  4.7200000000E+01   9.4688645993E-02
  4.7210000000E+01   9.6465423182E-02
  4.7220000000E+01   9.7652862691E-02
  4.7230000000E+01   9.8223819160E-02
  4.7240000000E+01   9.8181180438E-02
  4.7250000000E+01   9.7552869623E-02
  4.7260000000E+01   9.6386828606E-02
  4.7270000000E+01   9.4747283101E-02
  4.7280000000E+01   9.2712319270E-02
  4.7290000000E+01   9.0372155528E-02
  4.7300000000E+01   8.7827837919E-02
  4.7310000000E+01   8.5189467356E-02
  4.7320000000E+01   8.2572976432E-02
  4.7330000000E+01   8.0095582667E-02
  4.7340000000E+01   7.7869881316E-02
  4.7350000000E+01   7.5997023485E-02
  4.7360000000E+01   7.4560154802E-02
  4.7370000000E+01   7.3618855471E-02
  4.7380000000E+01   7.3205809806E-02
  4.7390000000E+01   7.3325926438E-02
  4.7400000000E+01   7.3958600944E-02
  4.7410000000E+01   7.5062437124E-02
  4.7420000000E+01   7.6581722208E-02
  4.7430000000E+01   7.8453720801E-02
  4.7440000000E+01   8.0615412751E-02
  4.7450000000E+01   8.3008804738E-02
  4.7460000000E+01   8.5583991032E-02
  4.7470000000E+01   8.8299733914E-02
  4.7480000000E+01   9.1121632638E-02
  4.7490000000E+01   9.4018421078E-02
  4.7500000000E+01   9.6957132791E-02
  4.7510000000E+01   9.9898284183E-02
  4.7520000000E+01   1.0279173707E-01
  4.7530000000E+01   1.0557382164E-01
  4.7540000000E+01   1.0816683038E-01
  4.7550000000E+01   1.1048024764E-01
  4.7560000000E+01   1.1241454704E-01
  4.7570000000E+01   1.1386647615E-01
  4.7580000000E+01   1.1473576087E-01
  4.7590000000E+01   1.1493281314E-01
  4.7600000000E+01   1.1438635249E-01
  4.7610000000E+01   1.1305058016E-01
  4.7620000000E+01   1.1091122990E-01
  4.7630000000E+01   1.0798954590E-01
  4.7640000000E+01   1.0434458967E-01
  4.7650000000E+01   1.0007271990E-01
  4.7660000000E+01   9.5304739612E-02
  4.7670000000E+01   9.0200925142E-02
  4.7680000000E+01   8.4943917824E-02
  4.7690000000E+01   7.9729983451E-02
  4.7700000000E+01   7.4759949876E-02
  4.7710000000E+01   7.0229192302E-02
  4.7720000000E+01   6.6317978287E-02
  4.7730000000E+01   6.3182147613E-02
  4.7740000000E+01   6.0944904220E-02
  4.7750000000E+01   5.9689482235E-02
  4.7760000000E+01   5.9453353094E-02
  4.7770000000E+01   6.0224257842E-02
  4.7780000000E+01   6.1938238105E-02
  4.7790000000E+01   6.4480627436E-02
  4.7800000000E+01   6.7689739673E-02
  4.7810000000E+01   7.1364633263E-02
  4.7820000000E+01   7.5275872028E-02
  4.7830000000E+01   7.9179925671E-02
  4.7840000000E+01   8.2836244175E-02
  4.7850000000E+01   8.6025476751E-02
  4.7860000000E+01   8.8567815834E-02
  4.7870000000E+01   9.0338863050E-02
  4.7880000000E+01   9.1281893034E-02
  4.7890000000E+01   9.1414201857E-02
  4.7900000000E+01   9.0826791397E-02
  4.7910000000E+01   8.9676960335E-02
  4.7920000000E+01   8.8174076788E-02
  4.7930000000E+01   8.6560140749E-02
  4.7940000000E+01   8.5086594824E-02
  4.7950000000E+01   8.3990512471E-02
  4.7960000000E+01   8.3472166294E-02
  4.7970000000E+01   8.3676123921E-02
  4.7980000000E+01   8.4678667747E-02
  4.7990000000E+01   8.6481538932E-02
  4.8000000000E+01   8.9013137319E-02
  4.8010000000E+01   9.2136407494E-02
  4.8020000000E+01   9.5662531601E-02
  4.8030000000E+01   9.9368337799E-02
  4.8040000000E+01   1.0301614366E-01
  4.8050000000E+01   1.0637355589E-01
  4.8060000000E+01   1.0923144079E-01
  4.8070000000E+01   1.1141885492E-01
  4.8080000000E+01   1.1281366868E-01
  4.8090000000E+01   1.1334854219E-01
  4.8100000000E+01   1.1301186579E-01
  4.8110000000E+01   1.1184459682E-01
  4.8120000000E+01   1.0993312213E-01
  4.8130000000E+01   1.0739951533E-01
  4.8140000000E+01   1.0439039194E-01
  4.8150000000E+01   1.0106466704E-01
  4.8160000000E+01   9.7582039419E-02
  4.8170000000E+01   9.4092430619E-02
  4.8180000000E+01   9.0727266224E-02
  4.8190000000E+01   8.7592840845E-02
  4.8200000000E+01   8.4766446147E-02
  4.8210000000E+01   8.2294699921E-02
  4.8220000000E+01   8.0194797351E-02
  4.8230000000E+01   7.8457609684E-02
  4.8240000000E+01   7.7052982970E-02
  4.8250000000E+01   7.5936493557E-02
  4.8260000000E+01   7.5056666484E-02
  4.8270000000E+01   7.4362407491E-02
  4.8280000000E+01   7.3809917445E-02
  4.8290000000E+01   7.3367925176E-02
  4.8300000000E+01   7.3020974594E-02
  4.8310000000E+01   7.2770154164E-02
  4.8320000000E+01   7.2631401144E-02
  4.8330000000E+01   7.2631098239E-02
  4.8340000000E+01   7.2800305125E-02
  4.8350000000E+01   7.3167494576E-02
  4.8360000000E+01   7.3751467409E-02
  4.8370000000E+01   7.4555372572E-02
  4.8380000000E+01   7.5562412821E-02
  4.8390000000E+01   7.6734547782E-02
  4.8400000000E+01   7.8013561951E-02
  4.8410000000E+01   7.9325648395E-02
  4.8420000000E+01   8.0587495372E-02
  4.8430000000E+01   8.1714314586E-02
  4.8440000000E+01   8.2628275095E-02
  4.8450000000E+01   8.3266366610E-02
  4.8460000000E+01   8.3586776781E-02
  4.8470000000E+01   8.3573470260E-02
  4.8480000000E+01   8.3238214864E-02
  4.8490000000E+01   8.2620165228E-02
  4.8500000000E+01   8.1783372677E-02
  4.8510000000E+01   8.0812034058E-02
  4.8520000000E+01   7.9804370107E-02
  4.8530000000E+01   7.8865343185E-02
  4.8540000000E+01   7.8098929872E-02
  4.8550000000E+01   7.7599827655E-02
  4.8560000000E+01   7.7445874513E-02
  4.8570000000E+01   7.7690720584E-02
  4.8580000000E+01   7.8358329773E-02
  4.8590000000E+01   7.9438825654E-02
  4.8600000000E+01   8.0887039179E-02
  4.8610000000E+01   8.2623688219E-02
  4.8620000000E+01   8.4539389615E-02
  4.8630000000E+01   8.6501839503E-02
  4.8640000000E+01   8.8365404860E-02
  4.8650000000E+01   8.9982547693E-02
  4.8660000000E+01   9.1216468520E-02
  4.8670000000E+01   9.1953021902E-02
  4.8680000000E+01   9.2111754856E-02
  4.8690000000E+01   9.1654206785E-02
  4.8700000000E+01   9.0588940484E-02
  4.8710000000E+01   8.8972391677E-02
  4.8720000000E+01   8.6905888362E-02
  4.8730000000E+01   8.4528469306E-02
  4.8740000000E+01   8.2006674031E-02
  4.8750000000E+01   7.9521900941E-02
  4.8760000000E+01   7.7256537996E-02
  4.8770000000E+01   7.5380329202E-02
  4.8780000000E+01   7.4037958103E-02
  4.8790000000E+01   7.3338844942E-02
  4.8800000000E+01   7.3350060428E-02
  4.8810000000E+01   7.4092631627E-02
  4.8820000000E+01   7.5541163452E-02
  4.8830000000E+01   7.7626920570E-02
  4.8840000000E+01   8.0243297003E-02
  4.8850000000E+01   8.3253616005E-02
  4.8860000000E+01   8.6500184895E-02
  4.8870000000E+01   8.9814169197E-02
  4.8880000000E+01   9.3025833137E-02
  4.8890000000E+01   9.5974139280E-02
  4.8900000000E+01   9.8515961905E-02
  4.8910000000E+01   1.0053403820E-01
  4.8920000000E+01   1.0194338779E-01
  4.8930000000E+01   1.0269606012E-01
  4.8940000000E+01   1.0278352312E-01
  4.8950000000E+01   1.0223690548E-01
  4.8960000000E+01   1.0112457242E-01
  4.8970000000E+01   9.9547407191E-02
  4.8980000000E+01   9.7632182858E-02
  4.8990000000E+01   9.5522992666E-02
  4.9000000000E+01   9.3371720272E-02
  4.9010000000E+01   9.1328175307E-02
  4.9020000000E+01   8.9530730765E-02
  4.9030000000E+01   8.8097818654E-02
  4.9040000000E+01   8.7121370865E-02
  4.9050000000E+01   8.6662147445E-02
  4.9060000000E+01   8.6747832371E-02
  4.9070000000E+01   8.7373575165E-02
  4.9080000000E+01   8.8504907740E-02
  4.9090000000E+01   9.0082519946E-02
  4.9100000000E+01   9.2028874548E-02
  4.9110000000E+01   9.4254985334E-02
  4.9120000000E+01   9.6667574333E-02
  4.9130000000E+01   9.9175255509E-02
  4.9140000000E+01   1.0169364090E-01
  4.9150000000E+01   1.0414873779E-01
  4.9160000000E+01   1.0647874072E-01
  4.9170000000E+01   1.0863460887E-01
  4.9180000000E+01   1.1057942563E-01
  4.9190000000E+01   1.1228709198E-01
  4.9200000000E+01   1.1374091524E-01
  4.9210000000E+01   1.1493203058E-01
  4.9220000000E+01   1.1585781928E-01
  4.9230000000E+01   1.1652066411E-01
  4.9240000000E+01   1.1692626899E-01
  4.9250000000E+01   1.1708212463E-01
  4.9260000000E+01   1.1699543798E-01
  4.9270000000E+01   1.1667165232E-01
  4.9280000000E+01   1.1611267900E-01
  4.9290000000E+01   1.1531637783E-01
  4.9300000000E+01   1.1427660834E-01
  4.9310000000E+01   1.1298508666E-01
  4.9320000000E+01   1.1143390137E-01
  4.9330000000E+01   1.0961945237E-01
  4.9340000000E+01   1.0754619631E-01
  4.9350000000E+01   1.0523046553E-01
  4.9360000000E+01   1.0270281855E-01
  4.9370000000E+01   1.0000857789E-01
  4.9380000000E+01   9.7206106699E-02
  4.9390000000E+01   9.4363189152E-02
  4.9400000000E+01   9.1551056698E-02
  4.9410000000E+01   8.8838035314E-02
  4.9420000000E+01   8.6282797408E-02
  4.9430000000E+01   8.3928707651E-02
  4.9440000000E+01   8.1800076787E-02
  4.9450000000E+01   7.9901051927E-02
  4.9460000000E+01   7.8217018677E-02
  4.9470000000E+01   7.6718753887E-02
  4.9480000000E+01   7.5368198055E-02
  4.9490000000E+01   7.4125167556E-02
  4.9500000000E+01   7.2954031071E-02
  4.9510000000E+01   7.1828674533E-02
  4.9520000000E+01   7.0735851552E-02
  4.9530000000E+01   6.9675938690E-02
  4.9540000000E+01   6.8661225738E-02
  4.9550000000E+01   6.7711991856E-02
  4.9560000000E+01   6.6851690972E-02
  4.9570000000E+01   6.6101310309E-02
  4.9580000000E+01   6.5474745144E-02
  4.9590000000E+01   6.4975289668E-02
  4.9600000000E+01   6.4594183736E-02
  4.9610000000E+01   6.4311709073E-02
  4.9620000000E+01   6.4099983524E-02
  4.9630000000E+01   6.3927757323E-02
  4.9640000000E+01   6.3766421373E-02
  4.9650000000E+01   6.3596279347E-02
  4.9660000000E+01   6.3412096775E-02
  4.9670000000E+01   6.3227433764E-02
  4.9680000000E+01   6.3076778799E-02
  4.9690000000E+01   6.3014999917E-02
  4.9700000000E+01   6.3113832268E-02
  4.9710000000E+01   6.3455566186E-02
  4.9720000000E+01   6.4124497003E-02
  4.9730000000E+01   6.5196443736E-02
  4.9740000000E+01   6.6727898040E-02
  4.9750000000E+01   6.8745869104E-02
  4.9760000000E+01   7.1239858235E-02
  4.9770000000E+01   7.4157162501E-02
  4.9780000000E+01   7.7402030383E-02
  4.9790000000E+01   8.0840164181E-02
  4.9800000000E+01   8.4307246193E-02
  4.9810000000E+01   8.7621737896E-02
  4.9820000000E+01   9.0599897137E-02
  4.9830000000E+01   9.3072234722E-02
  4.9840000000E+01   9.4898610118E-02
  4.9850000000E+01   9.5980854782E-02
  4.9860000000E+01   9.6271311712E-02
  4.9870000000E+01   9.5776362856E-02
  4.9880000000E+01   9.4554328097E-02
  4.9890000000E+01   9.2708979383E-02
  4.9900000000E+01   9.0379142975E-02
  4.9910000000E+01   8.7726160726E-02
  4.9920000000E+01   8.4920452049E-02
  4.9930000000E+01   8.2129170182E-02
  4.9940000000E+01   7.9506004650E-02
  4.9950000000E+01   7.7183599352E-02
  4.9960000000E+01   7.5269017562E-02
  4.9970000000E+01   7.3841933436E-02
  4.9980000000E+01   7.2954841089E-02
  4.9990000000E+01   7.2634463594E-02
  5.0000000000E+01   7.2883864263E-02
  5.0010000000E+01   7.3684473521E-02
  5.0020000000E+01   7.4998027554E-02
  5.0030000000E+01   7.6768352721E-02
  5.0040000000E+01   7.8923512432E-02
  5.0050000000E+01   8.1378640671E-02
  5.0060000000E+01   8.4039464180E-02
  5.0070000000E+01   8.6807307982E-02
  5.0080000000E+01   8.9584618865E-02
  5.0090000000E+01   9.2281273715E-02
  5.0100000000E+01   9.4820242524E-02
  5.0110000000E+01   9.7142350726E-02
  5.0120000000E+01   9.9208821997E-02
  5.0130000000E+01   1.0100166614E-01
  5.0140000000E+01   1.0252123094E-01
  5.0150000000E+01   1.0378150435E-01
  5.0160000000E+01   1.0480365807E-01
  5.0170000000E+01   1.0560896711E-01
  5.0180000000E+01   1.0621218628E-01
  5.0190000000E+01   1.0661630908E-01
  5.0200000000E+01   1.0681016688E-01
  5.0210000000E+01   1.0676851711E-01
  5.0220000000E+01   1.0645503726E-01
  5.0230000000E+01   1.0582808562E-01
  5.0240000000E+01   1.0484760017E-01
  5.0250000000E+01   1.0348258946E-01
  5.0260000000E+01   1.0171817045E-01
  5.0270000000E+01   9.9560727635E-02
  5.0280000000E+01   9.7040570304E-02
  5.0290000000E+01   9.4212112055E-02
  5.0300000000E+01   9.1150872645E-02
  5.0310000000E+01   8.7948039487E-02
  5.0320000000E+01   8.4703602998E-02
  5.0330000000E+01   8.1518244688E-02
  5.0340000000E+01   7.8485553297E-02
  5.0350000000E+01   7.5685435613E-02
  5.0360000000E+01   7.3178938948E-02
  5.0370000000E+01   7.1005953755E-02
  5.0380000000E+01   6.9184955036E-02
  5.0390000000E+01   6.7715225675E-02
  5.0400000000E+01   6.6580406286E-02
  5.0410000000E+01   6.5753024674E-02
  5.0420000000E+01   6.5198941837E-02
  5.0430000000E+01   6.4881010218E-02
  5.0440000000E+01   6.4761621160E-02
  5.0450000000E+01   6.4804061363E-02
  5.0460000000E+01   6.4972351269E-02
  5.0470000000E+01   6.5231537434E-02
  5.0480000000E+01   6.5547295155E-02
  5.0490000000E+01   6.5887107741E-02
  5.0500000000E+01   6.6222156023E-02
  5.0510000000E+01   6.6530416011E-02
  5.0520000000E+01   6.6800568432E-02
  5.0530000000E+01   6.7035595101E-02
  5.0540000000E+01   6.7255780265E-02
  5.0550000000E+01   6.7499432963E-02
  5.0560000000E+01   6.7821144137E-02
  5.0570000000E+01   6.8288088134E-02
  5.0580000000E+01   6.8973194615E-02
  5.0590000000E+01   6.9947304096E-02
  5.0600000000E+01   7.1270778656E-02
  5.0610000000E+01   7.2985727185E-02
  5.0620000000E+01   7.5109872554E-02
  5.0630000000E+01   7.7632874891E-02
  5.0640000000E+01   8.0516259005E-02
  5.0650000000E+01   8.3695347157E-02
  5.0660000000E+01   8.7084285901E-02
  5.0670000000E+01   9.0582812377E-02
  5.0680000000E+01   9.4084532122E-02
  5.0690000000E+01   9.7484762561E-02
  5.0700000000E+01   1.0068901821E-01
  5.0710000000E+01   1.0361988800E-01
  5.0720000000E+01   1.0622285293E-01
  5.0730000000E+01   1.0847029703E-01
  5.0740000000E+01   1.1036347367E-01
  5.0750000000E+01   1.1193263027E-01
  5.0760000000E+01   1.1323484307E-01
  5.0770000000E+01   1.1434990996E-01
  5.0780000000E+01   1.1537419177E-01
  5.0790000000E+01   1.1641313227E-01
  5.0800000000E+01   1.1757280705E-01
  5.0810000000E+01   1.1895066524E-01
  5.0820000000E+01   1.2062725959E-01
  5.0830000000E+01   1.2265868189E-01
  5.0840000000E+01   1.2507103648E-01
  5.0850000000E+01   1.2785724243E-01
  5.0860000000E+01   1.3097659198E-01
  5.0870000000E+01   1.3435693793E-01
  5.0880000000E+01   1.3789946349E-01
  5.0890000000E+01   1.4148529393E-01
  5.0900000000E+01   1.4498311854E-01
  5.0910000000E+01   1.4825751926E-01
  5.0920000000E+01   1.5117680231E-01
  5.0930000000E+01   1.5361980083E-01
  5.0940000000E+01   1.5548168037E-01
  5.0950000000E+01   1.5667785119E-01
  5.0960000000E+01   1.5714674834E-01
  5.0970000000E+01   1.5685111513E-01
  5.0980000000E+01   1.5577837923E-01
  5.0990000000E+01   1.5393977624E-01
  5.1000000000E+01   1.5136943103E-01
  5.1010000000E+01   1.4812189148E-01
  5.1020000000E+01   1.4426981635E-01
  5.1030000000E+01   1.3990034423E-01
  5.1040000000E+01   1.3511098115E-01
  5.1050000000E+01   1.3000498160E-01
  5.1060000000E+01   1.2468630852E-01
  5.1070000000E+01   1.1925455303E-01
  5.1080000000E+01   1.1380091954E-01
  5.1090000000E+01   1.0840481395E-01
  5.1100000000E+01   1.0313244211E-01
  5.1110000000E+01   9.8036983972E-02
  5.1120000000E+01   9.3160760044E-02
  5.1130000000E+01   8.8538874938E-02
  5.1140000000E+01   8.4203815379E-02
  5.1150000000E+01   8.0189958872E-02
  5.1160000000E+01   7.6537582696E-02
  5.1170000000E+01   7.3295134787E-02
  5.1180000000E+01   7.0519325873E-02
  5.1190000000E+01   6.8272550638E-02
  5.1200000000E+01   6.6618266605E-02
  5.1210000000E+01   6.5613632834E-02
  5.1220000000E+01   6.5301762653E-02
  5.1230000000E+01   6.5703369125E-02
  5.1240000000E+01   6.6809737662E-02
  5.1250000000E+01   6.8577823798E-02
  5.1260000000E+01   7.0928651115E-02
  5.1270000000E+01   7.3749085534E-02
  5.1280000000E+01   7.6898181431E-02
  5.1290000000E+01   8.0215499422E-02
  5.1300000000E+01   8.3532822169E-02
  5.1310000000E+01   8.6686322084E-02
  5.1320000000E+01   8.9528147142E-02
  5.1330000000E+01   9.1936232773E-02
  5.1340000000E+01   9.3821032002E-02
  5.1350000000E+01   9.5128487341E-02
  5.1360000000E+01   9.5839280666E-02
  5.1370000000E+01   9.5965121760E-02
  5.1380000000E+01   9.5542468661E-02
  5.1390000000E+01   9.4625557235E-02
  5.1400000000E+01   9.3279209461E-02
  5.1410000000E+01   9.1573107670E-02
  5.1420000000E+01   8.9577789281E-02
  5.1430000000E+01   8.7362622315E-02
  5.1440000000E+01   8.4995416458E-02
  5.1450000000E+01   8.2543337430E-02
  5.1460000000E+01   8.0073879723E-02
  5.1470000000E+01   7.7655379785E-02
  5.1480000000E+01   7.5356387808E-02
  5.1490000000E+01   7.3243505066E-02
  5.1500000000E+01   7.1377875538E-02
  5.1510000000E+01   6.9810648784E-02
  5.1520000000E+01   6.8578265289E-02
  5.1530000000E+01   6.7698540997E-02
  5.1540000000E+01   6.7167992448E-02
  5.1550000000E+01   6.6961787427E-02
  5.1560000000E+01   6.7036249519E-02
  5.1570000000E+01   6.7333943942E-02
  5.1580000000E+01   6.7791127833E-02
  5.1590000000E+01   6.8346157249E-02
  5.1600000000E+01   6.8948544193E-02
  5.1610000000E+01   6.9566300934E-02
  5.1620000000E+01   7.0191600445E-02
  5.1630000000E+01   7.0842625245E-02
  5.1640000000E+01   7.1562000575E-02
  5.1650000000E+01   7.2411241321E-02
  5.1660000000E+01   7.3462249391E-02
  5.1670000000E+01   7.4786454954E-02
  5.1680000000E+01   7.6443322632E-02
  5.1690000000E+01   7.8469451577E-02
  5.1700000000E+01   8.0870059742E-02
  5.1710000000E+01   8.3613943307E-02
  5.1720000000E+01   8.6632155768E-02
  5.1730000000E+01   8.9821974484E-02
  5.1740000000E+01   9.3054106750E-02
  5.1750000000E+01   9.6183976243E-02
  5.1760000000E+01   9.9064679275E-02
  5.1770000000E+01   1.0156049127E-01
  5.1780000000E+01   1.0355950788E-01
  5.1790000000E+01   1.0498399897E-01
  5.1800000000E+01   1.0579690454E-01
  5.1810000000E+01   1.0600445564E-01
  5.1820000000E+01   1.0565433859E-01
  5.1830000000E+01   1.0482991645E-01
  5.1840000000E+01   1.0364107175E-01
  5.1850000000E+01   1.0221303921E-01
  5.1860000000E+01   1.0067433402E-01
  5.1870000000E+01   9.9144995191E-02
  5.1880000000E+01   9.7726293061E-02
  5.1890000000E+01   9.6493059412E-02
  5.1900000000E+01   9.5488533286E-02
  5.1910000000E+01   9.4722886301E-02
  5.1920000000E+01   9.4174224676E-02
  5.1930000000E+01   9.3793005397E-02
  5.1940000000E+01   9.3507983407E-02
  5.1950000000E+01   9.3234041343E-02
  5.1960000000E+01   9.2880591172E-02
  5.1970000000E+01   9.2360243928E-02
  5.1980000000E+01   9.1596709797E-02
  5.1990000000E+01   9.0532012652E-02
  5.2000000000E+01   8.9131581016E-02
  5.2010000000E+01   8.7388087188E-02
  5.2020000000E+01   8.5322871925E-02
  5.2030000000E+01   8.2985362823E-02
  5.2040000000E+01   8.0450175893E-02
  5.2050000000E+01   7.7812465676E-02
  5.2060000000E+01   7.5181586067E-02
  5.2070000000E+01   7.2673182751E-02
  5.2080000000E+01   7.0401347680E-02
  5.2090000000E+01   6.8470116157E-02
  5.2100000000E+01   6.6966033366E-02
  5.2110000000E+01   6.5951747633E-02
  5.2120000000E+01   6.5461645709E-02
  5.2130000000E+01   6.5499598538E-02
  5.2140000000E+01   6.6039201563E-02
  5.2150000000E+01   6.7026452838E-02
  5.2160000000E+01   6.8384816769E-02
  5.2170000000E+01   7.0021856158E-02
  5.2180000000E+01   7.1837297637E-02
  5.2190000000E+01   7.3731623687E-02
  5.2200000000E+01   7.5614059415E-02
  5.2210000000E+01   7.7409768310E-02
  5.2220000000E+01   7.9064781351E-02
  5.2230000000E+01   8.0548894186E-02
  5.2240000000E+01   8.1855252385E-02
  5.2250000000E+01   8.2997709675E-02
  5.2260000000E+01   8.4005596940E-02
  5.2270000000E+01   8.4916675417E-02
  5.2280000000E+01   8.5769388589E-02
  5.2290000000E+01   8.6595472226E-02
  5.2300000000E+01   8.7413566647E-02
  5.2310000000E+01   8.8225557633E-02
  5.2320000000E+01   8.9014955500E-02
  5.2330000000E+01   8.9748891486E-02
  5.2340000000E+01   9.0382043188E-02
  5.2350000000E+01   9.0863015624E-02
  5.2360000000E+01   9.1141126566E-02
  5.2370000000E+01   9.1173456261E-02
  5.2380000000E+01   9.0930371185E-02
  5.2390000000E+01   9.0399292924E-02
  5.2400000000E+01   8.9585961647E-02
  5.2410000000E+01   8.8513103826E-02
  5.2420000000E+01   8.7217503229E-02
  5.2430000000E+01   8.5745628158E-02
  5.2440000000E+01   8.4148302412E-02
  5.2450000000E+01   8.2476604460E-02
  5.2460000000E+01   8.0778282207E-02
  5.2470000000E+01   7.9095576944E-02
  5.2480000000E+01   7.7464782776E-02
  5.2490000000E+01   7.5917101431E-02
  5.2500000000E+01   7.4480299428E-02
  5.2510000000E+01   7.3180467405E-02
  5.2520000000E+01   7.2043874646E-02
  5.2530000000E+01   7.1097928261E-02
  5.2540000000E+01   7.0371288309E-02
  5.2550000000E+01   6.9893093856E-02
  5.2560000000E+01   6.9691467443E-02
  5.2570000000E+01   6.9791709959E-02
  5.2580000000E+01   7.0214308295E-02
  5.2590000000E+01   7.0973607943E-02
  5.2600000000E+01   7.2076744079E-02
  5.2610000000E+01   7.3523204202E-02
  5.2620000000E+01   7.5305221312E-02
  5.2630000000E+01   7.7408322045E-02
  5.2640000000E+01   7.9812096967E-02
  5.2650000000E+01   8.2490610434E-02
  5.2660000000E+01   8.5412727944E-02
  5.2670000000E+01   8.8541461321E-02
  5.2680000000E+01   9.1833292923E-02
  5.2690000000E+01   9.5236711509E-02
  5.2700000000E+01   9.8690915727E-02
  5.2710000000E+01   1.0212473076E-01
  5.2720000000E+01   1.0545651814E-01
  5.2730000000E+01   1.0859509392E-01
  5.2740000000E+01   1.1144226875E-01
  5.2750000000E+01   1.1389670045E-01
  5.2760000000E+01   1.1585947522E-01
  5.2770000000E+01   1.1724049248E-01
  5.2780000000E+01   1.1796528689E-01
  5.2790000000E+01   1.1798179811E-01
  5.2800000000E+01   1.1726566520E-01
  5.2810000000E+01   1.1582452680E-01
  5.2820000000E+01   1.1369973044E-01
  5.2830000000E+01   1.1096594327E-01
  5.2840000000E+01   1.0772828975E-01
  5.2850000000E+01   1.0411722207E-01
  5.2860000000E+01   1.0028186003E-01
  5.2870000000E+01   9.6381877284E-02
  5.2880000000E+01   9.2578742191E-02
  5.2890000000E+01   8.9027183038E-02
  5.2900000000E+01   8.5866983916E-02
  5.2910000000E+01   8.3216028551E-02
  5.2920000000E+01   8.1164942251E-02
  5.2930000000E+01   7.9773481882E-02
  5.2940000000E+01   7.9069062230E-02
  5.2950000000E+01   7.9047025130E-02
  5.2960000000E+01   7.9672819468E-02
  5.2970000000E+01   8.0885404911E-02
  5.2980000000E+01   8.2601690574E-02
  5.2990000000E+01   8.4721306972E-02
  5.3000000000E+01   8.7131645394E-02
  5.3010000000E+01   8.9712414671E-02
  5.3020000000E+01   9.2339871524E-02
  5.3030000000E+01   9.4890555035E-02
  5.3040000000E+01   9.7244771584E-02
  5.3050000000E+01   9.9289876757E-02
  5.3060000000E+01   1.0092358638E-01
  5.3070000000E+01   1.0205770034E-01
  5.3080000000E+01   1.0262241805E-01
  5.3090000000E+01   1.0257028069E-01
  5.3100000000E+01   1.0188090051E-01
  5.3110000000E+01   1.0056442456E-01
  5.3120000000E+01   9.8664721243E-02
  5.3130000000E+01   9.6260434856E-02
  5.3140000000E+01   9.3464005717E-02
  5.3150000000E+01   9.0418023480E-02
  5.3160000000E+01   8.7289253330E-02
  5.3170000000E+01   8.4259189497E-02
  5.3180000000E+01   8.1513198524E-02
  5.3190000000E+01   7.9228029586E-02
  5.3200000000E+01   7.7558676417E-02
  5.3210000000E+01   7.6626227797E-02
  5.3220000000E+01   7.6507742506E-02
  5.3230000000E+01   7.7229309444E-02
  5.3240000000E+01   7.8762920681E-02
  5.3250000000E+01   8.1028120615E-02
  5.3260000000E+01   8.3898163243E-02
  5.3270000000E+01   8.7210395727E-02
  5.3280000000E+01   9.0779477027E-02
  5.3290000000E+01   9.4412501774E-02
  5.3300000000E+01   9.7924152592E-02
  5.3310000000E+01   1.0114999689E-01
  5.3320000000E+01   1.0395699491E-01
  5.3330000000E+01   1.0624994454E-01
  5.3340000000E+01   1.0797349474E-01
  5.3350000000E+01   1.0911021996E-01
  5.3360000000E+01   1.0967550690E-01
  5.3370000000E+01   1.0971005805E-01
  5.3380000000E+01   1.0927200283E-01
  5.3390000000E+01   1.0842952429E-01
  5.3400000000E+01   1.0725432680E-01
  5.3410000000E+01   1.0581731745E-01
  5.3420000000E+01   1.0418594052E-01
  5.3430000000E+01   1.0242259540E-01
  5.3440000000E+01   1.0058396593E-01
  5.3450000000E+01   9.8720575542E-02
  5.3460000000E+01   9.6876144396E-02
  5.3470000000E+01   9.5086573403E-02
  5.3480000000E+01   9.3379126346E-02
  5.3490000000E+01   9.1771559774E-02
  5.3500000000E+01   9.0272104679E-02
  5.3510000000E+01   8.8880562180E-02
  5.3520000000E+01   8.7590208457E-02
  5.3530000000E+01   8.6390715136E-02
  5.3540000000E+01   8.5271339174E-02
  5.3550000000E+01   8.4224032513E-02
  5.3560000000E+01   8.3245282105E-02
  5.3570000000E+01   8.2337322230E-02
  5.3580000000E+01   8.1507134058E-02
  5.3590000000E+01   8.0764593396E-02
  5.3600000000E+01   8.0119602531E-02
  5.3610000000E+01   7.9578980241E-02
  5.3620000000E+01   7.9143920193E-02
  5.3630000000E+01   7.8808460833E-02
  5.3640000000E+01   7.8559479789E-02
  5.3650000000E+01   7.8377884767E-02
  5.3660000000E+01   7.8241157457E-02
  5.3670000000E+01   7.8126745488E-02
  5.3680000000E+01   7.8014677173E-02
  5.3690000000E+01   7.7890547733E-02
  5.3700000000E+01   7.7746699475E-02
  5.3710000000E+01   7.7582229685E-02
  5.3720000000E+01   7.7401801380E-02
  5.3730000000E+01   7.7213322560E-02
  5.3740000000E+01   7.7024834908E-02
  5.3750000000E+01   7.6841440384E-02
  5.3760000000E+01   7.6662527903E-02
  5.3770000000E+01   7.6479802582E-02
  5.3780000000E+01   7.6276475323E-02
  5.3790000000E+01   7.6027752882E-02
  5.3800000000E+01   7.5702189407E-02
  5.3810000000E+01   7.5264942468E-02
  5.3820000000E+01   7.4681260947E-02
  5.3830000000E+01   7.3921154820E-02
  5.3840000000E+01   7.2963888161E-02
  5.3850000000E+01   7.1802700091E-02
  5.3860000000E+01   7.0448859082E-02
  5.3870000000E+01   6.8934234631E-02
  5.3880000000E+01   6.7312545329E-02
  5.3890000000E+01   6.5658158738E-02
  5.3900000000E+01   6.4062495540E-02
  5.3910000000E+01   6.2628025458E-02
  5.3920000000E+01   6.1460037928E-02
  5.3930000000E+01   6.0656966774E-02
  5.3940000000E+01   6.0300209416E-02
  5.3950000000E+01   6.0444891401E-02
  5.3960000000E+01   6.1112638604E-02
  5.3970000000E+01   6.2287192878E-02
  5.3980000000E+01   6.3914462271E-02
  5.3990000000E+01   6.5905927332E-02
  5.4000000000E+01   6.8146264990E-02
  5.4010000000E+01   7.0503512648E-02
  5.4020000000E+01   7.2840522606E-02
  5.4030000000E+01   7.5026573776E-02
  5.4040000000E+01   7.6947346663E-02
  5.4050000000E+01   7.8512227497E-02
  5.4060000000E+01   7.9658629266E-02
  5.4070000000E+01   8.0352727484E-02
  5.4080000000E+01   8.0587756175E-02
  5.4090000000E+01   8.0380274653E-02
  5.4100000000E+01   7.9765672447E-02
  5.4110000000E+01   7.8793777685E-02
  5.4120000000E+01   7.7525396903E-02
  5.4130000000E+01   7.6029871481E-02
  5.4140000000E+01   7.4383772735E-02
  5.4150000000E+01   7.2670008806E-02
  5.4160000000E+01   7.0976967623E-02
  5.4170000000E+01   6.9396671290E-02
  5.4180000000E+01   6.8021959976E-02
  5.4190000000E+01   6.6942005213E-02
  5.4200000000E+01   6.6237016131E-02
  5.4210000000E+01   6.5972153792E-02
  5.4220000000E+01   6.6192007223E-02
  5.4230000000E+01   6.6915622902E-02
  5.4240000000E+01   6.8134088213E-02
  5.4250000000E+01   6.9809977169E-02
  5.4260000000E+01   7.1879854988E-02
  5.4270000000E+01   7.4258827683E-02
  5.4280000000E+01   7.6847300902E-02
  5.4290000000E+01   7.9538370093E-02
  5.4300000000E+01   8.2225998294E-02
  5.4310000000E+01   8.4811874388E-02
  5.4320000000E+01   8.7210890563E-02
  5.4330000000E+01   8.9354961736E-02
  5.4340000000E+01   9.1194415177E-02
  5.4350000000E+01   9.2697907042E-02
  5.4360000000E+01   9.3850997683E-02
  5.4370000000E+01   9.4653921511E-02
  5.4380000000E+01   9.5120037218E-02
  5.4390000000E+01   9.5273867769E-02
  5.4400000000E+01   9.5150685781E-02
  5.4410000000E+01   9.4795828072E-02
  5.4420000000E+01   9.4264654364E-02
  5.4430000000E+01   9.3621675117E-02
  5.4440000000E+01   9.2938793511E-02
  5.4450000000E+01   9.2292505708E-02
  5.4460000000E+01   9.1759665863E-02
  5.4470000000E+01   9.1412472307E-02
  5.4480000000E+01   9.1313119795E-02
  5.4490000000E+01   9.1509180477E-02
  5.4500000000E+01   9.2030048823E-02
  5.4510000000E+01   9.2885453024E-02
  5.4520000000E+01   9.4065792059E-02
  5.4530000000E+01   9.5544474732E-02
  5.4540000000E+01   9.7281587831E-02
  5.4550000000E+01   9.9228494589E-02
  5.4560000000E+01   1.0133184711E-01
  5.4570000000E+01   1.0353738308E-01
  5.4580000000E+01   1.0579189634E-01
  5.4590000000E+01   1.0804423573E-01
  5.4600000000E+01   1.1024478405E-01
  5.4610000000E+01   1.1234414101E-01
  5.4620000000E+01   1.1429156481E-01
  5.4630000000E+01   1.1603363446E-01
  5.4640000000E+01   1.1751398995E-01
  5.4650000000E+01   1.1867410746E-01
  5.4660000000E+01   1.1945578744E-01
  5.4670000000E+01   1.1980491971E-01
  5.4680000000E+01   1.1967652945E-01
  5.4690000000E+01   1.1904047539E-01
  5.4700000000E+01   1.1788695356E-01
  5.4710000000E+01   1.1623180521E-01
  5.4720000000E+01   1.1411942268E-01
  5.4730000000E+01   1.1162425074E-01
  5.4740000000E+01   1.0884866893E-01
  5.4750000000E+01   1.0591806948E-01
  5.4760000000E+01   1.0297256140E-01
  5.4770000000E+01   1.0015593236E-01
  5.4780000000E+01   9.7603047186E-02
  5.4790000000E+01   9.5426540158E-02
  5.4800000000E+01   9.3704899089E-02
  5.4810000000E+01   9.2473059080E-02
  5.4820000000E+01   9.1717310448E-02
  5.4830000000E+01   9.1375280971E-02
  5.4840000000E+01   9.1341389030E-02
  5.4850000000E+01   9.1477451718E-02
  5.4860000000E+01   9.1627096719E-02
  5.4870000000E+01   9.1632513709E-02
  5.4880000000E+01   9.1351446785E-02
  5.4890000000E+01   9.0672074849E-02
  5.4900000000E+01   8.9524306847E-02
  5.4910000000E+01   8.7885568678E-02
  5.4920000000E+01   8.5781661114E-02
  5.4930000000E+01   8.3281575237E-02
  5.4940000000E+01   8.0488477196E-02
  5.4950000000E+01   7.7527810543E-02
  5.4960000000E+01   7.4534055193E-02
  5.4970000000E+01   7.1638696661E-02
  5.4980000000E+01   6.8960000576E-02
  5.4990000000E+01   6.6595897343E-02
  5.5000000000E+01   6.4620343210E-02
  5.5010000000E+01   6.3082905421E-02
  5.5020000000E+01   6.2010377474E-02
  5.5030000000E+01   6.1410519124E-02
  5.5040000000E+01   6.1276045349E-02
  5.5050000000E+01   6.1588118017E-02
  5.5060000000E+01   6.2319353741E-02
  5.5070000000E+01   6.3435290737E-02
  5.5080000000E+01   6.4894970151E-02
  5.5090000000E+01   6.6650500110E-02
  5.5100000000E+01   6.8646267349E-02
  5.5110000000E+01   7.0818555186E-02
  5.5120000000E+01   7.3095207393E-02
  5.5130000000E+01   7.5396666658E-02
  5.5140000000E+01   7.7637836427E-02
  5.5150000000E+01   7.9731025262E-02
  5.5160000000E+01   8.1589819849E-02
  5.5170000000E+01   8.3133790898E-02
  5.5180000000E+01   8.4293513803E-02
  5.5190000000E+01   8.5015651395E-02
  5.5200000000E+01   8.5267753963E-02
  5.5210000000E+01   8.5042008024E-02
  5.5220000000E+01   8.4357913617E-02
  5.5230000000E+01   8.3263152817E-02
  5.5240000000E+01   8.1832196958E-02
  5.5250000000E+01   8.0163085026E-02
  5.5260000000E+01   7.8371726633E-02
  5.5270000000E+01   7.6584255379E-02
  5.5280000000E+01   7.4928638763E-02
  5.5290000000E+01   7.3525041723E-02
  5.5300000000E+01   7.2476819236E-02
  5.5310000000E+01   7.1862380308E-02
  5.5320000000E+01   7.1728790682E-02
  5.5330000000E+01   7.2087489371E-02
  5.5340000000E+01   7.2912610494E-02
  5.5350000000E+01   7.4141714019E-02
  5.5360000000E+01   7.5679364481E-02
  5.5370000000E+01   7.7402955338E-02
  5.5380000000E+01   7.9170536933E-02
  5.5390000000E+01   8.0830570819E-02
  5.5400000000E+01   8.2232760682E-02
  5.5410000000E+01   8.3239548930E-02
  5.5420000000E+01   8.3737183893E-02
  5.5430000000E+01   8.3645803267E-02
  5.5440000000E+01   8.2927349276E-02
  5.5450000000E+01   8.1590120384E-02
  5.5460000000E+01   7.9689996865E-02
  5.5470000000E+01   7.7326981191E-02
  5.5480000000E+01   7.4637662528E-02
  5.5490000000E+01   7.1784073730E-02
  5.5500000000E+01   6.8939477173E-02
  5.5510000000E+01   6.6273081196E-02
  5.5520000000E+01   6.3934530721E-02
  5.5530000000E+01   6.2040497386E-02
  5.5540000000E+01   6.0664338738E-02
  5.5550000000E+01   5.9830119624E-02
  5.5560000000E+01   5.9511615269E-02
  5.5570000000E+01   5.9636315012E-02
  5.5580000000E+01   6.0093873219E-02
  5.5590000000E+01   6.0748097286E-02
  5.5600000000E+01   6.1450945429E-02
  5.5610000000E+01   6.2057500449E-02
  5.5620000000E+01   6.2439700009E-02
  5.5630000000E+01   6.2498284273E-02
  5.5640000000E+01   6.2171227561E-02
  5.5650000000E+01   6.1438363448E-02
  5.5660000000E+01   6.0322274429E-02
  5.5670000000E+01   5.8884870797E-02
  5.5680000000E+01   5.7220785185E-02
  5.5690000000E+01   5.5448034742E-02
  5.5700000000E+01   5.3697093769E-02
  5.5710000000E+01   5.2099343911E-02
  5.5720000000E+01   5.0775810067E-02
  5.5730000000E+01   4.9827417625E-02
  5.5740000000E+01   4.9327379509E-02
  5.5750000000E+01   4.9316137184E-02
  5.5760000000E+01   4.9799634959E-02
  5.5770000000E+01   5.0750404625E-02
  5.5780000000E+01   5.2111691804E-02
  5.5790000000E+01   5.3803759542E-02
  5.5800000000E+01   5.5731662951E-02
  5.5810000000E+01   5.7793976369E-02
  5.5820000000E+01   5.9891229202E-02
  5.5830000000E+01   6.1933318423E-02
  5.5840000000E+01   6.3845494048E-02
  5.5850000000E+01   6.5572022813E-02
  5.5860000000E+01   6.7077841410E-02
  5.5870000000E+01   6.8348062483E-02
  5.5880000000E+01   6.9385591708E-02
  5.5890000000E+01   7.0207756584E-02
  5.5900000000E+01   7.0841949033E-02
  5.5910000000E+01   7.1321377920E-02
  5.5920000000E+01   7.1680962023E-02
  5.5930000000E+01   7.1954134173E-02
  5.5940000000E+01   7.2170272987E-02
  5.5950000000E+01   7.2353116540E-02
  5.5960000000E+01   7.2520213878E-02
  5.5970000000E+01   7.2682553165E-02
  5.5980000000E+01   7.2845484212E-02
  5.5990000000E+01   7.3009254735E-02
  5.6000000000E+01   7.3170317034E-02
  5.6010000000E+01   7.3322523124E-02
  5.6020000000E+01   7.3458495099E-02
  5.6030000000E+01   7.3570498895E-02
  5.6040000000E+01   7.3651609418E-02
  5.6050000000E+01   7.3696492464E-02
  5.6060000000E+01   7.3701821733E-02
  5.6070000000E+01   7.3666753022E-02
  5.6080000000E+01   7.3593063830E-02
  5.6090000000E+01   7.3485415501E-02
  5.6100000000E+01   7.3351559061E-02
  5.6110000000E+01   7.3202611868E-02
  5.6120000000E+01   7.3053118291E-02
  5.6130000000E+01   7.2921047312E-02
  5.6140000000E+01   7.2827028054E-02
  5.6150000000E+01   7.2793291014E-02
  5.6160000000E+01   7.2841571033E-02
  5.6170000000E+01   7.2990545178E-02
  5.6180000000E+01   7.3252467002E-02
  5.6190000000E+01   7.3630047781E-02
  5.6200000000E+01   7.4113680818E-02
  5.6210000000E+01   7.4679545949E-02
  5.6220000000E+01   7.5289477762E-02
  5.6230000000E+01   7.5892251525E-02
  5.6240000000E+01   7.6427106427E-02
  5.6250000000E+01   7.6828468390E-02
  5.6260000000E+01   7.7032046158E-02
  5.6270000000E+01   7.6981078167E-02
  5.6280000000E+01   7.6632422509E-02
  5.6290000000E+01   7.5961340566E-02
  5.6300000000E+01   7.4964772809E-02
  5.6310000000E+01   7.3662485825E-02
  5.6320000000E+01   7.2096057659E-02
  5.6330000000E+01   7.0325701686E-02
  5.6340000000E+01   6.8425500692E-02
  5.6350000000E+01   6.6477299900E-02
  5.6360000000E+01   6.4563732580E-02
  5.6370000000E+01   6.2761317431E-02
  5.6380000000E+01   6.1133427646E-02
  5.6390000000E+01   5.9724942265E-02
  5.6400000000E+01   5.8557817746E-02
  5.6410000000E+01   5.7628848569E-02
  5.6420000000E+01   5.6909499485E-02
  5.6430000000E+01   5.6348330295E-02
  5.6440000000E+01   5.5875409894E-02
  5.6450000000E+01   5.5409242736E-02
  5.6460000000E+01   5.4864792458E-02
  5.6470000000E+01   5.4162329691E-02
  5.6480000000E+01   5.3235943016E-02
  5.6490000000E+01   5.2041118613E-02
  5.6500000000E+01   5.0559969127E-02
  5.6510000000E+01   4.8803993411E-02
  5.6520000000E+01   4.6814097139E-02
  5.6530000000E+01   4.4657214277E-02
  5.6540000000E+01   4.2420926697E-02
  5.6550000000E+01   4.0206014905E-02
  5.6560000000E+01   3.8117800774E-02
  5.6570000000E+01   3.6257500571E-02
  5.6580000000E+01   3.4714129110E-02
  5.6590000000E+01   3.3557563697E-02
  5.6600000000E+01   3.2833590150E-02
  5.6610000000E+01   3.2560973985E-02
  5.6620000000E+01   3.2730984731E-02
  5.6630000000E+01   3.3308968083E-02
  5.6640000000E+01   3.4238206425E-02
  5.6650000000E+01   3.5445198206E-02
  5.6660000000E+01   3.6846493291E-02
  5.6670000000E+01   3.8355664872E-02
  5.6680000000E+01   3.9890350837E-02
  5.6690000000E+01   4.1378719955E-02
  5.6700000000E+01   4.2763948530E-02
  5.6710000000E+01   4.4007399020E-02
  5.6720000000E+01   4.5089282558E-02
  5.6730000000E+01   4.6007526103E-02
  5.6740000000E+01   4.6774696261E-02
  5.6750000000E+01   4.7413567401E-02
  5.6760000000E+01   4.7952277482E-02
  5.6770000000E+01   4.8419221096E-02
  5.6780000000E+01   4.8838894968E-02
  5.6790000000E+01   4.9228713001E-02
  5.6800000000E+01   4.9597430960E-02
  5.6810000000E+01   4.9944943003E-02
  5.6820000000E+01   5.0263506684E-02
  5.6830000000E+01   5.0540011112E-02
  5.6840000000E+01   5.0758889652E-02
  5.6850000000E+01   5.0905078149E-02
  5.6860000000E+01   5.0966900729E-02
  5.6870000000E+01   5.0938050765E-02
  5.6880000000E+01   5.0819024389E-02
  5.6890000000E+01   5.0617569180E-02
  5.6900000000E+01   5.0348104154E-02
  5.6910000000E+01   5.0030448925E-02
  5.6920000000E+01   4.9687985089E-02
  5.6930000000E+01   4.9345425114E-02
  5.6940000000E+01   4.9026567911E-02
  5.6950000000E+01   4.8752384506E-02
  5.6960000000E+01   4.8539434194E-02
  5.6970000000E+01   4.8399055757E-02
  5.6980000000E+01   4.8337448083E-02
  5.6990000000E+01   4.8356232607E-02
  5.7000000000E+01   4.8453527324E-02
  5.7010000000E+01   4.8625545335E-02
  5.7020000000E+01   4.8867612287E-02
  5.7030000000E+01   4.9175071524E-02
  5.7040000000E+01   4.9543332306E-02
  5.7050000000E+01   4.9966857965E-02
  5.7060000000E+01   5.0437866071E-02
  5.7070000000E+01   5.0944185123E-02
  5.7080000000E+01   5.1467489574E-02
  5.7090000000E+01   5.1982008244E-02
  5.7100000000E+01   5.2454586163E-02
  5.7110000000E+01   5.2846202467E-02
  5.7120000000E+01   5.3115268155E-02
  5.7130000000E+01   5.3222492714E-02
  5.7140000000E+01   5.3136678420E-02
  5.7150000000E+01   5.2840701063E-02
  5.7160000000E+01   5.2336703005E-02
  5.7170000000E+01   5.1649419214E-02
  5.7180000000E+01   5.0826992775E-02
  5.7190000000E+01   4.9938642365E-02
  5.7200000000E+01   4.9069144546E-02
  5.7210000000E+01   4.8310493559E-02
  5.7220000000E+01   4.7751861956E-02
  5.7230000000E+01   4.7468702712E-02
  5.7240000000E+01   4.7512372911E-02
  5.7250000000E+01   4.7902148832E-02
  5.7260000000E+01   4.8620002681E-02
  5.7270000000E+01   4.9609735526E-02
  5.7280000000E+01   5.0780245865E-02
  5.7290000000E+01   5.2012919395E-02
  5.7300000000E+01   5.3172313892E-02
  5.7310000000E+01   5.4119202324E-02
  5.7320000000E+01   5.4724090754E-02
  5.7330000000E+01   5.4880124289E-02
  5.7340000000E+01   5.4513538495E-02
  5.7350000000E+01   5.3590990889E-02
  5.7360000000E+01   5.2122567309E-02
  5.7370000000E+01   5.0160650507E-02
  5.7380000000E+01   4.7794716369E-02
  5.7390000000E+01   4.5143041765E-02
  5.7400000000E+01   4.2342068532E-02
  5.7410000000E+01   3.9534766344E-02
  5.7420000000E+01   3.6859283630E-02
  5.7430000000E+01   3.4438738627E-02
  5.7440000000E+01   3.2373021911E-02
  5.7450000000E+01   3.0733163758E-02
  5.7460000000E+01   2.9558557920E-02
  5.7470000000E+01   2.8856880480E-02
  5.7480000000E+01   2.8606618706E-02
  5.7490000000E+01   2.8761720844E-02
  5.7500000000E+01   2.9257784841E-02
  5.7510000000E+01   3.0019229848E-02
  5.7520000000E+01   3.0966607594E-02
  5.7530000000E+01   3.2023624528E-02
  5.7540000000E+01   3.3123005204E-02
  5.7550000000E+01   3.4210870788E-02
  5.7560000000E+01   3.5249148174E-02
  5.7570000000E+01   3.6216331559E-02
  5.7580000000E+01   3.7106215555E-02
  5.7590000000E+01   3.7925345037E-02
  5.7600000000E+01   3.8689484039E-02
  5.7610000000E+01   3.9419641958E-02
  5.7620000000E+01   4.0138419771E-02
  5.7630000000E+01   4.0866674963E-02
  5.7640000000E+01   4.1620901343E-02
  5.7650000000E+01   4.2411411800E-02
  5.7660000000E+01   4.3241078836E-02
  5.7670000000E+01   4.4104516284E-02
  5.7680000000E+01   4.4987685191E-02
  5.7690000000E+01   4.5867497851E-02
  5.7700000000E+01   4.6712036303E-02
  5.7710000000E+01   4.7481234464E-02
  5.7720000000E+01   4.8128447627E-02
  5.7730000000E+01   4.8602792298E-02
  5.7740000000E+01   4.8853021555E-02
  5.7750000000E+01   4.8831911339E-02
  5.7760000000E+01   4.8501424222E-02
  5.7770000000E+01   4.7837748166E-02
  5.7780000000E+01   4.6835306879E-02
  5.7790000000E+01   4.5509356676E-02
  5.7800000000E+01   4.3896272819E-02
  5.7810000000E+01   4.2051573985E-02
  5.7820000000E+01   4.0045577764E-02
  5.7830000000E+01   3.7957323365E-02
  5.7840000000E+01   3.5867505785E-02
  5.7850000000E+01   3.3851415556E-02
  5.7860000000E+01   3.1972848417E-02
  5.7870000000E+01   3.0279784514E-02
  5.7880000000E+01   2.8802373479E-02
  5.7890000000E+01   2.7553276916E-02
  5.7900000000E+01   2.6530246928E-02
  5.7910000000E+01   2.5720266308E-02
  5.7920000000E+01   2.5104605888E-02
  5.7930000000E+01   2.4663736274E-02
  5.7940000000E+01   2.4381644390E-02
  5.7950000000E+01   2.4248611102E-02
  5.7960000000E+01   2.4262496097E-02
  5.7970000000E+01   2.4427995776E-02
  5.7980000000E+01   2.4754527625E-02
  5.7990000000E+01   2.5252780431E-02
  5.8000000000E+01   2.5930750484E-02
  5.8010000000E+01   2.6789540616E-02
  5.8020000000E+01   2.7819855605E-02
  5.8030000000E+01   2.8999332810E-02
  5.8040000000E+01   3.0291359897E-02
  5.8050000000E+01   3.1645323638E-02
  5.8060000000E+01   3.2998705086E-02
  5.8070000000E+01   3.4280538409E-02
  5.8080000000E+01   3.5416366240E-02
  5.8090000000E+01   3.6333993077E-02
  5.8100000000E+01   3.6969660974E-02
  5.8110000000E+01   3.7274009382E-02
  5.8120000000E+01   3.7217186964E-02
  5.8130000000E+01   3.6792555851E-02
  5.8140000000E+01   3.6018314947E-02
  5.8150000000E+01   3.4937121446E-02
  5.8160000000E+01   3.3613356941E-02
  5.8170000000E+01   3.2128077587E-02
  5.8180000000E+01   3.0572760704E-02
  5.8190000000E+01   2.9041814804E-02
  5.8200000000E+01   2.7624897553E-02
  5.8210000000E+01   2.6400009126E-02
  5.8220000000E+01   2.5427828913E-02
  5.8230000000E+01   2.4747998009E-02
  5.8240000000E+01   2.4377434752E-02
  5.8250000000E+01   2.4311085808E-02
  5.8260000000E+01   2.4524447935E-02
  5.8270000000E+01   2.4977761648E-02
  5.8280000000E+01   2.5621239309E-02
  5.8290000000E+01   2.6400521493E-02
  5.8300000000E+01   2.7262068108E-02
  5.8310000000E+01   2.8158011729E-02
  5.8320000000E+01   2.9049668215E-02
  5.8330000000E+01   2.9910196960E-02
  5.8340000000E+01   3.0725468880E-02
  5.8350000000E+01   3.1493957516E-02
  5.8360000000E+01   3.2225177107E-02
  5.8370000000E+01   3.2937157729E-02
  5.8380000000E+01   3.3653157446E-02
  5.8390000000E+01   3.4397973256E-02
  5.8400000000E+01   3.5194265981E-02
  5.8410000000E+01   3.6059294214E-02
  5.8420000000E+01   3.7002500391E-02
  5.8430000000E+01   3.8024174752E-02
  5.8440000000E+01   3.9115562105E-02
  5.8450000000E+01   4.0260104523E-02
  5.8460000000E+01   4.1435783255E-02
  5.8470000000E+01   4.2618152081E-02
  5.8480000000E+01   4.3783319696E-02
  5.8490000000E+01   4.4910497674E-02
  5.8500000000E+01   4.5983636489E-02
  5.8510000000E+01   4.6991678040E-02
  5.8520000000E+01   4.7927582235E-02
  5.8530000000E+01   4.8786163953E-02
  5.8540000000E+01   4.9561344443E-02
  5.8550000000E+01   5.0243505657E-02
  5.8560000000E+01   5.0817438920E-02
  5.8570000000E+01   5.1261458829E-02
  5.8580000000E+01   5.1548199848E-02
  5.8590000000E+01   5.1646759594E-02
  5.8600000000E+01   5.1526333536E-02
  5.8610000000E+01   5.1160348257E-02
  5.8620000000E+01   5.0530779161E-02
  5.8630000000E+01   4.9631594447E-02
  5.8640000000E+01   4.8470910968E-02
  5.8650000000E+01   4.7071207185E-02
  5.8660000000E+01   4.5467733041E-02
  5.8670000000E+01   4.3705233264E-02
  5.8680000000E+01   4.1833182852E-02
  5.8690000000E+01   3.9900929131E-02
  5.8700000000E+01   3.7952910630E-02
  5.8710000000E+01   3.6025032505E-02
  5.8720000000E+01   3.4142603651E-02
  5.8730000000E+01   3.2320461279E-02
  5.8740000000E+01   3.0564574055E-02
  5.8750000000E+01   2.8875489695E-02
  5.8760000000E+01   2.7252420836E-02
  5.8770000000E+01   2.5697390337E-02
  5.8780000000E+01   2.4218721438E-02
  5.8790000000E+01   2.2832840420E-02
  5.8800000000E+01   2.1564606012E-02
  5.8810000000E+01   2.0445528589E-02
  5.8820000000E+01   1.9510441036E-02
  5.8830000000E+01   1.8793082031E-02
  5.8840000000E+01   1.8321318050E-02
  5.8850000000E+01   1.8112753006E-02
  5.8860000000E+01   1.8171614548E-02
  5.8870000000E+01   1.8486683550E-02
  5.8880000000E+01   1.9031793077E-02
  5.8890000000E+01   1.9767580839E-02
  5.8900000000E+01   2.0644598415E-02
  5.8910000000E+01   2.1607582207E-02
  5.8920000000E+01   2.2599838661E-02
  5.8930000000E+01   2.3567186980E-02
  5.8940000000E+01   2.4461371540E-02
  5.8950000000E+01   2.5242280427E-02
  5.8960000000E+01   2.5878919136E-02
  5.8970000000E+01   2.6349741814E-02
  5.8980000000E+01   2.6642062539E-02
  5.8990000000E+01   2.6751388472E-02
  5.9000000000E+01   2.6680616575E-02
  5.9010000000E+01   2.6439642152E-02
  5.9020000000E+01   2.6045248995E-02
  5.9030000000E+01   2.5521103591E-02
  5.9040000000E+01   2.4897925676E-02
  5.9050000000E+01   2.4213121717E-02
  5.9060000000E+01   2.3510025097E-02
  5.9070000000E+01   2.2836193184E-02
  5.9080000000E+01   2.2240970236E-02
  5.9090000000E+01   2.1772305266E-02
  5.9100000000E+01   2.1473164498E-02
  5.9110000000E+01   2.1377930394E-02
  5.9120000000E+01   2.1509279655E-02
  5.9130000000E+01   2.1875811283E-02
  5.9140000000E+01   2.2471039751E-02
  5.9150000000E+01   2.3273814598E-02
  5.9160000000E+01   2.4249912129E-02
  5.9170000000E+01   2.5355114869E-02
  5.9180000000E+01   2.6539124723E-02
  5.9190000000E+01   2.7749777224E-02
  5.9200000000E+01   2.8937204902E-02
  5.9210000000E+01   3.0057354545E-02
  5.9220000000E+01   3.1074479353E-02
  5.9230000000E+01   3.1962384974E-02
  5.9240000000E+01   3.2704421431E-02
  5.9250000000E+01   3.3292428064E-02
  5.9260000000E+01   3.3725015076E-02
  5.9270000000E+01   3.4005667057E-02
  5.9280000000E+01   3.4141151476E-02
  5.9290000000E+01   3.4140652462E-02
  5.9300000000E+01   3.4015716350E-02
  5.9310000000E+01   3.3781222130E-02
  5.9320000000E+01   3.3456594938E-02
  5.9330000000E+01   3.3067461959E-02
  5.9340000000E+01   3.2646390347E-02
  5.9350000000E+01   3.2232826070E-02
  5.9360000000E+01   3.1871306986E-02
  5.9370000000E+01   3.1608082726E-02
  5.9380000000E+01   3.1486243980E-02
  5.9390000000E+01   3.1539924260E-02
  5.9400000000E+01   3.1788308909E-02
  5.9410000000E+01   3.2230637242E-02
  5.9420000000E+01   3.2842677577E-02
  5.9430000000E+01   3.3576291362E-02
  5.9440000000E+01   3.4361578556E-02
  5.9450000000E+01   3.5112261297E-02
  5.9460000000E+01   3.5733765732E-02
  5.9470000000E+01   3.6132808645E-02
  5.9480000000E+01   3.6227760694E-02
  5.9490000000E+01   3.5958135021E-02
  5.9500000000E+01   3.5292171331E-02
  5.9510000000E+01   3.4231529160E-02
  5.9520000000E+01   3.2812446636E-02
  5.9530000000E+01   3.1103266687E-02
  5.9540000000E+01   2.9198949272E-02
  5.9550000000E+01   2.7212924912E-02
  5.9560000000E+01   2.5267619600E-02
  5.9570000000E+01   2.3484632172E-02
  5.9580000000E+01   2.1975753784E-02
  5.9590000000E+01   2.0835429116E-02
  5.9600000000E+01   2.0135391336E-02
  5.9610000000E+01   1.9921850113E-02
  5.9620000000E+01   2.0214723976E-02
  5.9630000000E+01   2.1008848117E-02
  5.9640000000E+01   2.2276652197E-02
  5.9650000000E+01   2.3971382792E-02
  5.9660000000E+01   2.6030860662E-02
  5.9670000000E+01   2.8380926957E-02
  5.9680000000E+01   3.0938559438E-02
  5.9690000000E+01   3.3614601320E-02
  5.9700000000E+01   3.6316185228E-02
  5.9710000000E+01   3.8949132521E-02
  5.9720000000E+01   4.1420605041E-02
  5.9730000000E+01   4.3642072958E-02
  5.9740000000E+01   4.5532707186E-02
  5.9750000000E+01   4.7023104104E-02
  5.9760000000E+01   4.8059043577E-02
  5.9770000000E+01   4.8604650380E-02
  5.9780000000E+01   4.8644978096E-02
  5.9790000000E+01   4.8187072654E-02
  5.9800000000E+01   4.7259598661E-02
  5.9810000000E+01   4.5910822024E-02
  5.9820000000E+01   4.4205112348E-02
  5.9830000000E+01   4.2218323061E-02
  5.9840000000E+01   4.0032464770E-02
  5.9850000000E+01   3.7730581914E-02
  5.9860000000E+01   3.5391545283E-02
  5.9870000000E+01   3.3086464292E-02
  5.9880000000E+01   3.0875979413E-02
  5.9890000000E+01   2.8808787469E-02
  5.9900000000E+01   2.6921766098E-02
  5.9910000000E+01   2.5240795970E-02
  5.9920000000E+01   2.3782487490E-02
  5.9930000000E+01   2.2556016006E-02
  5.9940000000E+01   2.1564875392E-02
  5.9950000000E+01   2.0808230795E-02
  5.9960000000E+01   2.0281695292E-02
  5.9970000000E+01   1.9977527797E-02
  5.9980000000E+01   1.9884390479E-02
  5.9990000000E+01   1.9986916673E-02
  6.0000000000E+01   2.0265411937E-02
  6.0010000000E+01   2.0695915034E-02
  6.0020000000E+01   2.1251018936E-02
  6.0030000000E+01   2.1901233656E-02
  6.0040000000E+01   2.2617181776E-02
  6.0050000000E+01   2.3372002469E-02
  6.0060000000E+01   2.4143997376E-02
  6.0070000000E+01   2.4918557576E-02
  6.0080000000E+01   2.5689487263E-02
  6.0090000000E+01   2.6458991309E-02
  6.0100000000E+01   2.7236335128E-02
  6.0110000000E+01   2.8035192604E-02
  6.0120000000E+01   2.8870070694E-02
  6.0130000000E+01   2.9752035775E-02
  6.0140000000E+01   3.0684963355E-02
  6.0150000000E+01   3.1662107569E-02
  6.0160000000E+01   3.2664583364E-02
  6.0170000000E+01   3.3661534934E-02
  6.0180000000E+01   3.4612190537E-02
  6.0190000000E+01   3.5470085415E-02
  6.0200000000E+01   3.6188304842E-02
  6.0210000000E+01   3.6725642293E-02
  6.0220000000E+01   3.7052326379E-02
  6.0230000000E+01   3.7154606587E-02
  6.0240000000E+01   3.7037252605E-02
  6.0250000000E+01   3.6723675202E-02
  6.0260000000E+01   3.6253250601E-02
  6.0270000000E+01   3.5676237313E-02
  6.0280000000E+01   3.5046915344E-02
  6.0290000000E+01   3.4415993184E-02
  6.0300000000E+01   3.3823191104E-02
  6.0310000000E+01   3.3291324216E-02
  6.0320000000E+01   3.2822829214E-02
  6.0330000000E+01   3.2399127629E-02
  6.0340000000E+01   3.1983195815E-02
  6.0350000000E+01   3.1525115672E-02
  6.0360000000E+01   3.0969538871E-02
  6.0370000000E+01   3.0264323293E-02
  6.0380000000E+01   2.9369033039E-02
  6.0390000000E+01   2.8262169834E-02
  6.0400000000E+01   2.6946202866E-02
  6.0410000000E+01   2.5449719350E-02
  6.0420000000E+01   2.3826697567E-02
  6.0430000000E+01   2.2152682075E-02
  6.0440000000E+01   2.0518859297E-02
  6.0450000000E+01   1.9024432699E-02
  6.0460000000E+01   1.7768141825E-02
  6.0470000000E+01   1.6839990715E-02
  6.0480000000E+01   1.6313716013E-02
  6.0490000000E+01   1.6240396145E-02
  6.0500000000E+01   1.6644096658E-02
  6.0510000000E+01   1.7519281869E-02
  6.0520000000E+01   1.8830512077E-02
  6.0530000000E+01   2.0514168793E-02
  6.0540000000E+01   2.2482263016E-02
  6.0550000000E+01   2.4628045586E-02
  6.0560000000E+01   2.6833143735E-02
  6.0570000000E+01   2.8975567587E-02
  6.0580000000E+01   3.0938293880E-02
  6.0590000000E+01   3.2617344813E-02
  6.0600000000E+01   3.3929004680E-02
  6.0610000000E+01   3.4815340039E-02
  6.0620000000E+01   3.5247406863E-02
  6.0630000000E+01   3.5226177443E-02
  6.0640000000E+01   3.4780774561E-02
  6.0650000000E+01   3.3964463222E-02
  6.0660000000E+01   3.2848852877E-02
  6.0670000000E+01   3.1516845456E-02
  6.0680000000E+01   3.0055146280E-02
  6.0690000000E+01   2.8546971842E-02
  6.0700000000E+01   2.7065725345E-02
  6.0710000000E+01   2.5669979922E-02
  6.0720000000E+01   2.4400370434E-02
  6.0730000000E+01   2.3278226860E-02
  6.0740000000E+01   2.2306053883E-02
  6.0750000000E+01   2.1469803529E-02
  6.0760000000E+01   2.0742348636E-02
  6.0770000000E+01   2.0087824171E-02
  6.0780000000E+01   1.9466604989E-02
  6.0790000000E+01   1.8840153412E-02
  6.0800000000E+01   1.8175471953E-02
  6.0810000000E+01   1.7448832762E-02
  6.0820000000E+01   1.6648392067E-02
  6.0830000000E+01   1.5775867145E-02
  6.0840000000E+01   1.4846884290E-02
  6.0850000000E+01   1.3890310254E-02
  6.0860000000E+01   1.2946650600E-02
  6.0870000000E+01   1.2065485015E-02
  6.0880000000E+01   1.1302506223E-02
  6.0890000000E+01   1.0715956845E-02
  6.0900000000E+01   1.0362759214E-02
  6.0910000000E+01   1.0294518492E-02
  6.0920000000E+01   1.0553530165E-02
  6.0930000000E+01   1.1169012925E-02
  6.0940000000E+01   1.2153831754E-02
  6.0950000000E+01   1.3502010268E-02
  6.0960000000E+01   1.5187471893E-02
  6.0970000000E+01   1.7164071069E-02
  6.0980000000E+01   1.9367464950E-02
  6.0990000000E+01   2.1718752445E-02
  6.1000000000E+01   2.4129604252E-02
  6.1010000000E+01   2.6508731403E-02
  6.1020000000E+01   2.8768927343E-02
  6.1030000000E+01   3.0834077487E-02
  6.1040000000E+01   3.2645077917E-02
  6.1050000000E+01   3.4164076731E-02
  6.1060000000E+01   3.5376449955E-02
  6.1070000000E+01   3.6290052827E-02
  6.1080000000E+01   3.6932082880E-02
  6.1090000000E+01   3.7343788027E-02
  6.1100000000E+01   3.7573573780E-02
  6.1110000000E+01   3.7669976957E-02
  6.1120000000E+01   3.7674656746E-02
  6.1130000000E+01   3.7617088379E-02
  6.1140000000E+01   3.7510980497E-02
  6.1150000000E+01   3.7353326694E-02
  6.1160000000E+01   3.7125884876E-02
  6.1170000000E+01   3.6798937247E-02
  6.1180000000E+01   3.6336847547E-02
  6.1190000000E+01   3.5704484880E-02
  6.1200000000E+01   3.4873926824E-02
  6.1210000000E+01   3.3830344522E-02
  6.1220000000E+01   3.2576410068E-02
  6.1230000000E+01   3.1134681912E-02
  6.1240000000E+01   2.9547580326E-02
  6.1250000000E+01   2.7875114466E-02
  6.1260000000E+01   2.6190542363E-02
  6.1270000000E+01   2.4574564467E-02
  6.1280000000E+01   2.3108732255E-02
  6.1290000000E+01   2.1868807460E-02
  6.1300000000E+01   2.0918743539E-02
  6.1310000000E+01   2.0305835444E-02
  6.1320000000E+01   2.0057235306E-02
  6.1330000000E+01   2.0178214070E-02
  6.1340000000E+01   2.0651789321E-02
  6.1350000000E+01   2.1439793933E-02
  6.1360000000E+01   2.2484909205E-02
  6.1370000000E+01   2.3713863422E-02
  6.1380000000E+01   2.5041089855E-02
  6.1390000000E+01   2.6373337559E-02
  6.1400000000E+01   2.7614673004E-02
  6.1410000000E+01   2.8671884976E-02
  6.1420000000E+01   2.9460508962E-02
  6.1430000000E+01   2.9910237485E-02
  6.1440000000E+01   2.9970280954E-02
  6.1450000000E+01   2.9613725789E-02
  6.1460000000E+01   2.8840180104E-02
  6.1470000000E+01   2.7676816468E-02
  6.1480000000E+01   2.6177297910E-02
  6.1490000000E+01   2.4418744435E-02
  6.1500000000E+01   2.2496806525E-02
  6.1510000000E+01   2.0519730581E-02
  6.1520000000E+01   1.8601679069E-02
  6.1530000000E+01   1.6856009167E-02
  6.1540000000E+01   1.5389357242E-02
  6.1550000000E+01   1.4296439091E-02
  6.1560000000E+01   1.3656337393E-02
  6.1570000000E+01   1.3529936057E-02
  6.1580000000E+01   1.3958509164E-02
  6.1590000000E+01   1.4963343412E-02
  6.1600000000E+01   1.6545787599E-02
  6.1610000000E+01   1.8687995971E-02
  6.1620000000E+01   2.1353783827E-02
  6.1630000000E+01   2.4489724046E-02
  6.1640000000E+01   2.8026382463E-02
  6.1650000000E+01   3.1879776498E-02
  6.1660000000E+01   3.5953124214E-02
  6.1670000000E+01   4.0138969438E-02
  6.1680000000E+01   4.4321757261E-02
  6.1690000000E+01   4.8380909200E-02
  6.1700000000E+01   5.2194412128E-02
  6.1710000000E+01   5.5642890351E-02
  6.1720000000E+01   5.8614074803E-02
  6.1730000000E+01   6.1007500901E-02
  6.1740000000E+01   6.2739333215E-02
  6.1750000000E+01   6.3746629205E-02
  6.1760000000E+01   6.3991343570E-02
  6.1770000000E+01   6.3462992332E-02
  6.1780000000E+01   6.2180136561E-02
  6.1790000000E+01   6.0190022337E-02
  6.1800000000E+01   5.7566545586E-02
  6.1810000000E+01   5.4406274914E-02
  6.1820000000E+01   5.0823136208E-02
  6.1830000000E+01   4.6941421183E-02
  6.1840000000E+01   4.2888885687E-02
  6.1850000000E+01   3.8789302556E-02
  6.1860000000E+01   3.4756049124E-02
  6.1870000000E+01   3.0886825287E-02
  6.1880000000E+01   2.7260085429E-02
  6.1890000000E+01   2.3933371272E-02
  6.1900000000E+01   2.0943542142E-02
  6.1910000000E+01   1.8308688389E-02
  6.1920000000E+01   1.6031340302E-02
  6.1930000000E+01   1.4102468807E-02
  6.1940000000E+01   1.2505726368E-02
  6.1950000000E+01   1.1221398375E-02
  6.1960000000E+01   1.0229619464E-02
  6.1970000000E+01   9.5125415129E-03
  6.1980000000E+01   9.0553261166E-03
  6.1990000000E+01   8.8458557866E-03
  6.2000000000E+01   8.8736047125E-03
  6.2010000000E+01   9.1276496934E-03
  6.2020000000E+01   9.5944421971E-03
  6.2030000000E+01   1.0255520268E-02
  6.2040000000E+01   1.1085870792E-02
  6.2050000000E+01   1.2052814243E-02
  6.2060000000E+01   1.3116004257E-02
  6.2070000000E+01   1.4228349308E-02
  6.2080000000E+01   1.5337969438E-02
  6.2090000000E+01   1.6390864694E-02
  6.2100000000E+01   1.7334235794E-02
  6.2110000000E+01   1.8119970129E-02
  6.2120000000E+01   1.8708158181E-02
  6.2130000000E+01   1.9070210921E-02
  6.2140000000E+01   1.9191375899E-02
  6.2150000000E+01   1.9072301383E-02
  6.2160000000E+01   1.8729757110E-02
  6.2170000000E+01   1.8196265931E-02
  6.2180000000E+01   1.7518555314E-02
  6.2190000000E+01   1.6755094777E-02
  6.2200000000E+01   1.5972528106E-02
  6.2210000000E+01   1.5241561357E-02
  6.2220000000E+01   1.4632239057E-02
  6.2230000000E+01   1.4208934411E-02
  6.2240000000E+01   1.4025706791E-02
  6.2250000000E+01   1.4121836335E-02
  6.2260000000E+01   1.4518537796E-02
  6.2270000000E+01   1.5216732243E-02
  6.2280000000E+01   1.6196399660E-02
  6.2290000000E+01   1.7417638004E-02
  6.2300000000E+01   1.8823483670E-02
  6.2310000000E+01   2.0344369997E-02
  6.2320000000E+01   2.1903907555E-02
  6.2330000000E+01   2.3425527280E-02
  6.2340000000E+01   2.4839252749E-02
  6.2350000000E+01   2.6088009999E-02
  6.2360000000E+01   2.7132628847E-02
  6.2370000000E+01   2.7954955937E-02
  6.2380000000E+01   2.8558631624E-02
  6.2390000000E+01   2.8967368928E-02
  6.2400000000E+01   2.9220892803E-02
  6.2410000000E+01   2.9369014883E-02
  6.2420000000E+01   2.9464581614E-02
  6.2430000000E+01   2.9556196480E-02
  6.2440000000E+01   2.9681676527E-02
  6.2450000000E+01   2.9862939860E-02
  6.2460000000E+01   3.0103210117E-02
  6.2470000000E+01   3.0386523060E-02
  6.2480000000E+01   3.0679628930E-02
  6.2490000000E+01   3.0936018097E-02
  6.2500000000E+01   3.1101257111E-02
  6.2510000000E+01   3.1119169310E-02
  6.2520000000E+01   3.0937818045E-02
  6.2530000000E+01   3.0514922023E-02
  6.2540000000E+01   2.9821956829E-02
  6.2550000000E+01   2.8846864743E-02
  6.2560000000E+01   2.7594960441E-02
  6.2570000000E+01   2.6088544474E-02
  6.2580000000E+01   2.4365104254E-02
  6.2590000000E+01   2.2474479591E-02
  6.2600000000E+01   2.0475501293E-02
  6.2610000000E+01   1.8432179934E-02
  6.2620000000E+01   1.6409794879E-02
  6.2630000000E+01   1.4471450997E-02
  6.2640000000E+01   1.2674752553E-02
  6.2650000000E+01   1.1069139703E-02
  6.2660000000E+01   9.6938263003E-03
  6.2670000000E+01   8.5763246773E-03
  6.2680000000E+01   7.7317485784E-03
  6.2690000000E+01   7.1626779750E-03
  6.2700000000E+01   6.8597009698E-03
  6.2710000000E+01   6.8027053950E-03
  6.2720000000E+01   6.9624449668E-03
  6.2730000000E+01   7.3031491573E-03
  6.2740000000E+01   7.7852955387E-03
  6.2750000000E+01   8.3688739923E-03
  6.2760000000E+01   9.0168614378E-03
  6.2770000000E+01   9.6984756551E-03
  6.2780000000E+01   1.0392188867E-02
  6.2790000000E+01   1.1087839686E-02
  6.2800000000E+01   1.1787663374E-02
  6.2810000000E+01   1.2505945106E-02
  6.2820000000E+01   1.3267170540E-02
  6.2830000000E+01   1.4102743812E-02
  6.2840000000E+01   1.5046446523E-02
  6.2850000000E+01   1.6129258194E-02
  6.2860000000E+01   1.7374019060E-02
  6.2870000000E+01   1.8790448985E-02
  6.2880000000E+01   2.0371657428E-02
  6.2890000000E+01   2.2092289418E-02
  6.2900000000E+01   2.3908773165E-02
  6.2910000000E+01   2.5761812261E-02
  6.2920000000E+01   2.7580896680E-02
  6.2930000000E+01   2.9290248378E-02
  6.2940000000E+01   3.0815532676E-02
  6.2950000000E+01   3.2090594591E-02
  6.2960000000E+01   3.3063123594E-02
  6.2970000000E+01   3.3699031324E-02
  6.2980000000E+01   3.3984716798E-02
  6.2990000000E+01   3.3927360336E-02
  6.3000000000E+01   3.3553334926E-02
  6.3010000000E+01   3.2905201716E-02
  6.3020000000E+01   3.2037853434E-02
  6.3030000000E+01   3.1014388471E-02
  6.3040000000E+01   2.9902193658E-02
  6.3050000000E+01   2.8769525728E-02
  6.3060000000E+01   2.7682661803E-02
  6.3070000000E+01   2.6703495261E-02
  6.3080000000E+01   2.5887334369E-02
  6.3090000000E+01   2.5280671069E-02
  6.3100000000E+01   2.4918631904E-02
  6.3110000000E+01   2.4822388232E-02
  6.3120000000E+01   2.4996429172E-02
  6.3130000000E+01   2.5426321826E-02
  6.3140000000E+01   2.6077407018E-02
  6.3150000000E+01   2.6894971960E-02
  6.3160000000E+01   2.7806290657E-02
  6.3170000000E+01   2.8724798342E-02
  6.3180000000E+01   2.9555992856E-02
  6.3190000000E+01   3.0204990730E-02
  6.3200000000E+01   3.0584684710E-02
  6.3210000000E+01   3.0623622907E-02
  6.3220000000E+01   3.0272876223E-02
  6.3230000000E+01   2.9510763130E-02
  6.3240000000E+01   2.8345056604E-02
  6.3250000000E+01   2.6812322577E-02
  6.3260000000E+01   2.4974568105E-02
  6.3270000000E+01   2.2913619063E-02
  6.3280000000E+01   2.0723955872E-02
  6.3290000000E+01   1.8504848035E-02
  6.3300000000E+01   1.6352631601E-02
  6.3310000000E+01   1.4353924212E-02
  6.3320000000E+01   1.2580134281E-02
  6.3330000000E+01   1.1083936599E-02
  6.3340000000E+01   9.8975355943E-03
  6.3350000000E+01   9.0324664214E-03
  6.3360000000E+01   8.4812724760E-03
  6.3370000000E+01   8.2201490475E-03
  6.3380000000E+01   8.2124839113E-03
  6.3390000000E+01   8.4129381327E-03
  6.3400000000E+01   8.7715412373E-03
  6.3410000000E+01   9.2377014078E-03
  6.3420000000E+01   9.7638282867E-03
  6.3430000000E+01   1.0308085382E-02
  6.3440000000E+01   1.0836428916E-02
  6.3450000000E+01   1.1323418830E-02
  6.3460000000E+01   1.1752346686E-02
  6.3470000000E+01   1.2114319870E-02
  6.3480000000E+01   1.2406745770E-02
  6.3490000000E+01   1.2631540423E-02
  6.3500000000E+01   1.2793338914E-02
  6.3510000000E+01   1.2898093757E-02
  6.3520000000E+01   1.2952240516E-02
  6.3530000000E+01   1.2962606857E-02
  6.3540000000E+01   1.2936903461E-02
  6.3550000000E+01   1.2884742640E-02
  6.3560000000E+01   1.2818883981E-02
  6.3570000000E+01   1.2756277200E-02
  6.3580000000E+01   1.2718876385E-02
  6.3590000000E+01   1.2733635640E-02
  6.3600000000E+01   1.2831852445E-02
  6.3610000000E+01   1.3047775822E-02
  6.3620000000E+01   1.3416710569E-02
  6.3630000000E+01   1.3972473934E-02
  6.3640000000E+01   1.4744937896E-02
  6.3650000000E+01   1.5757437900E-02
  6.3660000000E+01   1.7024749265E-02
  6.3670000000E+01   1.8551336056E-02
  6.3680000000E+01   2.0330419509E-02
  6.3690000000E+01   2.2343529452E-02
  6.3700000000E+01   2.4560931963E-02
  6.3710000000E+01   2.6942489325E-02
  6.3720000000E+01   2.9439019310E-02
  6.3730000000E+01   3.1994052551E-02
  6.3740000000E+01   3.4545742856E-02
  6.3750000000E+01   3.7028940278E-02
  6.3760000000E+01   3.9377376941E-02
  6.3770000000E+01   4.1525946457E-02
  6.3780000000E+01   4.3413256154E-02
  6.3790000000E+01   4.4984372400E-02
  6.3800000000E+01   4.6193849894E-02
  6.3810000000E+01   4.7008885856E-02
  6.3820000000E+01   4.7412462547E-02
  6.3830000000E+01   4.7405813741E-02
  6.3840000000E+01   4.7010174493E-02
  6.3850000000E+01   4.6266989477E-02
  6.3860000000E+01   4.5236376011E-02
  6.3870000000E+01   4.3993642200E-02
  6.3880000000E+01   4.2623978776E-02
  6.3890000000E+01   4.1215679386E-02
  6.3900000000E+01   3.9852695790E-02
  6.3910000000E+01   3.8607171112E-02
  6.3920000000E+01   3.7533050642E-02
  6.3930000000E+01   3.6661555753E-02
  6.3940000000E+01   3.5998802057E-02
  6.3950000000E+01   3.5526318835E-02
  6.3960000000E+01   3.5203996274E-02
  6.3970000000E+01   3.4975105405E-02
  6.3980000000E+01   3.4772954465E-02
  6.3990000000E+01   3.4528061449E-02
  6.4000000000E+01   3.4175227780E-02
  6.4010000000E+01   3.3659702631E-02
  6.4020000000E+01   3.2941937075E-02
  6.4030000000E+01   3.2000423246E-02
  6.4040000000E+01   3.0832882946E-02
  6.4050000000E+01   2.9455601877E-02
  6.4060000000E+01   2.7901367232E-02
  6.4070000000E+01   2.6216376363E-02
  6.4080000000E+01   2.4456528097E-02
  6.4090000000E+01   2.2683484224E-02
  6.4100000000E+01   2.0960813555E-02
  6.4110000000E+01   1.9350420833E-02
  6.4120000000E+01   1.7909491870E-02
  6.4130000000E+01   1.6687773677E-02
  6.4140000000E+01   1.5725478034E-02
  6.4150000000E+01   1.5051706229E-02
  6.4160000000E+01   1.4683339247E-02
  6.4170000000E+01   1.4624672462E-02
  6.4180000000E+01   1.4867251608E-02
  6.4190000000E+01   1.5390881679E-02
  6.4200000000E+01   1.6164953145E-02
  6.4210000000E+01   1.7150398263E-02
  6.4220000000E+01   1.8302078700E-02
  6.4230000000E+01   1.9571374539E-02
  6.4240000000E+01   2.0908686831E-02
  6.4250000000E+01   2.2265693977E-02
  6.4260000000E+01   2.3597085641E-02
  6.4270000000E+01   2.4861698085E-02
  6.4280000000E+01   2.6023117286E-02
  6.4290000000E+01   2.7049870797E-02
  6.4300000000E+01   2.7915357303E-02
  6.4310000000E+01   2.8598127760E-02
  6.4320000000E+01   2.9082336358E-02
  6.4330000000E+01   2.9358906906E-02
  6.4340000000E+01   2.9426987269E-02
  6.4350000000E+01   2.9295961892E-02
  6.4360000000E+01   2.8987255089E-02
  6.4370000000E+01   2.8535701151E-02
  6.4380000000E+01   2.7989699385E-02
  6.4390000000E+01   2.7410152878E-02
  6.4400000000E+01   2.6867337372E-02
  6.4410000000E+01   2.6436533290E-02
  6.4420000000E+01   2.6191740861E-02
  6.4430000000E+01   2.6199020786E-02
  6.4440000000E+01   2.6509608635E-02
  6.4450000000E+01   2.7153869499E-02
  6.4460000000E+01   2.8136946896E-02
  6.4470000000E+01   2.9436815436E-02
  6.4480000000E+01   3.1004851427E-02
  6.4490000000E+01   3.2769169864E-02
  6.4500000000E+01   3.4640124094E-02
  6.4510000000E+01   3.6517571573E-02
  6.4520000000E+01   3.8298862298E-02
  6.4530000000E+01   3.9886757426E-02
  6.4540000000E+01   4.1196511765E-02
  6.4550000000E+01   4.2161236329E-02
  6.4560000000E+01   4.2735784108E-02
  6.4570000000E+01   4.2898362825E-02
  6.4580000000E+01   4.2650488331E-02
  6.4590000000E+01   4.2015390604E-02
  6.4600000000E+01   4.1035259604E-02
  6.4610000000E+01   3.9767647071E-02
  6.4620000000E+01   3.8281333656E-02
  6.4630000000E+01   3.6651930947E-02
  6.4640000000E+01   3.4957326541E-02
  6.4650000000E+01   3.3273018648E-02
  6.4660000000E+01   3.1667969822E-02
  6.4670000000E+01   3.0200688149E-02
  6.4680000000E+01   2.8916157641E-02
  6.4690000000E+01   2.7843903012E-02
  6.4700000000E+01   2.6997157237E-02
  6.4710000000E+01   2.6373735755E-02
  6.4720000000E+01   2.5958027880E-02
  6.4730000000E+01   2.5724290546E-02
  6.4740000000E+01   2.5640858949E-02
  6.4750000000E+01   2.5674201879E-02
  6.4760000000E+01   2.5792891757E-02
  6.4770000000E+01   2.5970691670E-02
  6.4780000000E+01   2.6188343167E-02
  6.4790000000E+01   2.6433977041E-02
  6.4800000000E+01   2.6702223063E-02
  6.4810000000E+01   2.6992329831E-02
  6.4820000000E+01   2.7305781395E-02
  6.4830000000E+01   2.7643976810E-02
  6.4840000000E+01   2.8006511527E-02
  6.4850000000E+01   2.8390469409E-02
  6.4860000000E+01   2.8790924121E-02
  6.4870000000E+01   2.9202596453E-02
  6.4880000000E+01   2.9622405753E-02
  6.4890000000E+01   3.0052178429E-02
  6.4900000000E+01   3.0501520297E-02
  6.4910000000E+01   3.0989260592E-02
  6.4920000000E+01   3.1543797907E-02
  6.4930000000E+01   3.2201574333E-02
  6.4940000000E+01   3.3003673172E-02
  6.4950000000E+01   3.3990726479E-02
  6.4960000000E+01   3.5196687389E-02
  6.4970000000E+01   3.6641923916E-02
  6.4980000000E+01   3.8326981205E-02
  6.4990000000E+01   4.0227478595E-02
  6.5000000000E+01   4.2291274193E-02
  6.5010000000E+01   4.4438584776E-02
  6.5020000000E+01   4.6565432222E-02
  6.5030000000E+01   4.8550273287E-02
  6.5040000000E+01   5.0263665794E-02
  6.5050000000E+01   5.1579820246E-02
  6.5060000000E+01   5.2388917759E-02
  6.5070000000E+01   5.2608713678E-02
  6.5080000000E+01   5.2193952207E-02
  6.5090000000E+01   5.1142355665E-02
  6.5100000000E+01   4.9496107105E-02
  6.5110000000E+01   4.7338924616E-02
  6.5120000000E+01   4.4788559128E-02
  6.5130000000E+01   4.1985709673E-02
  6.5140000000E+01   3.9080890053E-02
  6.5150000000E+01   3.6220482033E-02
  6.5160000000E+01   3.3533925920E-02
  6.5170000000E+01   3.1122909399E-02
  6.5180000000E+01   2.9054653945E-02
  6.5190000000E+01   2.7358528986E-02
  6.5200000000E+01   2.6027191171E-02
  6.5210000000E+01   2.5021220119E-02
  6.5220000000E+01   2.4276664497E-02
  6.5230000000E+01   2.3714430283E-02
  6.5240000000E+01   2.3250410119E-02
  6.5250000000E+01   2.2805076818E-02
  6.5260000000E+01   2.2311959985E-02
  6.5270000000E+01   2.1723934307E-02
  6.5280000000E+01   2.1016859423E-02
  6.5290000000E+01   2.0190793414E-02
  6.5300000000E+01   1.9268557027E-02
  6.5310000000E+01   1.8292095037E-02
  6.5320000000E+01   1.7317247383E-02
  6.5330000000E+01   1.6407530326E-02
  6.5340000000E+01   1.5627473221E-02
  6.5350000000E+01   1.5036623656E-02
  6.5360000000E+01   1.4684119833E-02
  6.5370000000E+01   1.4604774233E-02
  6.5380000000E+01   1.4816501402E-02
  6.5390000000E+01   1.5319522876E-02
  6.5400000000E+01   1.6096978836E-02
  6.5410000000E+01   1.7116896689E-02
  6.5420000000E+01   1.8335133432E-02
  6.5430000000E+01   1.9699146861E-02
  6.5440000000E+01   2.1152143233E-02
  6.5450000000E+01   2.2637244398E-02
  6.5460000000E+01   2.4101455787E-02
  6.5470000000E+01   2.5499327504E-02
  6.5480000000E+01   2.6795820525E-02
  6.5490000000E+01   2.7968099026E-02
  6.5500000000E+01   2.9006508085E-02
  6.5510000000E+01   2.9914107118E-02
  6.5520000000E+01   3.0705266702E-02
  6.5530000000E+01   3.1403011870E-02
  6.5540000000E+01   3.2035625529E-02
  6.5550000000E+01   3.2632679225E-02
  6.5560000000E+01   3.3221091648E-02
  6.5570000000E+01   3.3821490375E-02
  6.5580000000E+01   3.4445330111E-02
  6.5590000000E+01   3.5093275253E-02
  6.5600000000E+01   3.5754925219E-02
  6.5610000000E+01   3.6409764184E-02
  6.5620000000E+01   3.7029669911E-02
  6.5630000000E+01   3.7582292227E-02
  6.5640000000E+01   3.8034911887E-02
  6.5650000000E+01   3.8358681541E-02
  6.5660000000E+01   3.8532045950E-02
  6.5670000000E+01   3.8543500791E-02
  6.5680000000E+01   3.8393011768E-02
  6.5690000000E+01   3.8092023212E-02
  6.5700000000E+01   3.7661877292E-02
  6.5710000000E+01   3.7131283649E-02
  6.5720000000E+01   3.6533001368E-02
  6.5730000000E+01   3.5900020170E-02
  6.5740000000E+01   3.5262395425E-02
  6.5750000000E+01   3.4644575218E-02
  6.5760000000E+01   3.4063910186E-02
  6.5770000000E+01   3.3530334834E-02
  6.5780000000E+01   3.3047155130E-02
  6.5790000000E+01   3.2612686683E-02
  6.5800000000E+01   3.2222382778E-02
  6.5810000000E+01   3.1871085401E-02
  6.5820000000E+01   3.1554949149E-02
  6.5830000000E+01   3.1272958290E-02
  6.5840000000E+01   3.1027865045E-02
  6.5850000000E+01   3.0826419898E-02
  6.5860000000E+01   3.0679100117E-02
  6.5870000000E+01   3.0599487732E-02
  6.5880000000E+01   3.0603442319E-02
  6.5890000000E+01   3.0707623010E-02
  6.5900000000E+01   3.0928391649E-02
  6.5910000000E+01   3.1280089468E-02
  6.5920000000E+01   3.1773348774E-02
  6.5930000000E+01   3.2413193077E-02
  6.5940000000E+01   3.3197107816E-02
  6.5950000000E+01   3.4113347744E-02
  6.5960000000E+01   3.5139732730E-02
  6.5970000000E+01   3.6243350481E-02
  6.5980000000E+01   3.7381269502E-02
  6.5990000000E+01   3.8502794695E-02
  6.6000000000E+01   3.9552916326E-02
  6.6010000000E+01   4.0477057576E-02
  6.6020000000E+01   4.1226356948E-02
  6.6030000000E+01   4.1763117626E-02
  6.6040000000E+01   4.2065343523E-02
  6.6050000000E+01   4.2129894832E-02
  6.6060000000E+01   4.1973454992E-02
  6.6070000000E+01   4.1630975230E-02
  6.6080000000E+01   4.1151808201E-02
  6.6090000000E+01   4.0593801393E-02
  6.6100000000E+01   4.0016209786E-02
  6.6110000000E+01   3.9472258706E-02
  6.6120000000E+01   3.9002541870E-02
  6.6130000000E+01   3.8630158145E-02
  6.6140000000E+01   3.8358022300E-02
  6.6150000000E+01   3.8169235664E-02
  6.6160000000E+01   3.8029698791E-02
  6.6170000000E+01   3.7893208073E-02
  6.6180000000E+01   3.7707968359E-02
  6.6190000000E+01   3.7423866929E-02
  6.6200000000E+01   3.6999476030E-02
  6.6210000000E+01   3.6408272753E-02
  6.6220000000E+01   3.5643183531E-02
  6.6230000000E+01   3.4719225655E-02
  6.6240000000E+01   3.3673866373E-02
  6.6250000000E+01   3.2565468213E-02
  6.6260000000E+01   3.1469437122E-02
  6.6270000000E+01   3.0473005695E-02
  6.6280000000E+01   2.9668688785E-02
  6.6290000000E+01   2.9147146402E-02
  6.6300000000E+01   2.8990142369E-02
  6.6310000000E+01   2.9263907368E-02
  6.6320000000E+01   3.0013984763E-02
  6.6330000000E+01   3.1261631898E-02
  6.6340000000E+01   3.3002322616E-02
  6.6350000000E+01   3.5206197056E-02
  6.6360000000E+01   3.7820846743E-02
  6.6370000000E+01   4.0775316887E-02
  6.6380000000E+01   4.3985485990E-02
  6.6390000000E+01   4.7359776600E-02
  6.6400000000E+01   5.0804724123E-02
  6.6410000000E+01   5.4229838559E-02
  6.6420000000E+01   5.7551523629E-02
  6.6430000000E+01   6.0695369154E-02
  6.6440000000E+01   6.3597898317E-02
  6.6450000000E+01   6.6206634445E-02
  6.6460000000E+01   6.8479815588E-02
  6.6470000000E+01   7.0385435228E-02
  6.6480000000E+01   7.1900073308E-02
  6.6490000000E+01   7.3007666677E-02
  6.6500000000E+01   7.3698353087E-02
  6.6510000000E+01   7.3967487122E-02
  6.6520000000E+01   7.3814920641E-02
  6.6530000000E+01   7.3244633553E-02
  6.6540000000E+01   7.2264729273E-02
  6.6550000000E+01   7.0888054452E-02
  6.6560000000E+01   6.9133118598E-02
  6.6570000000E+01   6.7025554530E-02
  6.6580000000E+01   6.4599359535E-02
  6.6590000000E+01   6.1898235493E-02
  6.6600000000E+01   5.8976098683E-02
  6.6610000000E+01   5.5896680158E-02
  6.6620000000E+01   5.2731813435E-02
  6.6630000000E+01   4.9558540129E-02
  6.6640000000E+01   4.6454958845E-02
  6.6650000000E+01   4.3495452702E-02
  6.6660000000E+01   4.0745742188E-02
  6.6670000000E+01   3.8258350896E-02
  6.6680000000E+01   3.6069286483E-02
  6.6690000000E+01   3.4196301756E-02
  6.6700000000E+01   3.2639034384E-02
  6.6710000000E+01   3.1381279419E-02
  6.6720000000E+01   3.0394872018E-02
  6.6730000000E+01   2.9644889496E-02
  6.6740000000E+01   2.9095412718E-02
  6.6750000000E+01   2.8715049565E-02
  6.6760000000E+01   2.8481492547E-02
  6.6770000000E+01   2.8384211120E-02
  6.6780000000E+01   2.8425167130E-02
  6.6790000000E+01   2.8616933123E-02
  6.6800000000E+01   2.8978844232E-02
  6.6810000000E+01   2.9531305142E-02
  6.6820000000E+01   3.0289255036E-02
  6.6830000000E+01   3.1255833591E-02
  6.6840000000E+01   3.2417096704E-02
  6.6850000000E+01   3.3738775999E-02
  6.6860000000E+01   3.5165901504E-02
  6.6870000000E+01   3.6624883442E-02
  6.6880000000E+01   3.8029073391E-02
  6.6890000000E+01   3.9285754363E-02
  6.6900000000E+01   4.0304810224E-02
  6.6910000000E+01   4.1007162086E-02
  6.6920000000E+01   4.1332354614E-02
  6.6930000000E+01   4.1243630036E-02
  6.6940000000E+01   4.0730615770E-02
  6.6950000000E+01   3.9808853373E-02
  6.6960000000E+01   3.8516527480E-02
  6.6970000000E+01   3.6908997420E-02
  6.6980000000E+01   3.5052485025E-02
  6.6990000000E+01   3.3017153956E-02
  6.7000000000E+01   3.0871341511E-02
  6.7010000000E+01   2.8677147149E-02
  6.7020000000E+01   2.6488124116E-02
  6.7030000000E+01   2.4348906649E-02
  6.7040000000E+01   2.2296167261E-02
  6.7050000000E+01   2.0361265402E-02
  6.7060000000E+01   1.8572817945E-02
  6.7070000000E+01   1.6958992804E-02
  6.7080000000E+01   1.5549219958E-02
  6.7090000000E+01   1.4374684414E-02
  6.7100000000E+01   1.3467421310E-02
  6.7110000000E+01   1.2858781460E-02
  6.7120000000E+01   1.2576964831E-02
  6.7130000000E+01   1.2644315215E-02
  6.7140000000E+01   1.3075095057E-02
  6.7150000000E+01   1.3873607263E-02
  6.7160000000E+01   1.5033265479E-02
  6.7170000000E+01   1.6536883519E-02
  6.7180000000E+01   1.8357740021E-02
  6.7190000000E+01   2.0461545341E-02
  6.7200000000E+01   2.2808931448E-02
  6.7210000000E+01   2.5358156570E-02
  6.7220000000E+01   2.8067577414E-02
  6.7230000000E+01   3.0897810255E-02
  6.7240000000E+01   3.3813134969E-02
  6.7250000000E+01   3.6782135904E-02
  6.7260000000E+01   3.9777616567E-02
  6.7270000000E+01   4.2776077104E-02
  6.7280000000E+01   4.5756531679E-02
  6.7290000000E+01   4.8699552238E-02
  6.7300000000E+01   5.1586005599E-02
  6.7310000000E+01   5.4396371124E-02
  6.7320000000E+01   5.7109874081E-02
  6.7330000000E+01   5.9704383624E-02
  6.7340000000E+01   6.2156062908E-02
  6.7350000000E+01   6.4439218057E-02
  6.7360000000E+01   6.6526147957E-02
  6.7370000000E+01   6.8387088629E-02
  6.7380000000E+01   6.9990277102E-02
  6.7390000000E+01   7.1302734486E-02
  6.7400000000E+01   7.2291349004E-02
  6.7410000000E+01   7.2925212974E-02
  6.7420000000E+01   7.3178788074E-02
  6.7430000000E+01   7.3035520804E-02
  6.7440000000E+01   7.2491995286E-02
  6.7450000000E+01   7.1561525096E-02
  6.7460000000E+01   7.0276672218E-02
  6.7470000000E+01   6.8689762694E-02
  6.7480000000E+01   6.6871356799E-02
  6.7490000000E+01   6.4906005592E-02
  6.7500000000E+01   6.2885924585E-02
  6.7510000000E+01   6.0903145282E-02
  6.7520000000E+01   5.9041181103E-02
  6.7530000000E+01   5.7367388382E-02
  6.7540000000E+01   5.5927161805E-02
  6.7550000000E+01   5.4740853809E-02
  6.7560000000E+01   5.3803887753E-02
  6.7570000000E+01   5.3090018658E-02
  6.7580000000E+01   5.2557160980E-02
  6.7590000000E+01   5.2154898776E-02
  6.7600000000E+01   5.1832150761E-02
  6.7610000000E+01   5.1544166681E-02
  6.7620000000E+01   5.1257288036E-02
  6.7630000000E+01   5.0951240592E-02
  6.7640000000E+01   5.0618278878E-02
  6.7650000000E+01   5.0260022716E-02
  6.7660000000E+01   4.9882213051E-02
  6.7670000000E+01   4.9489029672E-02
  6.7680000000E+01   4.9077667389E-02
  6.7690000000E+01   4.8634660455E-02
  6.7700000000E+01   4.8134038211E-02
  6.7710000000E+01   4.7538749095E-02
  6.7720000000E+01   4.6804058578E-02
  6.7730000000E+01   4.5883176505E-02
  6.7740000000E+01   4.4733749443E-02
  6.7750000000E+01   4.3324708554E-02
  6.7760000000E+01   4.1641898020E-02
  6.7770000000E+01   3.9692353486E-02
  6.7780000000E+01   3.7506327121E-02
  6.7790000000E+01   3.5136876877E-02
  6.7800000000E+01   3.2657533627E-02
  6.7810000000E+01   3.0157969015E-02
  6.7820000000E+01   2.7738608336E-02
  6.7830000000E+01   2.5504339967E-02
  6.7840000000E+01   2.3558231823E-02
  6.7850000000E+01   2.1995505295E-02
  6.7860000000E+01   2.0898089196E-02
  6.7870000000E+01   2.0330004967E-02
  6.7880000000E+01   2.0333982532E-02
  6.7890000000E+01   2.0928604530E-02
  6.7900000000E+01   2.2107361845E-02
  6.7910000000E+01   2.3838372333E-02
  6.7920000000E+01   2.6065554684E-02
  6.7930000000E+01   2.8710933231E-02
  6.7940000000E+01   3.1678162231E-02
  6.7950000000E+01   3.4856876231E-02
  6.7960000000E+01   3.8128080908E-02
  6.7970000000E+01   4.1369974381E-02
  6.7980000000E+01   4.4463848879E-02
  6.7990000000E+01   4.7300148862E-02
  6.8000000000E+01   4.9784110466E-02
  6.8010000000E+01   5.1840484648E-02
  6.8020000000E+01   5.3417470850E-02
  6.8030000000E+01   5.4489268401E-02
  6.8040000000E+01   5.5057285385E-02
  6.8050000000E+01   5.5149551436E-02
  6.8060000000E+01   5.4818810490E-02
  6.8070000000E+01   5.4138768932E-02
  6.8080000000E+01   5.3199102403E-02
  6.8090000000E+01   5.2099320191E-02
  6.8100000000E+01   5.0941946041E-02
  6.8110000000E+01   4.9825288503E-02
  6.8120000000E+01   4.8836807690E-02
  6.8130000000E+01   4.8047043773E-02
  6.8140000000E+01   4.7504852950E-02
  6.8150000000E+01   4.7234580709E-02
  6.8160000000E+01   4.7234942906E-02
  6.8170000000E+01   4.7479895525E-02
  6.8180000000E+01   4.7921736830E-02
  6.8190000000E+01   4.8495445378E-02
  6.8200000000E+01   4.9124638914E-02
  6.8210000000E+01   4.9728104019E-02
  6.8220000000E+01   5.0226580589E-02
  6.8230000000E+01   5.0549043557E-02
  6.8240000000E+01   5.0638300578E-02
  6.8250000000E+01   5.0455113199E-02
  6.8260000000E+01   4.9980706317E-02
  6.8270000000E+01   4.9217648140E-02
  6.8280000000E+01   4.8188839200E-02
  6.8290000000E+01   4.6934937595E-02
  6.8300000000E+01   4.5510426508E-02
  6.8310000000E+01   4.3978738807E-02
  6.8320000000E+01   4.2406806269E-02
  6.8330000000E+01   4.0859695891E-02
  6.8340000000E+01   3.9395759899E-02
  6.8350000000E+01   3.8062654313E-02
  6.8360000000E+01   3.6894538984E-02
  6.8370000000E+01   3.5911003845E-02
  6.8380000000E+01   3.5117339318E-02
  6.8390000000E+01   3.4505876545E-02
  6.8400000000E+01   3.4058731303E-02
  6.8410000000E+01   3.3750931839E-02
  6.8420000000E+01   3.3553943299E-02
  6.8430000000E+01   3.3438484930E-02
  6.8440000000E+01   3.3377566805E-02
  6.8450000000E+01   3.3348355335E-02
  6.8460000000E+01   3.3333442843E-02
  6.8470000000E+01   3.3321432549E-02
  6.8480000000E+01   3.3306917675E-02
  6.8490000000E+01   3.3290077361E-02
  6.8500000000E+01   3.3276001496E-02
  6.8510000000E+01   3.3274115939E-02
  6.8520000000E+01   3.3297261271E-02
  6.8530000000E+01   3.3361197808E-02
  6.8540000000E+01   3.3483970454E-02
  6.8550000000E+01   3.3685429938E-02
  6.8560000000E+01   3.3986735733E-02
  6.8570000000E+01   3.4409870173E-02
  6.8580000000E+01   3.4976849121E-02
  6.8590000000E+01   3.5709025444E-02
  6.8600000000E+01   3.6625863613E-02
  6.8610000000E+01   3.7743754761E-02
  6.8620000000E+01   3.9074425354E-02
  6.8630000000E+01   4.0623406233E-02
  6.8640000000E+01   4.2388719432E-02
  6.8650000000E+01   4.4359671956E-02
  6.8660000000E+01   4.6516398072E-02
  6.8670000000E+01   4.8829938562E-02
  6.8680000000E+01   5.1263324000E-02
  6.8690000000E+01   5.3773632873E-02
  6.8700000000E+01   5.6314751286E-02
  6.8710000000E+01   5.8840985980E-02
  6.8720000000E+01   6.1311072112E-02
  6.8730000000E+01   6.3692196895E-02
  6.8740000000E+01   6.5963606875E-02
  6.8750000000E+01   6.8119291879E-02
  6.8760000000E+01   7.0169270837E-02
  6.8770000000E+01   7.2139141650E-02
  6.8780000000E+01   7.4067544297E-02
  6.8790000000E+01   7.6001864770E-02
  6.8800000000E+01   7.7991837736E-02
  6.8810000000E+01   8.0082314732E-02
  6.8820000000E+01   8.2305359772E-02
  6.8830000000E+01   8.4672852196E-02
  6.8840000000E+01   8.7170512873E-02
  6.8850000000E+01   8.9754233842E-02
  6.8860000000E+01   9.2349476454E-02
  6.8870000000E+01   9.4853857928E-02
  6.8880000000E+01   9.7143234915E-02
  6.8890000000E+01   9.9080385838E-02
  6.8900000000E+01   1.0052575753E-01
  6.8910000000E+01   1.0134890832E-01
  6.8920000000E+01   1.0143943858E-01
  6.8930000000E+01   1.0071619816E-01
  6.8940000000E+01   9.9133788161E-02
  6.8950000000E+01   9.6685790568E-02
  6.8960000000E+01   9.3404462729E-02
  6.8970000000E+01   8.9357409949E-02
  6.8980000000E+01   8.4641674417E-02
  6.8990000000E+01   7.9376314808E-02
  6.9000000000E+01   7.3694173359E-02
  6.9010000000E+01   6.7734303621E-02
  6.9020000000E+01   6.1634958870E-02
  6.9030000000E+01   5.5528223243E-02
  6.9040000000E+01   4.9536103710E-02
  6.9050000000E+01   4.3767798994E-02
  6.9060000000E+01   3.8318363716E-02
  6.9070000000E+01   3.3268224816E-02
  6.9080000000E+01   2.8682912362E-02
  6.9090000000E+01   2.4613448406E-02
  6.9100000000E+01   2.1096763174E-02
  6.9110000000E+01   1.8156513664E-02
  6.9120000000E+01   1.5803874022E-02
  6.9130000000E+01   1.4039132750E-02
  6.9140000000E+01   1.2853430532E-02
  6.9150000000E+01   1.2231254871E-02
  6.9160000000E+01   1.2152739167E-02
  6.9170000000E+01   1.2596677942E-02
  6.9180000000E+01   1.3542860931E-02
  6.9190000000E+01   1.4974132392E-02
  6.9200000000E+01   1.6877210568E-02
  6.9210000000E+01   1.9242453170E-02
  6.9220000000E+01   2.2061810840E-02
  6.9230000000E+01   2.5325722871E-02
  6.9240000000E+01   2.9018531419E-02
  6.9250000000E+01   3.3113173207E-02
  6.9260000000E+01   3.7566018294E-02
  6.9270000000E+01   4.2312326971E-02
  6.9280000000E+01   4.7263575638E-02
  6.9290000000E+01   5.2306892818E-02
  6.9300000000E+01   5.7307751114E-02
  6.9310000000E+01   6.2115180031E-02
  6.9320000000E+01   6.6569856637E-02
  6.9330000000E+01   7.0514327328E-02
  6.9340000000E+01   7.3804030884E-02
  6.9350000000E+01   7.6318427572E-02
  6.9360000000E+01   7.7970660625E-02
  6.9370000000E+01   7.8715154362E-02
  6.9380000000E+01   7.8551865241E-02
  6.9390000000E+01   7.7527017537E-02
  6.9400000000E+01   7.5730494559E-02
  6.9410000000E+01   7.3289398288E-02
  6.9420000000E+01   7.0359296039E-02
  6.9430000000E+01   6.7113277969E-02
  6.9440000000E+01   6.3730303895E-02
  6.9450000000E+01   6.0383525854E-02
  6.9460000000E+01   5.7229926376E-02
  6.9470000000E+01   5.4401740304E-02
  6.9480000000E+01   5.2000762987E-02
  6.9490000000E+01   5.0095512922E-02
  6.9500000000E+01   4.8721536677E-02
  6.9510000000E+01   4.7884490611E-02
  6.9520000000E+01   4.7565429828E-02
  6.9530000000E+01   4.7727487693E-02
  6.9540000000E+01   4.8322994987E-02
  6.9550000000E+01   4.9300075062E-02
  6.9560000000E+01   5.0607865743E-02
  6.9570000000E+01   5.2199747587E-02
  6.9580000000E+01   5.4034271946E-02
  6.9590000000E+01   5.6073856594E-02
  6.9600000000E+01   5.8281589726E-02
  6.9610000000E+01   6.0616893955E-02
  6.9620000000E+01   6.3030978488E-02
  6.9630000000E+01   6.5462947541E-02
  6.9640000000E+01   6.7837440179E-02
  6.9650000000E+01   7.0064662539E-02
  6.9660000000E+01   7.2042912049E-02
  6.9670000000E+01   7.3663803621E-02
  6.9680000000E+01   7.4819401578E-02
  6.9690000000E+01   7.5410961332E-02
  6.9700000000E+01   7.5357826345E-02
  6.9710000000E+01   7.4605205145E-02
  6.9720000000E+01   7.3130600454E-02
  6.9730000000E+01   7.0946856174E-02
  6.9740000000E+01   6.8102485635E-02
  6.9750000000E+01   6.4678647842E-02
  6.9760000000E+01   6.0783483922E-02
  6.9770000000E+01   5.6544472535E-02
  6.9780000000E+01   5.2099731830E-02
  6.9790000000E+01   4.7589271084E-02
  6.9800000000E+01   4.3147263325E-02
  6.9810000000E+01   3.8895376383E-02
  6.9820000000E+01   3.4938247370E-02
  6.9830000000E+01   3.1360432816E-02
  6.9840000000E+01   2.8225292157E-02
  6.9850000000E+01   2.5574821249E-02
  6.9860000000E+01   2.3430817087E-02
  6.9870000000E+01   2.1796355528E-02
  6.9880000000E+01   2.0657989892E-02
  6.9890000000E+01   1.9987936198E-02
  6.9900000000E+01   1.9746406420E-02
  6.9910000000E+01   1.9884063165E-02
  6.9920000000E+01   2.0344391987E-02
  6.9930000000E+01   2.1066042658E-02
  6.9940000000E+01   2.1985052717E-02
  6.9950000000E+01   2.3036804768E-02
  6.9960000000E+01   2.4158217809E-02
  6.9970000000E+01   2.5289683330E-02
  6.9980000000E+01   2.6377143951E-02
  6.9990000000E+01   2.7374459908E-02
  7.0000000000E+01   2.8245850131E-02
  7.0010000000E+01   2.8968427886E-02
  7.0020000000E+01   2.9534711222E-02
  7.0030000000E+01   2.9954472530E-02
  7.0040000000E+01   3.0255778800E-02
  7.0050000000E+01   3.0484201631E-02
  7.0060000000E+01   3.0700379639E-02
  7.0070000000E+01   3.0975723713E-02
  7.0080000000E+01   3.1385734844E-02
  7.0090000000E+01   3.2002147991E-02
  7.0100000000E+01   3.2884294092E-02
  7.0110000000E+01   3.4070714573E-02
  7.0120000000E+01   3.5572260737E-02
  7.0130000000E+01   3.7367733875E-02
  7.0140000000E+01   3.9402768005E-02
  7.0150000000E+01   4.1592397657E-02
  7.0160000000E+01   4.3827487749E-02
  7.0170000000E+01   4.5984014139E-02
  7.0180000000E+01   4.7934734512E-02
  7.0190000000E+01   4.9561558385E-02
  7.0200000000E+01   5.0767212153E-02
  7.0210000000E+01   5.1484973087E-02
  7.0220000000E+01   5.1685433900E-02
  7.0230000000E+01   5.1379341079E-02
  7.0240000000E+01   5.0616365982E-02
  7.0250000000E+01   4.9480403737E-02
  7.0260000000E+01   4.8081569172E-02
  7.0270000000E+01   4.6546248694E-02
  7.0280000000E+01   4.5006034833E-02
  7.0290000000E+01   4.3587046906E-02
  7.0300000000E+01   4.2400223923E-02
  7.0310000000E+01   4.1533691357E-02
  7.0320000000E+01   4.1047592640E-02
  7.0330000000E+01   4.0971726513E-02
  7.0340000000E+01   4.1305988658E-02
  7.0350000000E+01   4.2023133229E-02
  7.0360000000E+01   4.3073816524E-02
  7.0370000000E+01   4.4392708849E-02
  7.0380000000E+01   4.5905402526E-02
  7.0390000000E+01   4.7534892508E-02
  7.0400000000E+01   4.9207613116E-02
  7.0410000000E+01   5.0857318517E-02
  7.0420000000E+01   5.2428019441E-02
  7.0430000000E+01   5.3874731291E-02
  7.0440000000E+01   5.5162627558E-02
  7.0450000000E+01   5.6265518724E-02
  7.0460000000E+01   5.7163609157E-02
  7.0470000000E+01   5.7841677284E-02
  7.0480000000E+01   5.8287816689E-02
  7.0490000000E+01   5.8493251141E-02
  7.0500000000E+01   5.8453185164E-02
  7.0510000000E+01   5.8168485479E-02
  7.0520000000E+01   5.7647775080E-02
  7.0530000000E+01   5.6909412844E-02
  7.0540000000E+01   5.5982818103E-02
  7.0550000000E+01   5.4908806386E-02
  7.0560000000E+01   5.3738430003E-02
  7.0570000000E+01   5.2530753931E-02
  7.0580000000E+01   5.1349095360E-02
  7.0590000000E+01   5.0256908747E-02
  7.0600000000E+01   4.9312685628E-02
  7.0610000000E+01   4.8565539605E-02
  7.0620000000E+01   4.8050794798E-02
  7.0630000000E+01   4.7786796992E-02
  7.0640000000E+01   4.7772705623E-02
  7.0650000000E+01   4.7987634554E-02
  7.0660000000E+01   4.8391156782E-02
  7.0670000000E+01   4.8925274483E-02
  7.0680000000E+01   4.9517515385E-02
  7.0690000000E+01   5.0085256934E-02
  7.0700000000E+01   5.0541144409E-02
  7.0710000000E+01   5.0798849781E-02
  7.0720000000E+01   5.0779251201E-02
  7.0730000000E+01   5.0416447589E-02
  7.0740000000E+01   4.9662965293E-02
  7.0750000000E+01   4.8493849199E-02
  7.0760000000E+01   4.6909112503E-02
  7.0770000000E+01   4.4934356384E-02
  7.0780000000E+01   4.2619167879E-02
  7.0790000000E+01   4.0033683091E-02
  7.0800000000E+01   3.7263509279E-02
  7.0810000000E+01   3.4403402568E-02
  7.0820000000E+01   3.1550421438E-02
  7.0830000000E+01   2.8797365615E-02
  7.0840000000E+01   2.6226766200E-02
  7.0850000000E+01   2.3906573297E-02
  7.0860000000E+01   2.1887427964E-02
  7.0870000000E+01   2.0201789929E-02
  7.0880000000E+01   1.8864842381E-02
  7.0890000000E+01   1.7877045136E-02
  7.0900000000E+01   1.7227015890E-02
  7.0910000000E+01   1.6895294540E-02
  7.0920000000E+01   1.6857498162E-02
  7.0930000000E+01   1.7086850457E-02
  7.0940000000E+01   1.7555488443E-02
  7.0950000000E+01   1.8234774961E-02
  7.0960000000E+01   1.9094708231E-02
  7.0970000000E+01   2.0102849146E-02
  7.0980000000E+01   2.1223128706E-02
  7.0990000000E+01   2.2415309161E-02
  7.1000000000E+01   2.3635505600E-02
  7.1010000000E+01   2.4837607879E-02
  7.1020000000E+01   2.5976317812E-02
  7.1030000000E+01   2.7010902209E-02
  7.1040000000E+01   2.7909650033E-02
  7.1050000000E+01   2.8654029558E-02
  7.1060000000E+01   2.9242359750E-02
  7.1070000000E+01   2.9692102724E-02
  7.1080000000E+01   3.0040316685E-02
  7.1090000000E+01   3.0342274220E-02
  7.1100000000E+01   3.0668159303E-02
  7.1110000000E+01   3.1097631721E-02
  7.1120000000E+01   3.1713581949E-02
  7.1130000000E+01   3.2594807030E-02
  7.1140000000E+01   3.3808334296E-02
  7.1150000000E+01   3.5402790912E-02
  7.1160000000E+01   3.7402532221E-02
  7.1170000000E+01   3.9803608966E-02
  7.1180000000E+01   4.2571917217E-02
  7.1190000000E+01   4.5643509143E-02
  7.1200000000E+01   4.8927396741E-02
  7.1210000000E+01   5.2310474494E-02
  7.1220000000E+01   5.5664163158E-02
  7.1230000000E+01   5.8852456968E-02
  7.1240000000E+01   6.1740458566E-02
  7.1250000000E+01   6.4203024619E-02
  7.1260000000E+01   6.6132807349E-02
  7.1270000000E+01   6.7447185350E-02
  7.1280000000E+01   6.8093658759E-02
  7.1290000000E+01   6.8053378123E-02
  7.1300000000E+01   6.7342704146E-02
  7.1310000000E+01   6.6012406090E-02
  7.1320000000E+01   6.4144916777E-02
  7.1330000000E+01   6.1849390487E-02
  7.1340000000E+01   5.9254956026E-02
  7.1350000000E+01   5.6502501909E-02
  7.1360000000E+01   5.3735511041E-02
  7.1370000000E+01   5.1090594724E-02
  7.1380000000E+01   4.8688464536E-02
  7.1390000000E+01   4.6626097388E-02
  7.1400000000E+01   4.4970785650E-02
  7.1410000000E+01   4.3756545694E-02
  7.1420000000E+01   4.2983192887E-02
  7.1430000000E+01   4.2618086417E-02
  7.1440000000E+01   4.2600189212E-02
  7.1450000000E+01   4.2845856014E-02
  7.1460000000E+01   4.3255919611E-02
  7.1470000000E+01   4.3723134401E-02
  7.1480000000E+01   4.4139491175E-02
  7.1490000000E+01   4.4402909873E-02
  7.1500000000E+01   4.4422983492E-02
  7.1510000000E+01   4.4125662842E-02
  7.1520000000E+01   4.3456762899E-02
  7.1530000000E+01   4.2384459464E-02
  7.1540000000E+01   4.0900644176E-02
  7.1550000000E+01   3.9021105763E-02
  7.1560000000E+01   3.6784597296E-02
  7.1570000000E+01   3.4250544378E-02
  7.1580000000E+01   3.1495703227E-02
  7.1590000000E+01   2.8609666015E-02
  7.1600000000E+01   2.5689313129E-02
  7.1610000000E+01   2.2833082287E-02
  7.1620000000E+01   2.0135134271E-02
  7.1630000000E+01   1.7679941003E-02
  7.1640000000E+01   1.5538034679E-02
  7.1650000000E+01   1.3762958010E-02
  7.1660000000E+01   1.2389817342E-02
  7.1670000000E+01   1.1435627898E-02
  7.1680000000E+01   1.0900604785E-02
  7.1690000000E+01   1.0770945601E-02
  7.1700000000E+01   1.1022228190E-02
  7.1710000000E+01   1.1622867193E-02
  7.1720000000E+01   1.2537303430E-02
  7.1730000000E+01   1.3728732444E-02
  7.1740000000E+01   1.5160460464E-02
  7.1750000000E+01   1.6796595745E-02
  7.1760000000E+01   1.8601243681E-02
  7.1770000000E+01   2.0537251845E-02
  7.1780000000E+01   2.2564312654E-02
  7.1790000000E+01   2.4637297042E-02
  7.1800000000E+01   2.6705257366E-02
  7.1810000000E+01   2.8711607713E-02
  7.1820000000E+01   3.0595791646E-02
  7.1830000000E+01   3.2296598844E-02
  7.1840000000E+01   3.3756620550E-02
  7.1850000000E+01   3.4927824030E-02
  7.1860000000E+01   3.5777129092E-02
  7.1870000000E+01   3.6291136182E-02
  7.1880000000E+01   3.6479595840E-02
  7.1890000000E+01   3.6376602191E-02
  7.1900000000E+01   3.6039151590E-02
  7.1910000000E+01   3.5543166268E-02
  7.1920000000E+01   3.4977392730E-02
  7.1930000000E+01   3.4435549544E-02
  7.1940000000E+01   3.4007516642E-02
  7.1950000000E+01   3.3771220813E-02
  7.1960000000E+01   3.3785327573E-02
  7.1970000000E+01   3.4084062473E-02
  7.1980000000E+01   3.4674605686E-02
  7.1990000000E+01   3.5537401510E-02
  7.2000000000E+01   3.6629148495E-02
  7.2010000000E+01   3.7888570775E-02
  7.2020000000E+01   3.9243832254E-02
  7.2030000000E+01   4.0621150839E-02
  7.2040000000E+01   4.1953406818E-02
  7.2050000000E+01   4.3188041690E-02
  7.2060000000E+01   4.4293001677E-02
  7.2070000000E+01   4.5260176548E-02
  7.2080000000E+01   4.6105755197E-02
  7.2090000000E+01   4.6867385960E-02
  7.2100000000E+01   4.7598214219E-02
  7.2110000000E+01   4.8358788807E-02
  7.2120000000E+01   4.9207397787E-02
  7.2130000000E+01   5.0190362462E-02
  7.2140000000E+01   5.1333385070E-02
  7.2150000000E+01   5.2635405510E-02
  7.2160000000E+01   5.4065707175E-02
  7.2170000000E+01   5.5564737786E-02
  7.2180000000E+01   5.7048841508E-02
  7.2190000000E+01   5.8418274246E-02
  7.2200000000E+01   5.9567366433E-02
  7.2210000000E+01   6.0395556752E-02
  7.2220000000E+01   6.0818263155E-02
  7.2230000000E+01   6.0775587999E-02
  7.2240000000E+01   6.0238293399E-02
  7.2250000000E+01   5.9210627694E-02
  7.2260000000E+01   5.7729158520E-02
  7.2270000000E+01   5.5858756622E-02
  7.2280000000E+01   5.3685990744E-02
  7.2290000000E+01   5.1311065655E-02
  7.2300000000E+01   4.8839375347E-02
  7.2310000000E+01   4.6373685943E-02
  7.2320000000E+01   4.4007725640E-02
  7.2330000000E+01   4.1821447852E-02
  7.2340000000E+01   3.9878465049E-02
  7.2350000000E+01   3.8225602673E-02
  7.2360000000E+01   3.6893632721E-02
  7.2370000000E+01   3.5899276237E-02
  7.2380000000E+01   3.5247841004E-02
  7.2390000000E+01   3.4935419698E-02
  7.2400000000E+01   3.4951407982E-02
  7.2410000000E+01   3.5280018999E-02
  7.2420000000E+01   3.5901166761E-02
  7.2430000000E+01   3.6791016608E-02
  7.2440000000E+01   3.7922134605E-02
  7.2450000000E+01   3.9263415250E-02
  7.2460000000E+01   4.0780539277E-02
  7.2470000000E+01   4.2436442882E-02
  7.2480000000E+01   4.4192803999E-02
  7.2490000000E+01   4.6011681234E-02
  7.2500000000E+01   4.7857833414E-02
  7.2510000000E+01   4.9700957632E-02
  7.2520000000E+01   5.1517900083E-02
  7.2530000000E+01   5.3294035791E-02
  7.2540000000E+01   5.5023703601E-02
  7.2550000000E+01   5.6709198232E-02
  7.2560000000E+01   5.8358594834E-02
  7.2570000000E+01   5.9982063996E-02
  7.2580000000E+01   6.1587394388E-02
  7.2590000000E+01   6.3175444863E-02
  7.2600000000E+01   6.4735887354E-02
  7.2610000000E+01   6.6244290620E-02
  7.2620000000E+01   6.7661342934E-02
  7.2630000000E+01   6.8934129319E-02
  7.2640000000E+01   6.9999953232E-02
  7.2650000000E+01   7.0792212081E-02
  7.2660000000E+01   7.1247479466E-02
  7.2670000000E+01   7.1312960838E-02
  7.2680000000E+01   7.0953223834E-02
  7.2690000000E+01   7.0155069118E-02
  7.2700000000E+01   6.8929955342E-02
  7.2710000000E+01   6.7313579950E-02
  7.2720000000E+01   6.5362442099E-02
  7.2730000000E+01   6.3148383970E-02
  7.2740000000E+01   6.0751541123E-02
  7.2750000000E+01   5.8252752607E-02
  7.2760000000E+01   5.5726849233E-02
  7.2770000000E+01   5.3237024370E-02
  7.2780000000E+01   5.0831474339E-02
  7.2790000000E+01   4.8542190226E-02
  7.2800000000E+01   4.6385970843E-02
  7.2810000000E+01   4.4366942159E-02
  7.2820000000E+01   4.2480434738E-02
  7.2830000000E+01   4.0716932576E-02
  7.2840000000E+01   3.9066026879E-02
  7.2850000000E+01   3.7519367452E-02
  7.2860000000E+01   3.6072538696E-02
  7.2870000000E+01   3.4725876549E-02
  7.2880000000E+01   3.3483961029E-02
  7.2890000000E+01   3.2354531157E-02
  7.2900000000E+01   3.1346749387E-02
  7.2910000000E+01   3.0469690495E-02
  7.2920000000E+01   2.9730919166E-02
  7.2930000000E+01   2.9135887826E-02
  7.2940000000E+01   2.8687745497E-02
  7.2950000000E+01   2.8387967294E-02
  7.2960000000E+01   2.8237468895E-02
  7.2970000000E+01   2.8237595299E-02
  7.2980000000E+01   2.8391192587E-02
  7.2990000000E+01   2.8703219958E-02
  7.3000000000E+01   2.9180418724E-02
  7.3010000000E+01   2.9830376876E-02
  7.3020000000E+01   3.0659433646E-02
  7.3030000000E+01   3.1670466326E-02
  7.3040000000E+01   3.2860033306E-02
  7.3050000000E+01   3.4216192449E-02
  7.3060000000E+01   3.5716297168E-02
  7.3070000000E+01   3.7326554905E-02
  7.3080000000E+01   3.9002708756E-02
  7.3090000000E+01   4.0692116411E-02
  7.3100000000E+01   4.2337060712E-02
  7.3110000000E+01   4.3879317890E-02
  7.3120000000E+01   4.5264708741E-02
  7.3130000000E+01   4.6448049778E-02
  7.3140000000E+01   4.7397049153E-02
  7.3150000000E+01   4.8095193407E-02
  7.3160000000E+01   4.8542992049E-02
  7.3170000000E+01   4.8757753016E-02
  7.3180000000E+01   4.8771626971E-02
  7.3190000000E+01   4.8628470111E-02
  7.3200000000E+01   4.8379562260E-02
  7.3210000000E+01   4.8078884239E-02
  7.3220000000E+01   4.7778564932E-02
  7.3230000000E+01   4.7524570802E-02
  7.3240000000E+01   4.7353461279E-02
  7.3250000000E+01   4.7290323623E-02
  7.3260000000E+01   4.7348197919E-02
  7.3270000000E+01   4.7529055665E-02
  7.3280000000E+01   4.7825941534E-02
  7.3290000000E+01   4.8226279014E-02
  7.3300000000E+01   4.8715607002E-02
  7.3310000000E+01   4.9281229287E-02
  7.3320000000E+01   4.9915168614E-02
  7.3330000000E+01   5.0615840348E-02
  7.3340000000E+01   5.1388098904E-02
  7.3350000000E+01   5.2241660821E-02
  7.3360000000E+01   5.3188004965E-02
  7.3370000000E+01   5.4236338800E-02
  7.3380000000E+01   5.5389292578E-02
  7.3390000000E+01   5.6639171957E-02
  7.3400000000E+01   5.7965509940E-02
  7.3410000000E+01   5.9334447914E-02
  7.3420000000E+01   6.0699929153E-02
  7.3430000000E+01   6.2006943377E-02
  7.3440000000E+01   6.3196017827E-02
  7.3450000000E+01   6.4208282230E-02
  7.3460000000E+01   6.4990351117E-02
  7.3470000000E+01   6.5498306417E-02
  7.3480000000E+01   6.5700055370E-02
  7.3490000000E+01   6.5576037258E-02
  7.3500000000E+01   6.5118476857E-02
  7.3510000000E+01   6.4329283423E-02
  7.3520000000E+01   6.3217491346E-02
  7.3530000000E+01   6.1797070148E-02
  7.3540000000E+01   6.0085204689E-02
  7.3550000000E+01   5.8102004658E-02
  7.3560000000E+01   5.5871308736E-02
  7.3570000000E+01   5.3422428132E-02
  7.3580000000E+01   5.0792408728E-02
  7.3590000000E+01   4.8027965562E-02
  7.3600000000E+01   4.5186474573E-02
  7.3610000000E+01   4.2335555689E-02
  7.3620000000E+01   3.9550681993E-02
  7.3630000000E+01   3.6911145393E-02
  7.3640000000E+01   3.4494668779E-02
  7.3650000000E+01   3.2371160243E-02
  7.3660000000E+01   3.0596638403E-02
  7.3670000000E+01   2.9208293264E-02
  7.3680000000E+01   2.8221187482E-02
  7.3690000000E+01   2.7627029579E-02
  7.3700000000E+01   2.7395946323E-02
  7.3710000000E+01   2.7479871020E-02
  7.3720000000E+01   2.7818338507E-02
  7.3730000000E+01   2.8345165647E-02
  7.3740000000E+01   2.8995448482E-02
  7.3750000000E+01   2.9712163959E-02
  7.3760000000E+01   3.0451514257E-02
  7.3770000000E+01   3.1186542325E-02
  7.3780000000E+01   3.1908707140E-02
  7.3790000000E+01   3.2627455418E-02
  7.3800000000E+01   3.3367679937E-02
  7.3810000000E+01   3.4165650832E-02
  7.3820000000E+01   3.5063859309E-02
  7.3830000000E+01   3.6104975636E-02
  7.3840000000E+01   3.7325743730E-02
  7.3850000000E+01   3.8751216465E-02
  7.3860000000E+01   4.0389988800E-02
  7.3870000000E+01   4.2230696718E-02
  7.3880000000E+01   4.4240251473E-02
  7.3890000000E+01   4.6364146365E-02
  7.3900000000E+01   4.8528785964E-02
  7.3910000000E+01   5.0645749374E-02
  7.3920000000E+01   5.2618002565E-02
  7.3930000000E+01   5.4346890657E-02
  7.3940000000E+01   5.5739945421E-02
  7.3950000000E+01   5.6718401021E-02
  7.3960000000E+01   5.7223519969E-02
  7.3970000000E+01   5.7221668784E-02
  7.3980000000E+01   5.6707052717E-02
  7.3990000000E+01   5.5702146516E-02
  7.4000000000E+01   5.4256146637E-02
  7.4010000000E+01   5.2440986168E-02
  7.4020000000E+01   5.0346274131E-02
  7.4030000000E+01   4.8072815698E-02
  7.4040000000E+01   4.5726054292E-02
  7.4050000000E+01   4.3409549709E-02
  7.4060000000E+01   4.1219015180E-02
  7.4070000000E+01   3.9237596758E-02
  7.4080000000E+01   3.7532158138E-02
  7.4090000000E+01   3.6150876304E-02
  7.4100000000E+01   3.5122371199E-02
  7.4110000000E+01   3.4455769863E-02
  7.4120000000E+01   3.4142048326E-02
  7.4130000000E+01   3.4156405624E-02
  7.4140000000E+01   3.4461384939E-02
  7.4150000000E+01   3.5010367454E-02
  7.4160000000E+01   3.5751774796E-02
  7.4170000000E+01   3.6633080018E-02
  7.4180000000E+01   3.7604831224E-02
  7.4190000000E+01   3.8624105991E-02
  7.4200000000E+01   3.9657089187E-02
  7.4210000000E+01   4.0680944260E-02
  7.4220000000E+01   4.1684118273E-02
  7.4230000000E+01   4.2665535905E-02
  7.4240000000E+01   4.3632524147E-02
  7.4250000000E+01   4.4597631812E-02
  7.4260000000E+01   4.5574748985E-02
  7.4270000000E+01   4.6574979008E-02
  7.4280000000E+01   4.7602838598E-02
  7.4290000000E+01   4.8653163359E-02
  7.4300000000E+01   4.9709568252E-02
  7.4310000000E+01   5.0744261183E-02
  7.4320000000E+01   5.1719608763E-02
  7.4330000000E+01   5.2591261372E-02
  7.4340000000E+01   5.3312334463E-02
  7.4350000000E+01   5.3838111589E-02
  7.4360000000E+01   5.4130504256E-02
  7.4370000000E+01   5.4161974891E-02
  7.4380000000E+01   5.3918115799E-02
  7.4390000000E+01   5.3398513794E-02
  7.4400000000E+01   5.2616288306E-02
  7.4410000000E+01   5.1596076673E-02
  7.4420000000E+01   5.0370772132E-02
  7.4430000000E+01   4.8978038701E-02
  7.4440000000E+01   4.7456495247E-02
  7.4450000000E+01   4.5842421507E-02
  7.4460000000E+01   4.4167322361E-02
  7.4470000000E+01   4.2456381150E-02
  7.4480000000E+01   4.0728223520E-02
  7.4490000000E+01   3.8995464359E-02
  7.4500000000E+01   3.7266189172E-02
  7.4510000000E+01   3.5545920679E-02
  7.4520000000E+01   3.3839578778E-02
  7.4530000000E+01   3.2153402559E-02
  7.4540000000E+01   3.0496233219E-02
  7.4550000000E+01   2.8880378945E-02
  7.4560000000E+01   2.7321816671E-02
  7.4570000000E+01   2.5839678141E-02
  7.4580000000E+01   2.4455563349E-02
  7.4590000000E+01   2.3192362938E-02
  7.4600000000E+01   2.2073262590E-02
  7.4610000000E+01   2.1120510046E-02
  7.4620000000E+01   2.0354459750E-02
  7.4630000000E+01   1.9792479579E-02
  7.4640000000E+01   1.9448065351E-02
  7.4650000000E+01   1.9329723882E-02
  7.4660000000E+01   1.9439991408E-02
  7.4670000000E+01   1.9774440530E-02
  7.4680000000E+01   2.0320956091E-02
  7.4690000000E+01   2.1059308963E-02
  7.4700000000E+01   2.1961403453E-02
  7.4710000000E+01   2.2992169436E-02
  7.4720000000E+01   2.4111078796E-02
  7.4730000000E+01   2.5274407989E-02
  7.4740000000E+01   2.6437921253E-02
  7.4750000000E+01   2.7559813816E-02
  7.4760000000E+01   2.8603389934E-02
  7.4770000000E+01   2.9539614572E-02
  7.4780000000E+01   3.0349012704E-02
  7.4790000000E+01   3.1022723741E-02
  7.4800000000E+01   3.1562852628E-02
  7.4810000000E+01   3.1981830445E-02
  7.4820000000E+01   3.2300866370E-02
  7.4830000000E+01   3.2547693185E-02
  7.4840000000E+01   3.2753716901E-02
  7.4850000000E+01   3.2950481103E-02
  7.4860000000E+01   3.3166516869E-02
  7.4870000000E+01   3.3424304635E-02
  7.4880000000E+01   3.3737987275E-02
  7.4890000000E+01   3.4112356429E-02
  7.4900000000E+01   3.4542793795E-02
  7.4910000000E+01   3.5016944373E-02
  7.4920000000E+01   3.5517202344E-02
  7.4930000000E+01   3.6023800991E-02
  7.4940000000E+01   3.6518082676E-02
  7.4950000000E+01   3.6985169014E-02
  7.4960000000E+01   3.7415509008E-02
  7.4970000000E+01   3.7805369106E-02
  7.4980000000E+01   3.8155946898E-02
  7.4990000000E+01   3.8471552107E-02
  7.5000000000E+01   3.8757614500E-02
  7.5010000000E+01   3.9018811503E-02
  7.5020000000E+01   3.9257913252E-02
  7.5030000000E+01   3.9475811491E-02
  7.5040000000E+01   3.9672530231E-02
  7.5050000000E+01   3.9848860761E-02
  7.5060000000E+01   4.0008257583E-02
  7.5070000000E+01   4.0158252326E-02
  7.5080000000E+01   4.0310727500E-02
  7.5090000000E+01   4.0480830785E-02
  7.5100000000E+01   4.0684707059E-02
  7.5110000000E+01   4.0936219040E-02
  7.5120000000E+01   4.1243143333E-02
  7.5130000000E+01   4.1604267828E-02
  7.5140000000E+01   4.2007544128E-02
  7.5150000000E+01   4.2429850768E-02
  7.5160000000E+01   4.2839143664E-02
  7.5170000000E+01   4.3198029763E-02
  7.5180000000E+01   4.3468855979E-02
  7.5190000000E+01   4.3619143546E-02
  7.5200000000E+01   4.3626699851E-02
  7.5210000000E+01   4.3483501822E-02
  7.5220000000E+01   4.3197911469E-02
  7.5230000000E+01   4.2794877241E-02
  7.5240000000E+01   4.2314089301E-02
  7.5250000000E+01   4.1806707005E-02
  7.5260000000E+01   4.1330864479E-02
  7.5270000000E+01   4.0946693916E-02
  7.5280000000E+01   4.0711484572E-02
  7.5290000000E+01   4.0675390397E-02
  7.5300000000E+01   4.0877891567E-02
  7.5310000000E+01   4.1345241408E-02
  7.5320000000E+01   4.2088920303E-02
  7.5330000000E+01   4.3104986524E-02
  7.5340000000E+01   4.4374483470E-02
  7.5350000000E+01   4.5864453178E-02
  7.5360000000E+01   4.7529928154E-02
  7.5370000000E+01   4.9316729760E-02
  7.5380000000E+01   5.1164858446E-02
  7.5390000000E+01   5.3012476845E-02
  7.5400000000E+01   5.4800147486E-02
  7.5410000000E+01   5.6474999622E-02
  7.5420000000E+01   5.7994289782E-02
  7.5430000000E+01   5.9328271794E-02
  7.5440000000E+01   6.0461594854E-02
  7.5450000000E+01   6.1393299221E-02
  7.5460000000E+01   6.2135524484E-02
  7.5470000000E+01   6.2710815224E-02
  7.5480000000E+01   6.3148472334E-02
  7.5490000000E+01   6.3480425235E-02
  7.5500000000E+01   6.3737205644E-02
  7.5510000000E+01   6.3944149427E-02
  7.5520000000E+01   6.4118588327E-02
  7.5530000000E+01   6.4268051319E-02
  7.5540000000E+01   6.4389516269E-02
  7.5550000000E+01   6.4469931792E-02
  7.5560000000E+01   6.4487809667E-02
  7.5570000000E+01   6.4415587515E-02
  7.5580000000E+01   6.4222811030E-02
  7.5590000000E+01   6.3879582660E-02
  7.5600000000E+01   6.3360395993E-02
  7.5610000000E+01   6.2647644078E-02
  7.5620000000E+01   6.1735023654E-02
  7.5630000000E+01   6.0629880905E-02
  7.5640000000E+01   5.9354810771E-02
  7.5650000000E+01   5.7947819641E-02
  7.5660000000E+01   5.6461025704E-02
  7.5670000000E+01   5.4957791290E-02
  7.5680000000E+01   5.3508476102E-02
  7.5690000000E+01   5.2184872261E-02
  7.5700000000E+01   5.1054118493E-02
  7.5710000000E+01   5.0172498171E-02
  7.5720000000E+01   4.9579735090E-02
  7.5730000000E+01   4.9294598966E-02
  7.5740000000E+01   4.9312439492E-02
  7.5750000000E+01   4.9604750010E-02
  7.5760000000E+01   5.0120899795E-02
  7.5770000000E+01   5.0792251190E-02
  7.5780000000E+01   5.1537584191E-02
  7.5790000000E+01   5.2269629255E-02
  7.5800000000E+01   5.2901870029E-02
  7.5810000000E+01   5.3354858127E-02
  7.5820000000E+01   5.3561318225E-02
  7.5830000000E+01   5.3469890177E-02
  7.5840000000E+01   5.3047161895E-02
  7.5850000000E+01   5.2277938093E-02
  7.5860000000E+01   5.1164404679E-02
  7.5870000000E+01   4.9724328891E-02
  7.5880000000E+01   4.7988659561E-02
  7.5890000000E+01   4.5999376655E-02
  7.5900000000E+01   4.3807121008E-02
  7.5910000000E+01   4.1469590178E-02
  7.5920000000E+01   3.9050021258E-02
  7.5930000000E+01   3.6615578187E-02
  7.5940000000E+01   3.4236069935E-02
  7.5950000000E+01   3.1981828223E-02
  7.5960000000E+01   2.9921505861E-02
  7.5970000000E+01   2.8118820551E-02
  7.5980000000E+01   2.6629437037E-02
  7.5990000000E+01   2.5497253289E-02
  7.6000000000E+01   2.4751072136E-02
  7.6010000000E+01   2.4401768094E-02
  7.6020000000E+01   2.4440613278E-02
  7.6030000000E+01   2.4838921737E-02
  7.6040000000E+01   2.5549189468E-02
  7.6050000000E+01   2.6507864625E-02
  7.6060000000E+01   2.7639708669E-02
  7.6070000000E+01   2.8863055946E-02
  7.6080000000E+01   3.0096240586E-02
  7.6090000000E+01   3.1263490149E-02
  7.6100000000E+01   3.2301222846E-02
  7.6110000000E+01   3.3162813949E-02
  7.6120000000E+01   3.3822116631E-02
  7.6130000000E+01   3.4275092941E-02
  7.6140000000E+01   3.4539492124E-02
  7.6150000000E+01   3.4652220983E-02
  7.6160000000E+01   3.4665054748E-02
  7.6170000000E+01   3.4638831255E-02
  7.6180000000E+01   3.4636446554E-02
  7.6190000000E+01   3.4715963278E-02
  7.6200000000E+01   3.4924175284E-02
  7.6210000000E+01   3.5291264932E-02
  7.6220000000E+01   3.5827617738E-02
  7.6230000000E+01   3.6522863262E-02
  7.6240000000E+01   3.7347303156E-02
  7.6250000000E+01   3.8255536909E-02
  7.6260000000E+01   3.9191996693E-02
  7.6270000000E+01   4.0097383547E-02
  7.6280000000E+01   4.0915191271E-02
  7.6290000000E+01   4.1597522031E-02
  7.6300000000E+01   4.2109384444E-02
  7.6310000000E+01   4.2430826675E-02
  7.6320000000E+01   4.2556782274E-02
  7.6330000000E+01   4.2494805472E-02
  7.6340000000E+01   4.2261119350E-02
  7.6350000000E+01   4.1875890064E-02
  7.6360000000E+01   4.1358515513E-02
  7.6370000000E+01   4.0724087207E-02
  7.6380000000E+01   3.9981376694E-02
  7.6390000000E+01   3.9132793000E-02
  7.6400000000E+01   3.8176546244E-02
  7.6410000000E+01   3.7110143107E-02
  7.6420000000E+01   3.5934668776E-02
  7.6430000000E+01   3.4658867073E-02
  7.6440000000E+01   3.3302247945E-02
  7.6450000000E+01   3.1896344505E-02
  7.6460000000E+01   3.0483847144E-02
  7.6470000000E+01   2.9115855784E-02
  7.6480000000E+01   2.7847584617E-02
  7.6490000000E+01   2.6733430390E-02
  7.6500000000E+01   2.5822203718E-02
  7.6510000000E+01   2.5153423734E-02
  7.6520000000E+01   2.4755379382E-02
  7.6530000000E+01   2.4644871074E-02
  7.6540000000E+01   2.4828803647E-02
  7.6550000000E+01   2.5307088967E-02
  7.6560000000E+01   2.6075722059E-02
  7.6570000000E+01   2.7129509774E-02
  7.6580000000E+01   2.8463506994E-02
  7.6590000000E+01   3.0072849401E-02
  7.6600000000E+01   3.1950562323E-02
  7.6610000000E+01   3.4084162679E-02
  7.6620000000E+01   3.6451417161E-02
  7.6630000000E+01   3.9015885638E-02
  7.6640000000E+01   4.1724243863E-02
  7.6650000000E+01   4.4505374932E-02
  7.6660000000E+01   4.7271823831E-02
  7.6670000000E+01   4.9924512620E-02
  7.6680000000E+01   5.2359332109E-02
  7.6690000000E+01   5.4475921302E-02
  7.6700000000E+01   5.6186461783E-02
  7.6710000000E+01   5.7424316249E-02
  7.6720000000E+01   5.8150845368E-02
  7.6730000000E+01   5.8359683367E-02
  7.6740000000E+01   5.8078056182E-02
  7.6750000000E+01   5.7364943108E-02
  7.6760000000E+01   5.6306689735E-02
  7.6770000000E+01   5.5010403288E-02
  7.6780000000E+01   5.3596159849E-02
  7.6790000000E+01   5.2188867848E-02
  7.6800000000E+01   5.0910433512E-02
  7.6810000000E+01   4.9872930727E-02
  7.6820000000E+01   4.9172802729E-02
  7.6830000000E+01   4.8886883364E-02
  7.6840000000E+01   4.9069131173E-02
  7.6850000000E+01   4.9748569833E-02
  7.6860000000E+01   5.0927956028E-02
  7.6870000000E+01   5.2582935512E-02
  7.6880000000E+01   5.4661977292E-02
  7.6890000000E+01   5.7086958813E-02
  7.6900000000E+01   5.9754965697E-02
  7.6910000000E+01   6.2541473020E-02
  7.6920000000E+01   6.5305787130E-02
  7.6930000000E+01   6.7898362080E-02
  7.6940000000E+01   7.0169939062E-02
  7.6950000000E+01   7.1982545293E-02
  7.6960000000E+01   7.3220646354E-02
  7.6970000000E+01   7.3802016433E-02
  7.6980000000E+01   7.3686329774E-02
  7.6990000000E+01   7.2880662609E-02
  7.7000000000E+01   7.1440849399E-02
  7.7010000000E+01   6.9468035057E-02
  7.7020000000E+01   6.7100739057E-02
  7.7030000000E+01   6.4503102493E-02
  7.7040000000E+01   6.1850605701E-02
  7.7050000000E+01   5.9314946732E-02
  7.7060000000E+01   5.7049684801E-02
  7.7070000000E+01   5.5178557357E-02
  7.7080000000E+01   5.3787181751E-02
  7.7090000000E+01   5.2919521687E-02
  7.7100000000E+01   5.2578565917E-02
  7.7110000000E+01   5.2731151104E-02
  7.7120000000E+01   5.3315379435E-02
  7.7130000000E+01   5.4250111638E-02
  7.7140000000E+01   5.5444304950E-02
  7.7150000000E+01   5.6805404572E-02
  7.7160000000E+01   5.8245827875E-02
  7.7170000000E+01   5.9686990150E-02
  7.7180000000E+01   6.1060882303E-02
  7.7190000000E+01   6.2309506075E-02
  7.7200000000E+01   6.3383275126E-02
  7.7210000000E+01   6.4239016794E-02
  7.7220000000E+01   6.4838474512E-02
  7.7230000000E+01   6.5148086866E-02
  7.7240000000E+01   6.5140140381E-02
  7.7250000000E+01   6.4795393091E-02
  7.7260000000E+01   6.4106465150E-02
  7.7270000000E+01   6.3081592604E-02
  7.7280000000E+01   6.1747730000E-02
  7.7290000000E+01   6.0152156811E-02
  7.7300000000E+01   5.8362390987E-02
  7.7310000000E+01   5.6463524446E-02
  7.7320000000E+01   5.4553768388E-02
  7.7330000000E+01   5.2738111127E-02
  7.7340000000E+01   5.1120922077E-02
  7.7350000000E+01   4.9798464355E-02
  7.7360000000E+01   4.8851570838E-02
  7.7370000000E+01   4.8340152645E-02
  7.7380000000E+01   4.8298980055E-02
  7.7390000000E+01   4.8735943497E-02
  7.7400000000E+01   4.9632197990E-02
  7.7410000000E+01   5.0944238155E-02
  7.7420000000E+01   5.2607569378E-02
  7.7430000000E+01   5.4541413493E-02
  7.7440000000E+01   5.6654041864E-02
  7.7450000000E+01   5.8848289385E-02
  7.7460000000E+01   6.1026876303E-02
  7.7470000000E+01   6.3097394240E-02
  7.7480000000E+01   6.4976348331E-02
  7.7490000000E+01   6.6592800442E-02
  7.7500000000E+01   6.7890824100E-02
  7.7510000000E+01   6.8831045191E-02
  7.7520000000E+01   6.9391113783E-02
  7.7530000000E+01   6.9565067813E-02
  7.7540000000E+01   6.9361387322E-02
  7.7550000000E+01   6.8800427040E-02
  7.7560000000E+01   6.7910874180E-02
  7.7570000000E+01   6.6725894416E-02
  7.7580000000E+01   6.5279348626E-02
  7.7590000000E+01   6.3602660733E-02
  7.7600000000E+01   6.1722538099E-02
  7.7610000000E+01   5.9660098846E-02
  7.7620000000E+01   5.7431653379E-02
  7.7630000000E+01   5.5050457726E-02
  7.7640000000E+01   5.2529731783E-02
  7.7650000000E+01   4.9886174823E-02
  7.7660000000E+01   4.7143338702E-02
  7.7670000000E+01   4.4334084857E-02
  7.7680000000E+01   4.1501997493E-02
  7.7690000000E+01   3.8701113794E-02
  7.7700000000E+01   3.5994077257E-02
  7.7710000000E+01   3.3448775504E-02
  7.7720000000E+01   3.1133918995E-02
  7.7730000000E+01   2.9114152298E-02
  7.7740000000E+01   2.7445118358E-02
  7.7750000000E+01   2.6169128477E-02
  7.7760000000E+01   2.5312082770E-02
  7.7770000000E+01   2.4881514990E-02
  7.7780000000E+01   2.4866469080E-02
  7.7790000000E+01   2.5238834975E-02
  7.7800000000E+01   2.5956052883E-02
  7.7810000000E+01   2.6964859114E-02
  7.7820000000E+01   2.8205918232E-02
  7.7830000000E+01   2.9618476744E-02
  7.7840000000E+01   3.1144581695E-02
  7.7850000000E+01   3.2732738757E-02
  7.7860000000E+01   3.4340483042E-02
  7.7870000000E+01   3.5935306011E-02
  7.7880000000E+01   3.7494557011E-02
  7.7890000000E+01   3.9004034045E-02
  7.7900000000E+01   4.0455901160E-02
  7.7910000000E+01   4.1846270116E-02
  7.7920000000E+01   4.3172759526E-02
  7.7930000000E+01   4.4433004402E-02
  7.7940000000E+01   4.5623691567E-02
  7.7950000000E+01   4.6740691368E-02
  7.7960000000E+01   4.7779909477E-02
  7.7970000000E+01   4.8738710623E-02
  7.7980000000E+01   4.9617440613E-02
  7.7990000000E+01   5.0420628715E-02
  7.8000000000E+01   5.1157687211E-02
  7.8010000000E+01   5.1842783318E-02
  7.8020000000E+01   5.2493851888E-02
  7.8030000000E+01   5.3131071145E-02
  7.8040000000E+01   5.3774552759E-02
  7.8050000000E+01   5.4442043180E-02
  7.8060000000E+01   5.5146500826E-02
  7.8070000000E+01   5.5893966341E-02
  7.8080000000E+01   5.6681811569E-02
  7.8090000000E+01   5.7497765347E-02
  7.8100000000E+01   5.8319136978E-02
  7.8110000000E+01   5.9113645560E-02
  7.8120000000E+01   5.9840442543E-02
  7.8130000000E+01   6.0452251295E-02
  7.8140000000E+01   6.0898355630E-02
  7.8150000000E+01   6.1128214811E-02
  7.8160000000E+01   6.1095550350E-02
  7.8170000000E+01   6.0762432928E-02
  7.8180000000E+01   6.0103278937E-02
  7.8190000000E+01   5.9108019174E-02
  7.8200000000E+01   5.7784464240E-02
  7.8210000000E+01   5.6159220318E-02
  7.8220000000E+01   5.4277394176E-02
  7.8230000000E+01   5.2201146141E-02
  7.8240000000E+01   5.0006777892E-02
  7.8250000000E+01   4.7780961541E-02
  7.8260000000E+01   4.5616339404E-02
  7.8270000000E+01   4.3606276024E-02
  7.8280000000E+01   4.1839998522E-02
  7.8290000000E+01   4.0397416796E-02
  7.8300000000E+01   3.9344508724E-02
  7.8310000000E+01   3.8729076072E-02
  7.8320000000E+01   3.8577822485E-02
  7.8330000000E+01   3.8894215524E-02
  7.8340000000E+01   3.9657879945E-02
  7.8350000000E+01   4.0825648627E-02
  7.8360000000E+01   4.2334011571E-02
  7.8370000000E+01   4.4103539410E-02
  7.8380000000E+01   4.6044521039E-02
  7.8390000000E+01   4.8063951893E-02
  7.8400000000E+01   5.0073171189E-02
  7.8410000000E+01   5.1995305509E-02
  7.8420000000E+01   5.3772357526E-02
  7.8430000000E+01   5.5370572500E-02
  7.8440000000E+01   5.6783512927E-02
  7.8450000000E+01   5.8032570923E-02
  7.8460000000E+01   5.9164248789E-02
  7.8470000000E+01   6.0244609795E-02
  7.8480000000E+01   6.1351251616E-02
  7.8490000000E+01   6.2563728693E-02
  7.8500000000E+01   6.3953106552E-02
  7.8510000000E+01   6.5572594912E-02
  7.8520000000E+01   6.7449550500E-02
  7.8530000000E+01   6.9580526205E-02
  7.8540000000E+01   7.1929243993E-02
  7.8550000000E+01   7.4428459827E-02
  7.8560000000E+01   7.6984641597E-02
  7.8570000000E+01   7.9485779935E-02
  7.8580000000E+01   8.1810683587E-02
  7.8590000000E+01   8.3839396863E-02
  7.8600000000E+01   8.5463038896E-02
  7.8610000000E+01   8.6592935426E-02
  7.8620000000E+01   8.7167636621E-02
  7.8630000000E+01   8.7157493965E-02
  7.8640000000E+01   8.6566781011E-02
  7.8650000000E+01   8.5432761394E-02
  7.8660000000E+01   8.3822606058E-02
  7.8670000000E+01   8.1828015698E-02
  7.8680000000E+01   7.9558295842E-02
  7.8690000000E+01   7.7132439243E-02
  7.8700000000E+01   7.4670848365E-02
  7.8710000000E+01   7.2287322737E-02
  7.8720000000E+01   7.0081875876E-02
  7.8730000000E+01   6.8135015603E-02
  7.8740000000E+01   6.6503476490E-02
  7.8750000000E+01   6.5218344544E-02
  7.8760000000E+01   6.4285081782E-02
  7.8770000000E+01   6.3685566294E-02
  7.8780000000E+01   6.3381818344E-02
  7.8790000000E+01   6.3321287069E-02
  7.8800000000E+01   6.3442262234E-02
  7.8810000000E+01   6.3679853405E-02
  7.8820000000E+01   6.3970792725E-02
  7.8830000000E+01   6.4256931216E-02
  7.8840000000E+01   6.4487521046E-02
  7.8850000000E+01   6.4619527628E-02
  7.8860000000E+01   6.4616703458E-02
  7.8870000000E+01   6.4447822843E-02
  7.8880000000E+01   6.4084993793E-02
  7.8890000000E+01   6.3502606177E-02
  7.8900000000E+01   6.2677547253E-02
  7.8910000000E+01   6.1591180434E-02
  7.8920000000E+01   6.0233027914E-02
  7.8930000000E+01   5.8605337083E-02
  7.8940000000E+01   5.6728324656E-02
  7.8950000000E+01   5.4644174345E-02
  7.8960000000E+01   5.2419758442E-02
  7.8970000000E+01   5.0146358758E-02
  7.8980000000E+01   4.7936302125E-02
  7.8990000000E+01   4.5915889949E-02
  7.9000000000E+01   4.4216298773E-02
  7.9010000000E+01   4.2961848217E-02
  7.9020000000E+01   4.2257947795E-02
  7.9030000000E+01   4.2180193358E-02
  7.9040000000E+01   4.2765136409E-02
  7.9050000000E+01   4.4004679423E-02
  7.9060000000E+01   4.5844825136E-02
  7.9070000000E+01   4.8188650498E-02
  7.9080000000E+01   5.0903248639E-02
  7.9090000000E+01   5.3830413755E-02
  7.9100000000E+01   5.6799614664E-02
  7.9110000000E+01   5.9641650427E-02
  7.9120000000E+01   6.2202223459E-02
  7.9130000000E+01   6.4353663569E-02
  7.9140000000E+01   6.6003911365E-02
  7.9150000000E+01   6.7102220637E-02
  7.9160000000E+01   6.7641195263E-02
  7.9170000000E+01   6.7655225481E-02
  7.9180000000E+01   6.7216024094E-02
  7.9190000000E+01   6.6425807788E-02
  7.9200000000E+01   6.5408509915E-02
  7.9210000000E+01   6.4300600883E-02
  7.9220000000E+01   6.3241411275E-02
  7.9230000000E+01   6.2363713424E-02
  7.9240000000E+01   6.1785140836E-02
  7.9250000000E+01   6.1600676671E-02
  7.9260000000E+01   6.1876214812E-02
  7.9270000000E+01   6.2643979260E-02
  7.9280000000E+01   6.3899641738E-02
  7.9290000000E+01   6.5601501419E-02
  7.9300000000E+01   6.7672326343E-02
  7.9310000000E+01   7.0003579704E-02
  7.9320000000E+01   7.2462400040E-02
  7.9330000000E+01   7.4900636802E-02
  7.9340000000E+01   7.7165911883E-02
  7.9350000000E+01   7.9113537678E-02
  7.9360000000E+01   8.0618390963E-02
  7.9370000000E+01   8.1585491229E-02
  7.9380000000E+01   8.1958382703E-02
  7.9390000000E+01   8.1724033130E-02
  7.9400000000E+01   8.0913767521E-02
  7.9410000000E+01   7.9600044458E-02
  7.9420000000E+01   7.7889040153E-02
  7.9430000000E+01   7.5910183373E-02
  7.9440000000E+01   7.3803131759E-02
  7.9450000000E+01   7.1704266752E-02
  7.9460000000E+01   6.9733540514E-02
  7.9470000000E+01   6.7983349527E-02
  7.9480000000E+01   6.6510722471E-02
  7.9490000000E+01   6.5333265065E-02
  7.9500000000E+01   6.4429430377E-02
  7.9510000000E+01   6.3742801587E-02
  7.9520000000E+01   6.3190021908E-02
  7.9530000000E+01   6.2671191498E-02
  7.9540000000E+01   6.2081892015E-02
  7.9550000000E+01   6.1325230996E-02
  7.9560000000E+01   6.0322988405E-02
  7.9570000000E+01   5.9024636627E-02
  7.9580000000E+01   5.7413443511E-02
  7.9590000000E+01   5.5509000176E-02
  7.9600000000E+01   5.3366302476E-02
  7.9610000000E+01   5.1071275494E-02
  7.9620000000E+01   4.8733389300E-02
  7.9630000000E+01   4.6475984810E-02
  7.9640000000E+01   4.4425516345E-02
  7.9650000000E+01   4.2700511411E-02
  7.9660000000E+01   4.1401413499E-02
  7.9670000000E+01   4.0601812783E-02
  7.9680000000E+01   4.0342560839E-02
  7.9690000000E+01   4.0628223825E-02
  7.9700000000E+01   4.1426863139E-02
  7.9710000000E+01   4.2672496973E-02
  7.9720000000E+01   4.4270386069E-02
  7.9730000000E+01   4.6104222476E-02
  7.9740000000E+01   4.8045125773E-02
  7.9750000000E+01   4.9961091762E-02
  7.9760000000E+01   5.1726991228E-02
  7.9770000000E+01   5.3233713162E-02
  7.9780000000E+01   5.4396125095E-02
  7.9790000000E+01   5.5159487061E-02
  7.9800000000E+01   5.5503577089E-02
  7.9810000000E+01   5.5444338069E-02
  7.9820000000E+01   5.5032929172E-02
  7.9830000000E+01   5.4352264354E-02
  7.9840000000E+01   5.3511053219E-02
  7.9850000000E+01   5.2635820959E-02
  7.9860000000E+01   5.1861298449E-02
  7.9870000000E+01   5.1319650027E-02
  7.9880000000E+01   5.1129796548E-02
  7.9890000000E+01   5.1386808625E-02
  7.9900000000E+01   5.2152753633E-02
  7.9910000000E+01   5.3449560678E-02
  7.9920000000E+01   5.5254696094E-02
  7.9930000000E+01   5.7499919327E-02
  7.9940000000E+01   6.0073833358E-02
  7.9950000000E+01   6.2828033353E-02
  7.9960000000E+01   6.5586600957E-02
  7.9970000000E+01   6.8158469740E-02
  7.9980000000E+01   7.0351632652E-02
  7.9990000000E+01   7.1988269533E-02
  8.0000000000E+01   7.2919255706E-02
  8.0010000000E+01   7.3036779620E-02
  8.0020000000E+01   7.2284018478E-02
  8.0030000000E+01   7.0660743387E-02
  8.0040000000E+01   6.8224199023E-02
  8.0050000000E+01   6.5085417329E-02
  8.0060000000E+01   6.1400875767E-02
  8.0070000000E+01   5.7360525319E-02
  8.0080000000E+01   5.3173033426E-02
  8.0090000000E+01   4.9049921119E-02
  8.0100000000E+01   4.5189463811E-02
  8.0110000000E+01   4.1762134187E-02
  8.0120000000E+01   3.8898722735E-02
  8.0130000000E+01   3.6681876631E-02
  8.0140000000E+01   3.5142028482E-02
  8.0150000000E+01   3.4257479689E-02
  8.0160000000E+01   3.3959322250E-02
  8.0170000000E+01   3.4139893924E-02
  8.0180000000E+01   3.4664727267E-02
  8.0190000000E+01   3.5386073398E-02
  8.0200000000E+01   3.6157611970E-02
  8.0210000000E+01   3.6848135464E-02
  8.0220000000E+01   3.7353370082E-02
  8.0230000000E+01   3.7604371035E-02
  8.0240000000E+01   3.7572200044E-02
  8.0250000000E+01   3.7268092311E-02
  8.0260000000E+01   3.6739470018E-02
  8.0270000000E+01   3.6062636103E-02
  8.0280000000E+01   3.5332935503E-02
  8.0290000000E+01   3.4653880643E-02
  8.0300000000E+01   3.4126323371E-02
  8.0310000000E+01   3.3839334070E-02
  8.0320000000E+01   3.3862988841E-02
  8.0330000000E+01   3.4244257990E-02
  8.0340000000E+01   3.5005468930E-02
  8.0350000000E+01   3.6145394219E-02
  8.0360000000E+01   3.7642132599E-02
  8.0370000000E+01   3.9457340437E-02
  8.0380000000E+01   4.1540979490E-02
  8.0390000000E+01   4.3836265868E-02
  8.0400000000E+01   4.6283694091E-02
  8.0410000000E+01   4.8825162322E-02
  8.0420000000E+01   5.1407002643E-02
  8.0430000000E+01   5.3982495591E-02
  8.0440000000E+01   5.6513912730E-02
  8.0450000000E+01   5.8973725664E-02
  8.0460000000E+01   6.1345405365E-02
  8.0470000000E+01   6.3623186705E-02
  8.0480000000E+01   6.5811022724E-02
  8.0490000000E+01   6.7920587102E-02
  8.0500000000E+01   6.9968287495E-02
  8.0510000000E+01   7.1971637894E-02
  8.0520000000E+01   7.3945204181E-02
  8.0530000000E+01   7.5896813837E-02
  8.0540000000E+01   7.7824377215E-02
  8.0550000000E+01   7.9713865405E-02
  8.0560000000E+01   8.1538607254E-02
  8.0570000000E+01   8.3260439421E-02
  8.0580000000E+01   8.4831792660E-02
  8.0590000000E+01   8.6199431913E-02
  8.0600000000E+01   8.7308079158E-02
  8.0610000000E+01   8.8104666639E-02
  8.0620000000E+01   8.8541552559E-02
  8.0630000000E+01   8.8579469268E-02
  8.0640000000E+01   8.8189282463E-02
  8.0650000000E+01   8.7353087827E-02
  8.0660000000E+01   8.6064903924E-02
  8.0670000000E+01   8.4330853390E-02
  8.0680000000E+01   8.2169881732E-02
  8.0690000000E+01   7.9614309301E-02
  8.0700000000E+01   7.6710687062E-02
  8.0710000000E+01   7.3520512859E-02
  8.0720000000E+01   7.0120459928E-02
  8.0730000000E+01   6.6601651185E-02
  8.0740000000E+01   6.3067653164E-02
  8.0750000000E+01   5.9631008361E-02
  8.0760000000E+01   5.6408381672E-02
  8.0770000000E+01   5.3514410002E-02
  8.0780000000E+01   5.1055051205E-02
  8.0790000000E+01   4.9121064407E-02
  8.0800000000E+01   4.7782038026E-02
  8.0810000000E+01   4.7081804178E-02
  8.0820000000E+01   4.7035729694E-02
  8.0830000000E+01   4.7629864130E-02
  8.0840000000E+01   4.8822166703E-02
  8.0850000000E+01   5.0545386037E-02
  8.0860000000E+01   5.2711390898E-02
  8.0870000000E+01   5.5216197702E-02
  8.0880000000E+01   5.7945669945E-02
  8.0890000000E+01   6.0780662329E-02
  8.0900000000E+01   6.3602510548E-02
  8.0910000000E+01   6.6297584011E-02
  8.0920000000E+01   6.8761268251E-02
  8.0930000000E+01   7.0901669829E-02
  8.0940000000E+01   7.2642775656E-02
  8.0950000000E+01   7.3927132824E-02
  8.0960000000E+01   7.4718327590E-02
  8.0970000000E+01   7.5002793534E-02
  8.0980000000E+01   7.4790867883E-02
  8.0990000000E+01   7.4117054543E-02
  8.1000000000E+01   7.3038765457E-02
  8.1010000000E+01   7.1633855461E-02
  8.1020000000E+01   6.9995962818E-02
  8.1030000000E+01   6.8229268474E-02
  8.1040000000E+01   6.6441409252E-02
  8.1050000000E+01   6.4735900057E-02
  8.1060000000E+01   6.3204762055E-02
  8.1070000000E+01   6.1921606415E-02
  8.1080000000E+01   6.0936176088E-02
  8.1090000000E+01   6.0270872234E-02
  8.1100000000E+01   5.9919260961E-02
  8.1110000000E+01   5.9847201848E-02
  8.1120000000E+01   5.9996034153E-02
  8.1130000000E+01   6.0287996412E-02
  8.1140000000E+01   6.0632889488E-02
  8.1150000000E+01   6.0936089373E-02
  8.1160000000E+01   6.1106994791E-02
  8.1170000000E+01   6.1067057022E-02
  8.1180000000E+01   6.0757341112E-02
  8.1190000000E+01   6.0144378814E-02
  8.1200000000E+01   5.9224345296E-02
  8.1210000000E+01   5.8024401760E-02
  8.1220000000E+01   5.6601468658E-02
  8.1230000000E+01   5.5038050658E-02
  8.1240000000E+01   5.3435377613E-02
  8.1250000000E+01   5.1904530013E-02
  8.1260000000E+01   5.0556139115E-02
  8.1270000000E+01   4.9490257769E-02
  8.1280000000E+01   4.8787182100E-02
  8.1290000000E+01   4.8500410123E-02
  8.1300000000E+01   4.8653363261E-02
  8.1310000000E+01   4.9239265985E-02
  8.1320000000E+01   5.0225358466E-02
  8.1330000000E+01   5.1560049935E-02
  8.1340000000E+01   5.3182394211E-02
  8.1350000000E+01   5.5031853002E-02
  8.1360000000E+01   5.7057387217E-02
  8.1370000000E+01   5.9223760181E-02
  8.1380000000E+01   6.1513923999E-02
  8.1390000000E+01   6.3927511738E-02
  8.1400000000E+01   6.6474525304E-02
  8.1410000000E+01   6.9166428782E-02
  8.1420000000E+01   7.2005244662E-02
  8.1430000000E+01   7.4973009121E-02
  8.1440000000E+01   7.8023460905E-02
  8.1450000000E+01   8.1077747003E-02
  8.1460000000E+01   8.4024995086E-02
  8.1470000000E+01   8.6727974150E-02
  8.1480000000E+01   8.9033825885E-02
  8.1490000000E+01   9.0787673342E-02
  8.1500000000E+01   9.1847380628E-02
  8.1510000000E+01   9.2097850896E-02
  8.1520000000E+01   9.1462531973E-02
  8.1530000000E+01   8.9910357269E-02
  8.1540000000E+01   8.7458279104E-02
  8.1550000000E+01   8.4168647520E-02
  8.1560000000E+01   8.0142576279E-02
  8.1570000000E+01   7.5510469199E-02
  8.1580000000E+01   7.0421447831E-02
  8.1590000000E+01   6.5033003649E-02
  8.1600000000E+01   5.9502078172E-02
  8.1610000000E+01   5.3978432709E-02
  8.1620000000E+01   4.8600646683E-02
  8.1630000000E+01   4.3494229348E-02
  8.1640000000E+01   3.8771571134E-02
  8.1650000000E+01   3.4532704541E-02
  8.1660000000E+01   3.0866113237E-02
  8.1670000000E+01   2.7849108151E-02
  8.1680000000E+01   2.5546887306E-02
  8.1690000000E+01   2.4010626177E-02
  8.1700000000E+01   2.3274216214E-02
  8.1710000000E+01   2.3350419920E-02
  8.1720000000E+01   2.4226867627E-02
  8.1730000000E+01   2.5862528123E-02
  8.1740000000E+01   2.8185818901E-02
  8.1750000000E+01   3.1094331362E-02
  8.1760000000E+01   3.4457327123E-02
  8.1770000000E+01   3.8121058697E-02
  8.1780000000E+01   4.1916452423E-02
  8.1790000000E+01   4.5669219769E-02
  8.1800000000E+01   4.9211067229E-02
  8.1810000000E+01   5.2391327849E-02
  8.1820000000E+01   5.5087486281E-02
  8.1830000000E+01   5.7213514329E-02
  8.1840000000E+01   5.8725011399E-02
  8.1850000000E+01   5.9620428639E-02
  8.1860000000E+01   5.9938402275E-02
  8.1870000000E+01   5.9751412340E-02
  8.1880000000E+01   5.9156411717E-02
  8.1890000000E+01   5.8264357621E-02
  8.1900000000E+01   5.7188816071E-02
  8.1910000000E+01   5.6035988926E-02
  8.1920000000E+01   5.4896464972E-02
  8.1930000000E+01   5.3839898828E-02
  8.1940000000E+01   5.2912464473E-02
  8.1950000000E+01   5.2136976067E-02
  8.1960000000E+01   5.1515443928E-02
  8.1970000000E+01   5.1032690655E-02
  8.1980000000E+01   5.0661182591E-02
  8.1990000000E+01   5.0365524161E-02
  8.2000000000E+01   5.0106784644E-02
  8.2010000000E+01   4.9846180889E-02
  8.2020000000E+01   4.9548116153E-02
  8.2030000000E+01   4.9182751300E-02
  8.2040000000E+01   4.8728174265E-02
  8.2050000000E+01   4.8172348362E-02
  8.2060000000E+01   4.7514593722E-02
  8.2070000000E+01   4.6766556616E-02
  8.2080000000E+01   4.5952716376E-02
  8.2090000000E+01   4.5109446778E-02
  8.2100000000E+01   4.4282920193E-02
  8.2110000000E+01   4.3525725004E-02
  8.2120000000E+01   4.2892431748E-02
  8.2130000000E+01   4.2434379101E-02
  8.2140000000E+01   4.2194506902E-02
  8.2150000000E+01   4.2202882757E-02
  8.2160000000E+01   4.2473631058E-02
  8.2170000000E+01   4.3003774919E-02
  8.2180000000E+01   4.3774355815E-02
  8.2190000000E+01   4.4753357414E-02
  8.2200000000E+01   4.5900712644E-02
  8.2210000000E+01   4.7173851692E-02
  8.2220000000E+01   4.8533883432E-02
  8.2230000000E+01   4.9950711832E-02
  8.2240000000E+01   5.1406830044E-02
  8.2250000000E+01   5.2899240446E-02
  8.2260000000E+01   5.4438925574E-02
  8.2270000000E+01   5.6048200569E-02
  8.2280000000E+01   5.7756010591E-02
  8.2290000000E+01   5.9591777545E-02
  8.2300000000E+01   6.1578503119E-02
  8.2310000000E+01   6.3725725044E-02
  8.2320000000E+01   6.6023717133E-02
  8.2330000000E+01   6.8438957676E-02
  8.2340000000E+01   7.0912344636E-02
  8.2350000000E+01   7.3360220559E-02
  8.2360000000E+01   7.5678688161E-02
  8.2370000000E+01   7.7750841743E-02
  8.2380000000E+01   7.9456491465E-02
  8.2390000000E+01   8.0683349992E-02
  8.2400000000E+01   8.1338329242E-02
  8.2410000000E+01   8.1357832347E-02
  8.2420000000E+01   8.0715222707E-02
  8.2430000000E+01   7.9424578403E-02
  8.2440000000E+01   7.7540277051E-02
  8.2450000000E+01   7.5152415751E-02
  8.2460000000E+01   7.2378348652E-02
  8.2470000000E+01   6.9352102146E-02
  8.2480000000E+01   6.6212957437E-02
  8.2490000000E+01   6.3094700101E-02
  8.2500000000E+01   6.0116924092E-02
  8.2510000000E+01   5.7379929411E-02
  8.2520000000E+01   5.4962604963E-02
  8.2530000000E+01   5.2923716601E-02
  8.2540000000E+01   5.1305497262E-02
  8.2550000000E+01   5.0138376314E-02
  8.2560000000E+01   4.9445725280E-02
  8.2570000000E+01   4.9246961001E-02
  8.2580000000E+01   4.9559063112E-02
  8.2590000000E+01   5.0395549724E-02
  8.2600000000E+01   5.1763196106E-02
  8.2610000000E+01   5.3657496440E-02
  8.2620000000E+01   5.6057414421E-02
  8.2630000000E+01   5.8920994254E-02
  8.2640000000E+01   6.2182047432E-02
  8.2650000000E+01   6.5749506022E-02
  8.2660000000E+01   6.9509099089E-02
  8.2670000000E+01   7.3328069531E-02
  8.2680000000E+01   7.7061773297E-02
  8.2690000000E+01   8.0562158963E-02
  8.2700000000E+01   8.3686985930E-02
  8.2710000000E+01   8.6308837077E-02
  8.2720000000E+01   8.8323111331E-02
  8.2730000000E+01   8.9654235987E-02
  8.2740000000E+01   9.0259543359E-02
  8.2750000000E+01   9.0130615242E-02
  8.2760000000E+01   8.9292290549E-02
  8.2770000000E+01   8.7799151741E-02
  8.2780000000E+01   8.5730771695E-02
  8.2790000000E+01   8.3185180058E-02
  8.2800000000E+01   8.0272304227E-02
  8.2810000000E+01   7.7107238385E-02
  8.2820000000E+01   7.3804219299E-02
  8.2830000000E+01   7.0471046487E-02
  8.2840000000E+01   6.7204837028E-02
  8.2850000000E+01   6.4088769511E-02
  8.2860000000E+01   6.1189923943E-02
  8.2870000000E+01   5.8558222228E-02
  8.2880000000E+01   5.6226419180E-02
  8.2890000000E+01   5.4211100798E-02
  8.2900000000E+01   5.2514690280E-02
  8.2910000000E+01   5.1128078766E-02
  8.2920000000E+01   5.0034255252E-02
  8.2930000000E+01   4.9212249567E-02
  8.2940000000E+01   4.8640926780E-02
  8.2950000000E+01   4.8302902247E-02
  8.2960000000E+01   4.8187510537E-02
  8.2970000000E+01   4.8292785669E-02
  8.2980000000E+01   4.8625980356E-02
  8.2990000000E+01   4.9202282189E-02
  8.3000000000E+01   5.0042203541E-02
  8.3010000000E+01   5.1166992352E-02
  8.3020000000E+01   5.2593005058E-02
  8.3030000000E+01   5.4325317738E-02
  8.3040000000E+01   5.6351410278E-02
  8.3050000000E+01   5.8635881664E-02
  8.3060000000E+01   6.1116846762E-02
  8.3070000000E+01   6.3705251323E-02
  8.3080000000E+01   6.6287149042E-02
  8.3090000000E+01   6.8729662413E-02
  8.3100000000E+01   7.0889876767E-02
  8.3110000000E+01   7.2626245257E-02
  8.3120000000E+01   7.3811191127E-02
  8.3130000000E+01   7.4343044466E-02
  8.3140000000E+01   7.4156801442E-02
  8.3150000000E+01   7.3230957204E-02
  8.3160000000E+01   7.1590677132E-02
  8.3170000000E+01   6.9305924470E-02
  8.3180000000E+01   6.6485578500E-02
  8.3190000000E+01   6.3267707793E-02
  8.3200000000E+01   5.9807566780E-02
  8.3210000000E+01   5.6264809831E-02
  8.3220000000E+01   5.2791388568E-02
  8.3230000000E+01   4.9521136862E-02
  8.3240000000E+01   4.6562297593E-02
  8.3250000000E+01   4.3993568935E-02
  8.3260000000E+01   4.1862928928E-02
  8.3270000000E+01   4.0189663163E-02
  8.3280000000E+01   3.8968347099E-02
  8.3290000000E+01   3.8174383781E-02
  8.3300000000E+01   3.7769872723E-02
  8.3310000000E+01   3.7709458934E-02
  8.3320000000E+01   3.7945449215E-02
  8.3330000000E+01   3.8431778753E-02
  8.3340000000E+01   3.9126725424E-02
  8.3350000000E+01   3.9994547642E-02
  8.3360000000E+01   4.1005903723E-02
  8.3370000000E+01   4.2137686407E-02
  8.3380000000E+01   4.3372327155E-02
  8.3390000000E+01   4.4696862777E-02
  8.3400000000E+01   4.6102187357E-02
  8.3410000000E+01   4.7582303635E-02
  8.3420000000E+01   4.9133802776E-02
  8.3430000000E+01   5.0755326771E-02
  8.3440000000E+01   5.2446836789E-02
  8.3450000000E+01   5.4208541342E-02
  8.3460000000E+01   5.6039375882E-02
  8.3470000000E+01   5.7934927903E-02
  8.3480000000E+01   5.9885041830E-02
  8.3490000000E+01   6.1871555423E-02
  8.3500000000E+01   6.3866021339E-02
  8.3510000000E+01   6.5828895271E-02
  8.3520000000E+01   6.7709044112E-02
  8.3530000000E+01   6.9445882515E-02
  8.3540000000E+01   7.0972331753E-02
  8.3550000000E+01   7.2219881352E-02
  8.3560000000E+01   7.3124177222E-02
  8.3570000000E+01   7.3631571157E-02
  8.3580000000E+01   7.3704834756E-02
  8.3590000000E+01   7.3327989073E-02
  8.3600000000E+01   7.2509046882E-02
  8.3610000000E+01   7.1280379786E-02
  8.3620000000E+01   6.9696642712E-02
  8.3630000000E+01   6.7830254336E-02
  8.3640000000E+01   6.5765004412E-02
  8.3650000000E+01   6.3588801474E-02
  8.3660000000E+01   6.1386136749E-02
  8.3670000000E+01   5.9231366163E-02
  8.3680000000E+01   5.7183498396E-02
  8.3690000000E+01   5.5282997355E-02
  8.3700000000E+01   5.3550778580E-02
  8.3710000000E+01   5.1989461266E-02
  8.3720000000E+01   5.0586123106E-02
  8.3730000000E+01   4.9316555664E-02
  8.3740000000E+01   4.8150010159E-02
  8.3750000000E+01   4.7054089949E-02
  8.3760000000E+01   4.5998972225E-02
  8.3770000000E+01   4.4960843930E-02
  8.3780000000E+01   4.3923976638E-02
  8.3790000000E+01   4.2881617837E-02
  8.3800000000E+01   4.1835591930E-02
  8.3810000000E+01   4.0794554876E-02
  8.3820000000E+01   3.9771767524E-02
  8.3830000000E+01   3.8781994114E-02
  8.3840000000E+01   3.7838663690E-02
  8.3850000000E+01   3.6951065447E-02
  8.3860000000E+01   3.6122700743E-02
  8.3870000000E+01   3.5350574572E-02
  8.3880000000E+01   3.4625737686E-02
  8.3890000000E+01   3.3935224915E-02
  8.3900000000E+01   3.3264835929E-02
  8.3910000000E+01   3.2602708105E-02
  8.3920000000E+01   3.1943084243E-02
  8.3930000000E+01   3.1289111613E-02
  8.3940000000E+01   3.0655191929E-02
  8.3950000000E+01   3.0067476217E-02
  8.3960000000E+01   2.9562967358E-02
  8.3970000000E+01   2.9186541438E-02
  8.3980000000E+01   2.8987290528E-02
  8.3990000000E+01   2.9013598964E-02
  8.4000000000E+01   2.9308021996E-02
  8.4010000000E+01   2.9902886640E-02
  8.4020000000E+01   3.0816552655E-02
  8.4030000000E+01   3.2051274082E-02
  8.4040000000E+01   3.3592685964E-02
  8.4050000000E+01   3.5410926099E-02
  8.4060000000E+01   3.7462991127E-02
  8.4070000000E+01   3.9696369345E-02
  8.4080000000E+01   4.2053238184E-02
  8.4090000000E+01   4.4474524472E-02
  8.4100000000E+01   4.6904010537E-02
  8.4110000000E+01   4.9291686830E-02
  8.4120000000E+01   5.1596156691E-02
  8.4130000000E+01   5.3786189810E-02
  8.4140000000E+01   5.5841143877E-02
  8.4150000000E+01   5.7750386757E-02
  8.4160000000E+01   5.9511937962E-02
  8.4170000000E+01   6.1130161539E-02
  8.4180000000E+01   6.2613002153E-02
  8.4190000000E+01   6.3968825848E-02
  8.4200000000E+01   6.5203561277E-02
  8.4210000000E+01   6.6317886886E-02
  8.4220000000E+01   6.7305664325E-02
  8.4230000000E+01   6.8153244826E-02
  8.4240000000E+01   6.8840305237E-02
  8.4250000000E+01   6.9341807677E-02
  8.4260000000E+01   6.9631698914E-02
  8.4270000000E+01   6.9686947350E-02
  8.4280000000E+01   6.9492292007E-02
  8.4290000000E+01   6.9044517671E-02
  8.4300000000E+01   6.8355843288E-02
  8.4310000000E+01   6.7455618708E-02
  8.4320000000E+01   6.6390400778E-02
  8.4330000000E+01   6.5221554915E-02
  8.4340000000E+01   6.4021124943E-02
  8.4350000000E+01   6.2865982493E-02
  8.4360000000E+01   6.1830994414E-02
  8.4370000000E+01   6.0982094995E-02
  8.4380000000E+01   6.0370010422E-02
  8.4390000000E+01   6.0025653909E-02
  8.4400000000E+01   5.9957726481E-02
  8.4410000000E+01   6.0152841465E-02
  8.4420000000E+01   6.0578623669E-02
  8.4430000000E+01   6.1188782743E-02
  8.4440000000E+01   6.1930084907E-02
  8.4450000000E+01   6.2749698650E-02
  8.4460000000E+01   6.3602192885E-02
  8.4470000000E+01   6.4454898184E-02
  8.4480000000E+01   6.5290940531E-02
  8.4490000000E+01   6.6109385266E-02
  8.4500000000E+01   6.6922633032E-02
  8.4510000000E+01   6.7751286313E-02
  8.4520000000E+01   6.8617713145E-02
  8.4530000000E+01   6.9539014771E-02
  8.4540000000E+01   7.0520768007E-02
  8.4550000000E+01   7.1552702760E-02
  8.4560000000E+01   7.2606597959E-02
  8.4570000000E+01   7.3637525333E-02
  8.4580000000E+01   7.4587246001E-02
  8.4590000000E+01   7.5390304279E-02
  8.4600000000E+01   7.5981263284E-02
  8.4610000000E+01   7.6302267652E-02
  8.4620000000E+01   7.6309944487E-02
  8.4630000000E+01   7.5980477994E-02
  8.4640000000E+01   7.5312593278E-02
  8.4650000000E+01   7.4327900351E-02
  8.4660000000E+01   7.3068778579E-02
  8.4670000000E+01   7.1594254913E-02
  8.4680000000E+01   6.9974817478E-02
  8.4690000000E+01   6.8286516332E-02
  8.4700000000E+01   6.6605447175E-02
  8.4710000000E+01   6.5003598957E-02
  8.4720000000E+01   6.3545472109E-02
  8.4730000000E+01   6.2286585206E-02
  8.4740000000E+01   6.1272893981E-02
  8.4750000000E+01   6.0540925192E-02
  8.4760000000E+01   6.0118008119E-02
  8.4770000000E+01   6.0021943085E-02
  8.4780000000E+01   6.0259806447E-02
  8.4790000000E+01   6.0825805742E-02
  8.4800000000E+01   6.1698529487E-02
  8.4810000000E+01   6.2837985871E-02
  8.4820000000E+01   6.4183825607E-02
  8.4830000000E+01   6.5654915388E-02
  8.4840000000E+01   6.7151771152E-02
  8.4850000000E+01   6.8561589760E-02
  8.4860000000E+01   6.9766196508E-02
  8.4870000000E+01   7.0652106652E-02
  8.4880000000E+01   7.1121346299E-02
  8.4890000000E+01   7.1101870075E-02
  8.4900000000E+01   7.0555956709E-02
  8.4910000000E+01   6.9484734085E-02
  8.4920000000E+01   6.7928842516E-02
  8.4930000000E+01   6.5964340417E-02
  8.4940000000E+01   6.3694454430E-02
  8.4950000000E+01   6.1238593701E-02
  8.4960000000E+01   5.8719972200E-02
  8.4970000000E+01   5.6253537129E-02
  8.4980000000E+01   5.3935885987E-02
  8.4990000000E+01   5.1838708805E-02
  8.5000000000E+01   5.0005960638E-02
  8.5010000000E+01   4.8455060148E-02
  8.5020000000E+01   4.7181568507E-02
  8.5030000000E+01   4.6166022521E-02
  8.5040000000E+01   4.5381802371E-02
  8.5050000000E+01   4.4802717541E-02
  8.5060000000E+01   4.4408750671E-02
  8.5070000000E+01   4.4189506042E-02
  8.5080000000E+01   4.4145200849E-02
  8.5090000000E+01   4.4284500398E-02
  8.5100000000E+01   4.4620724652E-02
  8.5110000000E+01   4.5166558721E-02
  8.5120000000E+01   4.5928647164E-02
  8.5130000000E+01   4.6902695700E-02
  8.5140000000E+01   4.8070322691E-02
  8.5150000000E+01   4.9397894172E-02
  8.5160000000E+01   5.0837439180E-02
  8.5170000000E+01   5.2330212452E-02
  8.5180000000E+01   5.3811563752E-02
  8.5190000000E+01   5.5217217179E-02
  8.5200000000E+01   5.6489737638E-02
  8.5210000000E+01   5.7584312957E-02
  8.5220000000E+01   5.8473139194E-02
  8.5230000000E+01   5.9147731300E-02
  8.5240000000E+01   5.9618812787E-02
  8.5250000000E+01   5.9913937247E-02
  8.5260000000E+01   6.0072874044E-02
  8.5270000000E+01   6.0141778690E-02
  8.5280000000E+01   6.0166960942E-02
  8.5290000000E+01   6.0188795267E-02
  8.5300000000E+01   6.0237044591E-02
  8.5310000000E+01   6.0327838213E-02
  8.5320000000E+01   6.0462832533E-02
  8.5330000000E+01   6.0630223988E-02
  8.5340000000E+01   6.0807449308E-02
  8.5350000000E+01   6.0964976772E-02
  8.5360000000E+01   6.1070351381E-02
  8.5370000000E+01   6.1092257114E-02
  8.5380000000E+01   6.1003627639E-02
  8.5390000000E+01   6.0783792760E-02
  8.5400000000E+01   6.0419518836E-02
  8.5410000000E+01   5.9904918180E-02
  8.5420000000E+01   5.9240676829E-02
  8.5430000000E+01   5.8432665364E-02
  8.5440000000E+01   5.7490783108E-02
  8.5450000000E+01   5.6427875162E-02
  8.5460000000E+01   5.5259242348E-02
  8.5470000000E+01   5.4002757862E-02
  8.5480000000E+01   5.2679448191E-02
  8.5490000000E+01   5.1314240714E-02
  8.5500000000E+01   4.9936742680E-02
  8.5510000000E+01   4.8581431499E-02
  8.5520000000E+01   4.7286945846E-02
  8.5530000000E+01   4.6094739786E-02
  8.5540000000E+01   4.5046268452E-02
  8.5550000000E+01   4.4179906574E-02
  8.5560000000E+01   4.3527335441E-02
  8.5570000000E+01   4.3110214581E-02
  8.5580000000E+01   4.2937606638E-02
  8.5590000000E+01   4.3004659121E-02
  8.5600000000E+01   4.3292766088E-02
  8.5610000000E+01   4.3770935797E-02
  8.5620000000E+01   4.4398849074E-02
  8.5630000000E+01   4.5130398672E-02
  8.5640000000E+01   4.5917680565E-02
  8.5650000000E+01   4.6714654434E-02
  8.5660000000E+01   4.7480253446E-02
  8.5670000000E+01   4.8180342647E-02
  8.5680000000E+01   4.8788588986E-02
  8.5690000000E+01   4.9286349719E-02
  8.5700000000E+01   4.9661328204E-02
  8.5710000000E+01   4.9906125235E-02
  8.5720000000E+01   5.0016088850E-02
  8.5730000000E+01   4.9987369356E-02
  8.5740000000E+01   4.9815421908E-02
  8.5750000000E+01   4.9494130949E-02
  8.5760000000E+01   4.9015563383E-02
  8.5770000000E+01   4.8370627412E-02
  8.5780000000E+01   4.7550555239E-02
  8.5790000000E+01   4.6548909036E-02
  8.5800000000E+01   4.5364017175E-02
  8.5810000000E+01   4.4001567966E-02
  8.5820000000E+01   4.2476797804E-02
  8.5830000000E+01   4.0816015754E-02
  8.5840000000E+01   3.9057189856E-02
  8.5850000000E+01   3.7249118967E-02
  8.5860000000E+01   3.5449409118E-02
  8.5870000000E+01   3.3721137416E-02
  8.5880000000E+01   3.2128627395E-02
  8.5890000000E+01   3.0732458426E-02
  8.5900000000E+01   2.9584797268E-02
  8.5910000000E+01   2.8725025959E-02
  8.5920000000E+01   2.8176573554E-02
  8.5930000000E+01   2.7945151038E-02
  8.5940000000E+01   2.8018570757E-02
  8.5950000000E+01   2.8368017481E-02
  8.5960000000E+01   2.8950615558E-02
  8.5970000000E+01   2.9712946725E-02
  8.5980000000E+01   3.0594582002E-02
  8.5990000000E+01   3.1532132955E-02
  8.6000000000E+01   3.2462064275E-02
  8.6010000000E+01   3.3323734161E-02
  8.6020000000E+01   3.4061356130E-02
  8.6030000000E+01   3.4625477613E-02
  8.6040000000E+01   3.4974321421E-02
  8.6050000000E+01   3.5074881753E-02
  8.6060000000E+01   3.4904193650E-02
  8.6070000000E+01   3.4450737048E-02
  8.6080000000E+01   3.3715626274E-02
  8.6090000000E+01   3.2714235179E-02
  8.6100000000E+01   3.1476989741E-02
  8.6110000000E+01   3.0050108741E-02
  8.6120000000E+01   2.8495274458E-02
  8.6130000000E+01   2.6888542577E-02
  8.6140000000E+01   2.5318242363E-02
  8.6150000000E+01   2.3881630042E-02
  8.6160000000E+01   2.2680698607E-02
  8.6170000000E+01   2.1816995272E-02
  8.6180000000E+01   2.1385520904E-02
  8.6190000000E+01   2.1468419286E-02
  8.6200000000E+01   2.2128431164E-02
  8.6210000000E+01   2.3402837352E-02
  8.6220000000E+01   2.5298143695E-02
  8.6230000000E+01   2.7786804596E-02
  8.6240000000E+01   3.0805787968E-02
  8.6250000000E+01   3.4257801694E-02
  8.6260000000E+01   3.8015469675E-02
  8.6270000000E+01   4.1928283253E-02
  8.6280000000E+01   4.5831958264E-02
  8.6290000000E+01   4.9559401153E-02
  8.6300000000E+01   5.2952374002E-02
  8.6310000000E+01   5.5872547839E-02
  8.6320000000E+01   5.8210991933E-02
  8.6330000000E+01   5.9895050858E-02
  8.6340000000E+01   6.0891881852E-02
  8.6350000000E+01   6.1208684611E-02
  8.6360000000E+01   6.0889695581E-02
  8.6370000000E+01   6.0010619328E-02
  8.6380000000E+01   5.8671433802E-02
  8.6390000000E+01   5.6988456446E-02
  8.6400000000E+01   5.5086525984E-02
  8.6410000000E+01   5.3091948224E-02
  8.6420000000E+01   5.1126566567E-02
  8.6430000000E+01   4.9302882617E-02
  8.6440000000E+01   4.7720215603E-02
  8.6450000000E+01   4.6461594652E-02
  8.6460000000E+01   4.5590920097E-02
  8.6470000000E+01   4.5150707074E-02
  8.6480000000E+01   4.5160304347E-02
  8.6490000000E+01   4.5614866517E-02
  8.6500000000E+01   4.6485379107E-02
  8.6510000000E+01   4.7720301861E-02
  8.6520000000E+01   4.9248739740E-02
  8.6530000000E+01   5.0985298528E-02
  8.6540000000E+01   5.2836095624E-02
  8.6550000000E+01   5.4705405733E-02
  8.6560000000E+01   5.6502166095E-02
  8.6570000000E+01   5.8145583813E-02
  8.6580000000E+01   5.9569279356E-02
  8.6590000000E+01   6.0723432413E-02
  8.6600000000E+01   6.1575380900E-02
  8.6610000000E+01   6.2108481292E-02
  8.6620000000E+01   6.2320176719E-02
  8.6630000000E+01   6.2219686235E-02
  8.6640000000E+01   6.1826166053E-02
  8.6650000000E+01   6.1167409278E-02
  8.6660000000E+01   6.0279319505E-02
  8.6670000000E+01   5.9205925884E-02
  8.6680000000E+01   5.7999134865E-02
  8.6690000000E+01   5.6718019480E-02
  8.6700000000E+01   5.5426960117E-02
  8.6710000000E+01   5.4191722557E-02
  8.6720000000E+01   5.3075018250E-02
  8.6730000000E+01   5.2130104003E-02
  8.6740000000E+01   5.1394830259E-02
  8.6750000000E+01   5.0886263046E-02
  8.6760000000E+01   5.0597098542E-02
  8.6770000000E+01   5.0495058907E-02
  8.6780000000E+01   5.0525060880E-02
  8.6790000000E+01   5.0614855241E-02
  8.6800000000E+01   5.0683071479E-02
  8.6810000000E+01   5.0648892468E-02
  8.6820000000E+01   5.0442019474E-02
  8.6830000000E+01   5.0011714228E-02
  8.6840000000E+01   4.9333418051E-02
  8.6850000000E+01   4.8412531921E-02
  8.6860000000E+01   4.7284436848E-02
  8.6870000000E+01   4.6011295759E-02
  8.6880000000E+01   4.4675872961E-02
  8.6890000000E+01   4.3373410098E-02
  8.6900000000E+01   4.2202476804E-02
  8.6910000000E+01   4.1255875436E-02
  8.6920000000E+01   4.0612652675E-02
  8.6930000000E+01   4.0331539713E-02
  8.6940000000E+01   4.0446966179E-02
  8.6950000000E+01   4.0966503143E-02
  8.6960000000E+01   4.1871698973E-02
  8.6970000000E+01   4.3119997703E-02
  8.6980000000E+01   4.4649230745E-02
  8.6990000000E+01   4.6382911045E-02
  8.7000000000E+01   4.8236809593E-02
  8.7010000000E+01   5.0125819434E-02
  8.7020000000E+01   5.1970576438E-02
  8.7030000000E+01   5.3703339798E-02
  8.7040000000E+01   5.5272356720E-02
  8.7050000000E+01   5.6644334566E-02
  8.7060000000E+01   5.7805060097E-02
  8.7070000000E+01   5.8757911088E-02
  8.7080000000E+01   5.9520601178E-02
  8.7090000000E+01   6.0120800531E-02
  8.7100000000E+01   6.0591707849E-02
  8.7110000000E+01   6.0967730768E-02
  8.7120000000E+01   6.1281298123E-02
  8.7130000000E+01   6.1561066574E-02
  8.7140000000E+01   6.1831264050E-02
  8.7150000000E+01   6.2112506419E-02
  8.7160000000E+01   6.2422666441E-02
  8.7170000000E+01   6.2778038308E-02
  8.7180000000E+01   6.3193579984E-02
  8.7190000000E+01   6.3682257084E-02
  8.7200000000E+01   6.4253647110E-02
  8.7210000000E+01   6.4911604369E-02
  8.7220000000E+01   6.5652402662E-02
  8.7230000000E+01   6.6463107233E-02
  8.7240000000E+01   6.7321733575E-02
  8.7250000000E+01   6.8198660578E-02
  8.7260000000E+01   6.9060004178E-02
  8.7270000000E+01   6.9871940715E-02
  8.7280000000E+01   7.0605575813E-02
  8.7290000000E+01   7.1241180676E-02
  8.7300000000E+01   7.1771317890E-02
  8.7310000000E+01   7.2201584328E-02
  8.7320000000E+01   7.2549498331E-02
  8.7330000000E+01   7.2841142217E-02
  8.7340000000E+01   7.3106703148E-02
  8.7350000000E+01   7.3375376749E-02
  8.7360000000E+01   7.3670998839E-02
  8.7370000000E+01   7.4009013518E-02
  8.7380000000E+01   7.4395285196E-02
  8.7390000000E+01   7.4826818063E-02
  8.7400000000E+01   7.5294143173E-02
  8.7410000000E+01   7.5784174467E-02
  8.7420000000E+01   7.6283622603E-02
  8.7430000000E+01   7.6781165265E-02
  8.7440000000E+01   7.7268336367E-02
  8.7450000000E+01   7.7739115035E-02
  8.7460000000E+01   7.8187605432E-02
  8.7470000000E+01   7.8605510633E-02
  8.7480000000E+01   7.8979064747E-02
  8.7490000000E+01   7.9286776579E-02
  8.7500000000E+01   7.9498677417E-02
  8.7510000000E+01   7.9577470881E-02
  8.7520000000E+01   7.9481574851E-02
  8.7530000000E+01   7.9169654896E-02
  8.7540000000E+01   7.8606309554E-02
  8.7550000000E+01   7.7767516637E-02
  8.7560000000E+01   7.6645475131E-02
  8.7570000000E+01   7.5251249341E-02
  8.7580000000E+01   7.3615520920E-02
  8.7590000000E+01   7.1786499868E-02
  8.7600000000E+01   6.9825852419E-02
  8.7610000000E+01   6.7802971768E-02
  8.7620000000E+01   6.5788264102E-02
  8.7630000000E+01   6.3847331657E-02
  8.7640000000E+01   6.2035562451E-02
  8.7650000000E+01   6.0394940313E-02
  8.7660000000E+01   5.8952568093E-02
  8.7670000000E+01   5.7721012518E-02
  8.7680000000E+01   5.6699933979E-02
  8.7690000000E+01   5.5878655729E-02
  8.7700000000E+01   5.5238427578E-02
  8.7710000000E+01   5.4754424540E-02
  8.7720000000E+01   5.4397106749E-02
  8.7730000000E+01   5.4132957941E-02
  8.7740000000E+01   5.3924686009E-02
  8.7750000000E+01   5.3731820654E-02
  8.7760000000E+01   5.3511727324E-02
  8.7770000000E+01   5.3221705937E-02
  8.7780000000E+01   5.2821770909E-02
  8.7790000000E+01   5.2278470691E-02
  8.7800000000E+01   5.1568828427E-02
  8.7810000000E+01   5.0683931083E-02
  8.7820000000E+01   4.9631272071E-02
  8.7830000000E+01   4.8435599153E-02
  8.7840000000E+01   4.7137727928E-02
  8.7850000000E+01   4.5791670916E-02
  8.7860000000E+01   4.4460130257E-02
  8.7870000000E+01   4.3209029404E-02
  8.7880000000E+01   4.2102083396E-02
  8.7890000000E+01   4.1196169535E-02
  8.7900000000E+01   4.0537727046E-02
  8.7910000000E+01   4.0160744119E-02
  8.7920000000E+01   4.0086501525E-02
  8.7930000000E+01   4.0323869281E-02
  8.7940000000E+01   4.0871136971E-02
  8.7950000000E+01   4.1717482669E-02
  8.7960000000E+01   4.2844238369E-02
  8.7970000000E+01   4.4225886284E-02
  8.7980000000E+01   4.5830394746E-02
  8.7990000000E+01   4.7619616906E-02
  8.8000000000E+01   4.9549953348E-02
  8.8010000000E+01   5.1573751487E-02
  8.8020000000E+01   5.3641724496E-02
  8.8030000000E+01   5.5706350441E-02
  8.8040000000E+01   5.7725956934E-02
  8.8050000000E+01   5.9668647836E-02
  8.8060000000E+01   6.1515102238E-02
  8.8070000000E+01   6.3260161011E-02
  8.8080000000E+01   6.4911391767E-02
  8.8090000000E+01   6.6485935614E-02
  8.8100000000E+01   6.8004908729E-02
  8.8110000000E+01   6.9486638972E-02
  8.8120000000E+01   7.0939988670E-02
  8.8130000000E+01   7.2358843388E-02
  8.8140000000E+01   7.3718913858E-02
  8.8150000000E+01   7.4977598104E-02
  8.8160000000E+01   7.6077345814E-02
  8.8170000000E+01   7.6951670274E-02
  8.8180000000E+01   7.7533561668E-02
  8.8190000000E+01   7.7764209694E-02
  8.8200000000E+01   7.7601800576E-02
  8.8210000000E+01   7.7028199328E-02
  8.8220000000E+01   7.6053075632E-02
  8.8230000000E+01   7.4714646404E-02
  8.8240000000E+01   7.3076867177E-02
  8.8250000000E+01   7.1224160864E-02
  8.8260000000E+01   6.9253346244E-02
  8.8270000000E+01   6.7264401866E-02
  8.8280000000E+01   6.5351178745E-02
  8.8290000000E+01   6.3592881643E-02
  8.8300000000E+01   6.2047424946E-02
  8.8310000000E+01   6.0747344033E-02
  8.8320000000E+01   5.9698527186E-02
  8.8330000000E+01   5.8881855125E-02
  8.8340000000E+01   5.8257444902E-02
  8.8350000000E+01   5.7770695306E-02
  8.8360000000E+01   5.7359437979E-02
  8.8370000000E+01   5.6961394313E-02
  8.8380000000E+01   5.6520794373E-02
  8.8390000000E+01   5.5993772915E-02
  8.8400000000E+01   5.5351913198E-02
  8.8410000000E+01   5.4583973249E-02
  8.8420000000E+01   5.3695644944E-02
  8.8430000000E+01   5.2707884386E-02
  8.8440000000E+01   5.1653944594E-02
  8.8450000000E+01   5.0575486638E-02
  8.8460000000E+01   4.9518741777E-02
  8.8470000000E+01   4.8530092026E-02
  8.8480000000E+01   4.7652174402E-02
  8.8490000000E+01   4.6920294904E-02
  8.8500000000E+01   4.6359444069E-02
  8.8510000000E+01   4.5982256226E-02
  8.8520000000E+01   4.5787948141E-02
  8.8530000000E+01   4.5762559702E-02
  8.8540000000E+01   4.5880288395E-02
  8.8550000000E+01   4.6105711640E-02
  8.8560000000E+01   4.6397414902E-02
  8.8570000000E+01   4.6711313478E-02
  8.8580000000E+01   4.7004345852E-02
  8.8590000000E+01   4.7237319867E-02
  8.8600000000E+01   4.7377306871E-02
  8.8610000000E+01   4.7398093069E-02
  8.8620000000E+01   4.7280867139E-02
  8.8630000000E+01   4.7013493676E-02
  8.8640000000E+01   4.6589868641E-02
  8.8650000000E+01   4.6009627600E-02
  8.8660000000E+01   4.5278150343E-02
  8.8670000000E+01   4.4407588619E-02
  8.8680000000E+01   4.3418284780E-02
  8.8690000000E+01   4.2340248269E-02
  8.8700000000E+01   4.1214472322E-02
  8.8710000000E+01   4.0093066793E-02
  8.8720000000E+01   3.9038151159E-02
  8.8730000000E+01   3.8118801119E-02
  8.8740000000E+01   3.7406616831E-02
  8.8750000000E+01   3.6969927593E-02
  8.8760000000E+01   3.6867089243E-02
  8.8770000000E+01   3.7140317534E-02
  8.8780000000E+01   3.7810198156E-02
  8.8790000000E+01   3.8871893019E-02
  8.8800000000E+01   4.0293720551E-02
  8.8810000000E+01   4.2018131154E-02
  8.8820000000E+01   4.3965195158E-02
  8.8830000000E+01   4.6038227180E-02
  8.8840000000E+01   4.8130688457E-02
  8.8850000000E+01   5.0134081969E-02
  8.8860000000E+01   5.1945638946E-02
  8.8870000000E+01   5.3475236157E-02
  8.8880000000E+01   5.4650876849E-02
  8.8890000000E+01   5.5422528797E-02
  8.8900000000E+01   5.5763980371E-02
  8.8910000000E+01   5.5672887610E-02
  8.8920000000E+01   5.5169143627E-02
  8.8930000000E+01   5.4292210608E-02
  8.8940000000E+01   5.3097242744E-02
  8.8950000000E+01   5.1650953406E-02
  8.8960000000E+01   5.0027129413E-02
  8.8970000000E+01   4.8302055785E-02
  8.8980000000E+01   4.6550250980E-02
  8.8990000000E+01   4.4840671061E-02
  8.9000000000E+01   4.3233149442E-02
  8.9010000000E+01   4.1775639274E-02
  8.9020000000E+01   4.0502324953E-02
  8.9030000000E+01   3.9432599507E-02
  8.9040000000E+01   3.8571180513E-02
  8.9050000000E+01   3.7909500782E-02
  8.9060000000E+01   3.7427965377E-02
  8.9070000000E+01   3.7099556551E-02
  8.9080000000E+01   3.6893810640E-02
  8.9090000000E+01   3.6781309356E-02
  8.9100000000E+01   3.6737889099E-02
  8.9110000000E+01   3.6748120935E-02
  8.9120000000E+01   3.6807640877E-02
  8.9130000000E+01   3.6923691830E-02
  8.9140000000E+01   3.7114180148E-02
  8.9150000000E+01   3.7404621607E-02
  8.9160000000E+01   3.7823841992E-02
  8.9170000000E+01   3.8398671443E-02
  8.9180000000E+01   3.9148146413E-02
  8.9190000000E+01   4.0078514107E-02
  8.9200000000E+01   4.1179104664E-02
  8.9210000000E+01   4.2420422086E-02
  8.9220000000E+01   4.3754169517E-02
  8.9230000000E+01   4.5115883449E-02
  8.9240000000E+01   4.6429583103E-02
  8.9250000000E+01   4.7614259301E-02
  8.9260000000E+01   4.8591327516E-02
  8.9270000000E+01   4.9292399934E-02
  8.9280000000E+01   4.9666119481E-02
  8.9290000000E+01   4.9683932393E-02
  8.9300000000E+01   4.9343570894E-02
  8.9310000000E+01   4.8670253860E-02
  8.9320000000E+01   4.7715395396E-02
  8.9330000000E+01   4.6553068827E-02
  8.9340000000E+01   4.5274298099E-02
  8.9350000000E+01   4.3980190044E-02
  8.9360000000E+01   4.2774229448E-02
  8.9370000000E+01   4.1754547982E-02
  8.9380000000E+01   4.1006571155E-02
  8.9390000000E+01   4.0596877450E-02
  8.9400000000E+01   4.0568417106E-02
  8.9410000000E+01   4.0937622775E-02
  8.9420000000E+01   4.1693050918E-02
  8.9430000000E+01   4.2796438416E-02
  8.9440000000E+01   4.4185370939E-02
  8.9450000000E+01   4.5777706343E-02
  8.9460000000E+01   4.7477448176E-02
  8.9470000000E+01   4.9181820485E-02
  8.9480000000E+01   5.0789018649E-02
  8.9490000000E+01   5.2205970874E-02
  8.9500000000E+01   5.3355815715E-02
  8.9510000000E+01   5.4184213345E-02
  8.9520000000E+01   5.4663948849E-02
  8.9530000000E+01   5.4797301852E-02
  8.9540000000E+01   5.4615951323E-02
  8.9550000000E+01   5.4178171300E-02
  8.9560000000E+01   5.3563529881E-02
  8.9570000000E+01   5.2865655405E-02
  8.9580000000E+01   5.2183641255E-02
  8.9590000000E+01   5.1613029368E-02
  8.9600000000E+01   5.1237150917E-02
  8.9610000000E+01   5.1120025225E-02
  8.9620000000E+01   5.1300964812E-02
  8.9630000000E+01   5.1791674759E-02
  8.9640000000E+01   5.2575739340E-02
  8.9650000000E+01   5.3610299772E-02
  8.9660000000E+01   5.4829818068E-02
  8.9670000000E+01   5.6150989497E-02
  8.9680000000E+01   5.7478621497E-02
  8.9690000000E+01   5.8711950933E-02
  8.9700000000E+01   5.9750953064E-02
  8.9710000000E+01   6.0502367171E-02
  8.9720000000E+01   6.0885487496E-02
  8.9730000000E+01   6.0837340275E-02
  8.9740000000E+01   6.0317141537E-02
  8.9750000000E+01   5.9309933979E-02
  8.9760000000E+01   5.7828929074E-02
  8.9770000000E+01   5.5916375041E-02
  8.9780000000E+01   5.3642426094E-02
  8.9790000000E+01   5.1102248149E-02
  8.9800000000E+01   4.8410917896E-02
  8.9810000000E+01   4.5696437279E-02
  8.9820000000E+01   4.3091472114E-02
  8.9830000000E+01   4.0724392479E-02
  8.9840000000E+01   3.8710273506E-02
  8.9850000000E+01   3.7142927945E-02
  8.9860000000E+01   3.6088393477E-02
  8.9870000000E+01   3.5580916341E-02
  8.9880000000E+01   3.5621116086E-02
  8.9890000000E+01   3.6177029202E-02
  8.9900000000E+01   3.7187422547E-02
  8.9910000000E+01   3.8566795677E-02
  8.9920000000E+01   4.0212108708E-02
  8.9930000000E+01   4.2009801557E-02
  8.9940000000E+01   4.3843371107E-02
  8.9950000000E+01   4.5600273459E-02
  8.9960000000E+01   4.7178297451E-02
  8.9970000000E+01   4.8490766874E-02
  8.9980000000E+01   4.9470619679E-02
  8.9990000000E+01   5.0073047272E-02
  9.0000000000E+01   5.0276716061E-02
  9.0010000000E+01   5.0083462443E-02
  9.0020000000E+01   4.9516732995E-02
  9.0030000000E+01   4.8618245482E-02
  9.0040000000E+01   4.7444038877E-02
  9.0050000000E+01   4.6059436914E-02
  9.0060000000E+01   4.4533688169E-02
  9.0070000000E+01   4.2934756697E-02
  9.0080000000E+01   4.1324450836E-02
  9.0090000000E+01   3.9754594063E-02
  9.0100000000E+01   3.8264435907E-02
  9.0110000000E+01   3.6879008442E-02
  9.0120000000E+01   3.5609131010E-02
  9.0130000000E+01   3.4452369273E-02
  9.0140000000E+01   3.3395092268E-02
  9.0150000000E+01   3.2414967560E-02
  9.0160000000E+01   3.1484058368E-02
  9.0170000000E+01   3.0572040186E-02
  9.0180000000E+01   2.9649548404E-02
  9.0190000000E+01   2.8690941821E-02
  9.0200000000E+01   2.7677090349E-02
  9.0210000000E+01   2.6597154553E-02
  9.0220000000E+01   2.5450431969E-02
  9.0230000000E+01   2.4246820966E-02
  9.0240000000E+01   2.3007178568E-02
  9.0250000000E+01   2.1762686785E-02
  9.0260000000E+01   2.0553769923E-02
  9.0270000000E+01   1.9428530642E-02
  9.0280000000E+01   1.8440749826E-02
  9.0290000000E+01   1.7647527597E-02
  9.0300000000E+01   1.7106919929E-02
  9.0310000000E+01   1.6875285860E-02
  9.0320000000E+01   1.7004432755E-02
  9.0330000000E+01   1.7538797124E-02
  9.0340000000E+01   1.8512704687E-02
  9.0350000000E+01   1.9947777302E-02
  9.0360000000E+01   2.1850774446E-02
  9.0370000000E+01   2.4212218996E-02
  9.0380000000E+01   2.7005791589E-02
  9.0390000000E+01   3.0188904607E-02
  9.0400000000E+01   3.3704601890E-02
  9.0410000000E+01   3.7484397230E-02
  9.0420000000E+01   4.1451906497E-02
  9.0430000000E+01   4.5527145649E-02
  9.0440000000E+01   4.9630529215E-02
  9.0450000000E+01   5.3686520359E-02
  9.0460000000E+01   5.7626172743E-02
  9.0470000000E+01   6.1388540369E-02
  9.0480000000E+01   6.4920990997E-02
  9.0490000000E+01   6.8178375261E-02
  9.0500000000E+01   7.1121383270E-02
  9.0510000000E+01   7.3714790276E-02
  9.0520000000E+01   7.5926010676E-02
  9.0530000000E+01   7.7723988069E-02
  9.0540000000E+01   7.9079435065E-02
  9.0550000000E+01   7.9965651619E-02
  9.0560000000E+01   8.0360661760E-02
  9.0570000000E+01   8.0249966063E-02
  9.0580000000E+01   7.9629432083E-02
  9.0590000000E+01   7.8508607337E-02
  9.0600000000E+01   7.6912778253E-02
  9.0610000000E+01   7.4884683015E-02
  9.0620000000E+01   7.2484391275E-02
  9.0630000000E+01   6.9787922268E-02
  9.0640000000E+01   6.6884064457E-02
  9.0650000000E+01   6.3870103510E-02
  9.0660000000E+01   6.0846267131E-02
  9.0670000000E+01   5.7909972660E-02
  9.0680000000E+01   5.5150117676E-02
  9.0690000000E+01   5.2642297757E-02
  9.0700000000E+01   5.0445267076E-02
  9.0710000000E+01   4.8599201301E-02
  9.0720000000E+01   4.7125689620E-02
  9.0730000000E+01   4.6029364011E-02
  9.0740000000E+01   4.5300700361E-02
  9.0750000000E+01   4.4919802029E-02
  9.0760000000E+01   4.4859923684E-02
  9.0770000000E+01   4.5091105698E-02
  9.0780000000E+01   4.5582684788E-02
  9.0790000000E+01   4.6304952736E-02
  9.0800000000E+01   4.7229687352E-02
  9.0810000000E+01   4.8329614857E-02
  9.0820000000E+01   4.9577303651E-02
  9.0830000000E+01   5.0943447177E-02
  9.0840000000E+01   5.2395065611E-02
  9.0850000000E+01   5.3894029610E-02
  9.0860000000E+01   5.5396236668E-02
  9.0870000000E+01   5.6851667929E-02
  9.0880000000E+01   5.8205888145E-02
  9.0890000000E+01   5.9402294139E-02
  9.0900000000E+01   6.0386022222E-02
  9.0910000000E+01   6.1108447453E-02
  9.0920000000E+01   6.1532235311E-02
  9.0930000000E+01   6.1636060489E-02
  9.0940000000E+01   6.1418295890E-02
  9.0950000000E+01   6.0899453955E-02
  9.0960000000E+01   6.0121920495E-02
  9.0970000000E+01   5.9147746448E-02
  9.0980000000E+01   5.8053724221E-02
  9.0990000000E+01   5.6924528816E-02
  9.1000000000E+01   5.5844453779E-02
  9.1010000000E+01   5.4888974496E-02
  9.1020000000E+01   5.4116755222E-02
  9.1030000000E+01   5.3563550634E-02
  9.1040000000E+01   5.3238652633E-02
  9.1050000000E+01   5.3124598409E-02
  9.1060000000E+01   5.3179924724E-02
  9.1070000000E+01   5.3344947648E-02
  9.1080000000E+01   5.3549697486E-02
  9.1090000000E+01   5.3722975127E-02
  9.1100000000E+01   5.3801360187E-02
  9.1110000000E+01   5.3736900955E-02
  9.1120000000E+01   5.3502466597E-02
  9.1130000000E+01   5.3094372645E-02
  9.1140000000E+01   5.2531310508E-02
  9.1150000000E+01   5.1850877261E-02
  9.1160000000E+01   5.1103358983E-02
  9.1170000000E+01   5.0344294678E-02
  9.1180000000E+01   4.9626789764E-02
  9.1190000000E+01   4.8994682478E-02
  9.1200000000E+01   4.8477321681E-02
  9.1210000000E+01   4.8087029981E-02
  9.1220000000E+01   4.7818653887E-02
  9.1230000000E+01   4.7651783902E-02
  9.1240000000E+01   4.7554373887E-02
  9.1250000000E+01   4.7487477073E-02
  9.1260000000E+01   4.7410181398E-02
  9.1270000000E+01   4.7283838463E-02
  9.1280000000E+01   4.7075493753E-02
  9.1290000000E+01   4.6759808631E-02
  9.1300000000E+01   4.6320330506E-02
  9.1310000000E+01   4.5749265130E-02
  9.1320000000E+01   4.5047641760E-02
  9.1330000000E+01   4.4224656782E-02
  9.1340000000E+01   4.3297752184E-02
  9.1350000000E+01   4.2292564583E-02
  9.1360000000E+01   4.1243168178E-02
  9.1370000000E+01   4.0191771532E-02
  9.1380000000E+01   3.9188213202E-02
  9.1390000000E+01   3.8288060683E-02
  9.1400000000E+01   3.7550016806E-02
  9.1410000000E+01   3.7032071579E-02
  9.1420000000E+01   3.6787036538E-02
  9.1430000000E+01   3.6857969104E-02
  9.1440000000E+01   3.7273650891E-02
  9.1450000000E+01   3.8045520598E-02
  9.1460000000E+01   3.9165710060E-02
  9.1470000000E+01   4.0606973376E-02
  9.1480000000E+01   4.2324688994E-02
  9.1490000000E+01   4.4259963188E-02
  9.1500000000E+01   4.6344511471E-02
  9.1510000000E+01   4.8505974381E-02
  9.1520000000E+01   5.0673348688E-02
  9.1530000000E+01   5.2781980174E-02
  9.1540000000E+01   5.4777514056E-02
  9.1550000000E+01   5.6618944337E-02
  9.1560000000E+01   5.8279938294E-02
  9.1570000000E+01   5.9749104759E-02
  9.1580000000E+01   6.1028911215E-02
  9.1590000000E+01   6.2133638883E-02
  9.1600000000E+01   6.3086690186E-02
  9.1610000000E+01   6.3917251777E-02
  9.1620000000E+01   6.4657219334E-02
  9.1630000000E+01   6.5337643153E-02
  9.1640000000E+01   6.5985908415E-02
  9.1650000000E+01   6.6623302049E-02
  9.1660000000E+01   6.7263074919E-02
  9.1670000000E+01   6.7909618935E-02
  9.1680000000E+01   6.8558335142E-02
  9.1690000000E+01   6.9196416159E-02
  9.1700000000E+01   6.9804759546E-02
  9.1710000000E+01   7.0360464001E-02
  9.1720000000E+01   7.0840003643E-02
  9.1730000000E+01   7.1222793960E-02
  9.1740000000E+01   7.1494653767E-02
  9.1750000000E+01   7.1650971565E-02
  9.1760000000E+01   7.1698921660E-02
  9.1770000000E+01   7.1658530709E-02
  9.1780000000E+01   7.1562486557E-02
  9.1790000000E+01   7.1454106863E-02
  9.1800000000E+01   7.1383827323E-02
  9.1810000000E+01   7.1404425267E-02
  9.1820000000E+01   7.1565147939E-02
  9.1830000000E+01   7.1905533065E-02
  9.1840000000E+01   7.2449500991E-02
  9.1850000000E+01   7.3200418838E-02
  9.1860000000E+01   7.4137953725E-02
  9.1870000000E+01   7.5216728858E-02
  9.1880000000E+01   7.6367918211E-02
  9.1890000000E+01   7.7502925015E-02
  9.1900000000E+01   7.8519502615E-02
  9.1910000000E+01   7.9309555376E-02
  9.1920000000E+01   7.9767935881E-02
  9.1930000000E+01   7.9801391118E-02
  9.1940000000E+01   7.9336907131E-02
  9.1950000000E+01   7.8328319484E-02
  9.1960000000E+01   7.6761124185E-02
  9.1970000000E+01   7.4654120348E-02
  9.1980000000E+01   7.2058939445E-02
  9.1990000000E+01   6.9056512168E-02
  9.2000000000E+01   6.5751195911E-02
  9.2010000000E+01   6.2263451405E-02
  9.2020000000E+01   5.8721116594E-02
  9.2030000000E+01   5.5250924365E-02
  9.2040000000E+01   5.1970233106E-02
  9.2050000000E+01   4.8980379628E-02
  9.2060000000E+01   4.6361811992E-02
  9.2070000000E+01   4.4171569909E-02
  9.2080000000E+01   4.2442856502E-02
  9.2090000000E+01   4.1186856102E-02
  9.2100000000E+01   4.0395795109E-02
  9.2110000000E+01   4.0047102143E-02
  9.2120000000E+01   4.0107383754E-02
  9.2130000000E+01   4.0535877762E-02
  9.2140000000E+01   4.1286770106E-02
  9.2150000000E+01   4.2310163586E-02
  9.2160000000E+01   4.3552221382E-02
  9.2170000000E+01   4.4953977329E-02
  9.2180000000E+01   4.6450862573E-02
  9.2190000000E+01   4.7972331348E-02
  9.2200000000E+01   4.9442866449E-02
  9.2210000000E+01   5.0784429977E-02
  9.2220000000E+01   5.1920377419E-02
  9.2230000000E+01   5.2780462952E-02
  9.2240000000E+01   5.3306307930E-02
  9.2250000000E+01   5.3456466567E-02
  9.2260000000E+01   5.3210492436E-02
  9.2270000000E+01   5.2570961651E-02
  9.2280000000E+01   5.1563845763E-02
  9.2290000000E+01   5.0236387386E-02
  9.2300000000E+01   4.8653338379E-02
  9.2310000000E+01   4.6891828215E-02
  9.2320000000E+01   4.5035463639E-02
  9.2330000000E+01   4.3168596505E-02
  9.2340000000E+01   4.1370765482E-02
  9.2350000000E+01   3.9712484751E-02
  9.2360000000E+01   3.8251934445E-02
  9.2370000000E+01   3.7033090561E-02
  9.2380000000E+01   3.6084933658E-02
  9.2390000000E+01   3.5421628961E-02
  9.2400000000E+01   3.5043589384E-02
  9.2410000000E+01   3.4938833274E-02
  9.2420000000E+01   3.5084783249E-02
  9.2430000000E+01   3.5450077863E-02
  9.2440000000E+01   3.5996301129E-02
  9.2450000000E+01   3.6679486980E-02
  9.2460000000E+01   3.7451716831E-02
  9.2470000000E+01   3.8262416433E-02
  9.2480000000E+01   3.9059789916E-02
  9.2490000000E+01   3.9792549708E-02
  9.2500000000E+01   4.0411477580E-02
  9.2510000000E+01   4.0871771602E-02
  9.2520000000E+01   4.1135368851E-02
  9.2530000000E+01   4.1173644297E-02
  9.2540000000E+01   4.0970092623E-02
  9.2550000000E+01   4.0522834018E-02
  9.2560000000E+01   3.9846566827E-02
  9.2570000000E+01   3.8973828290E-02
  9.2580000000E+01   3.7955177645E-02
  9.2590000000E+01   3.6858112121E-02
  9.2600000000E+01   3.5764649465E-02
  9.2610000000E+01   3.4767759932E-02
  9.2620000000E+01   3.3966159015E-02
  9.2630000000E+01   3.3458531291E-02
  9.2640000000E+01   3.3337196594E-02
  9.2650000000E+01   3.3681256756E-02
  9.2660000000E+01   3.4550425150E-02
  9.2670000000E+01   3.5979535793E-02
  9.2680000000E+01   3.7974537628E-02
  9.2690000000E+01   4.0510068117E-02
  9.2700000000E+01   4.3529241252E-02
  9.2710000000E+01   4.6945709626E-02
  9.2720000000E+01   5.0647806992E-02
  9.2730000000E+01   5.4504602901E-02
  9.2740000000E+01   5.8373859357E-02
  9.2750000000E+01   6.2110530277E-02
  9.2760000000E+01   6.5575908012E-02
  9.2770000000E+01   6.8646105441E-02
  9.2780000000E+01   7.1219571242E-02
  9.2790000000E+01   7.3222730307E-02
  9.2800000000E+01   7.4613314372E-02
  9.2810000000E+01   7.5381293854E-02
  9.2820000000E+01   7.5547289434E-02
  9.2830000000E+01   7.5158548963E-02
  9.2840000000E+01   7.4283347306E-02
  9.2850000000E+01   7.3004201790E-02
  9.2860000000E+01   7.1410719713E-02
  9.2870000000E+01   6.9593035482E-02
  9.2880000000E+01   6.7636287700E-02
  9.2890000000E+01   6.5616958301E-02
  9.2900000000E+01   6.3600720106E-02
  9.2910000000E+01   6.1642254687E-02
  9.2920000000E+01   5.9786362685E-02
  9.2930000000E+01   5.8069652551E-02
  9.2940000000E+01   5.6522251105E-02
  9.2950000000E+01   5.5168780700E-02
  9.2960000000E+01   5.4028212765E-02
  9.2970000000E+01   5.3112432337E-02
  9.2980000000E+01   5.2423712672E-02
  9.2990000000E+01   5.1951666102E-02
  9.3000000000E+01   5.1670310160E-02
  9.3010000000E+01   5.1536518477E-02
  9.3020000000E+01   5.1490286955E-02
  9.3030000000E+01   5.1457568075E-02
  9.3040000000E+01   5.1355487683E-02
  9.3050000000E+01   5.1100148125E-02
  9.3060000000E+01   5.0615520438E-02
  9.3070000000E+01   4.9842764057E-02
  9.3080000000E+01   4.8748419027E-02
  9.3090000000E+01   4.7330304191E-02
  9.3100000000E+01   4.5620244777E-02
  9.3110000000E+01   4.3682857448E-02
  9.3120000000E+01   4.1610600289E-02
  9.3130000000E+01   3.9515630801E-02
  9.3140000000E+01   3.7519037310E-02
  9.3150000000E+01   3.5739353495E-02
  9.3160000000E+01   3.4281256437E-02
  9.3170000000E+01   3.3225632504E-02
  9.3180000000E+01   3.2622771569E-02
  9.3190000000E+01   3.2488232835E-02
  9.3200000000E+01   3.2802936010E-02
  9.3210000000E+01   3.3516198074E-02
  9.3220000000E+01   3.4551949402E-02
  9.3230000000E+01   3.5816753424E-02
  9.3240000000E+01   3.7209112362E-02
  9.3250000000E+01   3.8628588329E-02
  9.3260000000E+01   3.9983976012E-02
  9.3270000000E+01   4.1199830243E-02
  9.3280000000E+01   4.2220634625E-02
  9.3290000000E+01   4.3012155243E-02
  9.3300000000E+01   4.3560770451E-02
  9.3310000000E+01   4.3870241391E-02
  9.3320000000E+01   4.3957267271E-02
  9.3330000000E+01   4.3846010917E-02
  9.3340000000E+01   4.3562755190E-02
  9.3350000000E+01   4.3131071734E-02
  9.3360000000E+01   4.2568408861E-02
  9.3370000000E+01   4.1884080281E-02
  9.3380000000E+01   4.1079222568E-02
  9.3390000000E+01   4.0148173579E-02
  9.3400000000E+01   3.9081262342E-02
  9.3410000000E+01   3.7868437353E-02
  9.3420000000E+01   3.6503311964E-02
  9.3430000000E+01   3.4986752887E-02
  9.3440000000E+01   3.3330190312E-02
  9.3450000000E+01   3.1557533654E-02
  9.3460000000E+01   2.9705782237E-02
  9.3470000000E+01   2.7824449937E-02
  9.3480000000E+01   2.5973485667E-02
  9.3490000000E+01   2.4220229525E-02
  9.3500000000E+01   2.2635229532E-02
  9.3510000000E+01   2.1288129958E-02
  9.3520000000E+01   2.0243182360E-02
  9.3530000000E+01   1.9555279914E-02
  9.3540000000E+01   1.9266401783E-02
  9.3550000000E+01   1.9403176126E-02
  9.3560000000E+01   1.9975019281E-02
  9.3570000000E+01   2.0973250609E-02
  9.3580000000E+01   2.2370988338E-02
  9.3590000000E+01   2.4123739148E-02
  9.3600000000E+01   2.6170756028E-02
  9.3610000000E+01   2.8437092946E-02
  9.3620000000E+01   3.0836546979E-02
  9.3630000000E+01   3.3275355191E-02
  9.3640000000E+01   3.5656833421E-02
  9.3650000000E+01   3.7886780201E-02
  9.3660000000E+01   3.9879241935E-02
  9.3670000000E+01   4.1562176005E-02
  9.3680000000E+01   4.2882920069E-02
  9.3690000000E+01   4.3811932470E-02
  9.3700000000E+01   4.4345106494E-02
  9.3710000000E+01   4.4503835145E-02
  9.3720000000E+01   4.4332911642E-02
  9.3730000000E+01   4.3896104603E-02
  9.3740000000E+01   4.3270471403E-02
  9.3750000000E+01   4.2539391315E-02
  9.3760000000E+01   4.1785730783E-02
  9.3770000000E+01   4.1085285039E-02
  9.3780000000E+01   4.0501742638E-02
  9.3790000000E+01   4.0083380703E-02
  9.3800000000E+01   3.9861749042E-02
  9.3810000000E+01   3.9852237762E-02
  9.3820000000E+01   4.0056364218E-02
  9.3830000000E+01   4.0465405162E-02
  9.3840000000E+01   4.1064749500E-02
  9.3850000000E+01   4.1837967490E-02
  9.3860000000E+01   4.2771060133E-02
  9.3870000000E+01   4.3855016038E-02
  9.3880000000E+01   4.5087233892E-02
  9.3890000000E+01   4.6471307610E-02
  9.3900000000E+01   4.8015143097E-02
  9.3910000000E+01   4.9727831448E-02
  9.3920000000E+01   5.1615639999E-02
  9.3930000000E+01   5.3677935281E-02
  9.3940000000E+01   5.5903590116E-02
  9.3950000000E+01   5.8268507355E-02
  9.3960000000E+01   6.0735004282E-02
  9.3970000000E+01   6.3252904761E-02
  9.3980000000E+01   6.5762602597E-02
  9.3990000000E+01   6.8199237945E-02
  9.4000000000E+01   7.0498052387E-02
  9.4010000000E+01   7.2599470638E-02
  9.4020000000E+01   7.4453624124E-02
  9.4030000000E+01   7.6023445560E-02
  9.4040000000E+01   7.7286290651E-02
  9.4050000000E+01   7.8233745583E-02
  9.4060000000E+01   7.8869839387E-02
  9.4070000000E+01   7.9208314394E-02
  9.4080000000E+01   7.9269156283E-02
  9.4090000000E+01   7.9075315590E-02
  9.4100000000E+01   7.8649544043E-02
  9.4110000000E+01   7.8012327400E-02
  9.4120000000E+01   7.7180398796E-02
  9.4130000000E+01   7.6166418148E-02
  9.4140000000E+01   7.4979267093E-02
  9.4150000000E+01   7.3625103987E-02
  9.4160000000E+01   7.2108653511E-02
  9.4170000000E+01   7.0434863955E-02
  9.4180000000E+01   6.8610476120E-02
  9.4190000000E+01   6.6645347808E-02
  9.4200000000E+01   6.4553486375E-02
  9.4210000000E+01   6.2353516083E-02
  9.4220000000E+01   6.0068662535E-02
  9.4230000000E+01   5.7725783759E-02
  9.4240000000E+01   5.5354320793E-02
  9.4250000000E+01   5.2984476400E-02
  9.4260000000E+01   5.0645274618E-02
  9.4270000000E+01   4.8362711505E-02
  9.4280000000E+01   4.6158361690E-02
  9.4290000000E+01   4.4048286661E-02
  9.4300000000E+01   4.2042923676E-02
  9.4310000000E+01   4.0147513118E-02
  9.4320000000E+01   3.8362998407E-02
  9.4330000000E+01   3.6687530223E-02
  9.4340000000E+01   3.5117961162E-02
  9.4350000000E+01   3.3651357842E-02
  9.4360000000E+01   3.2286075351E-02
  9.4370000000E+01   3.1022794109E-02
  9.4380000000E+01   2.9865098890E-02
  9.4390000000E+01   2.8819697640E-02
  9.4400000000E+01   2.7896815932E-02
  9.4410000000E+01   2.7110499081E-02
  9.4420000000E+01   2.6478515382E-02
  9.4430000000E+01   2.6022639668E-02
  9.4440000000E+01   2.5768061993E-02
  9.4450000000E+01   2.5742600096E-02
  9.4460000000E+01   2.5974551739E-02
  9.4470000000E+01   2.6490054576E-02
  9.4480000000E+01   2.7309284395E-02
  9.4490000000E+01   2.8442122769E-02
  9.4500000000E+01   2.9883945830E-02
  9.4510000000E+01   3.1611896837E-02
  9.4520000000E+01   3.3582787690E-02
  9.4530000000E+01   3.5733233918E-02
  9.4540000000E+01   3.7982261847E-02
  9.4550000000E+01   4.0236551315E-02
  9.4560000000E+01   4.2398058139E-02
  9.4570000000E+01   4.4372535278E-02
  9.4580000000E+01   4.6078684718E-02
  9.4590000000E+01   4.7456040321E-02
  9.4600000000E+01   4.8470299943E-02
  9.4610000000E+01   4.9115424505E-02
  9.4620000000E+01   4.9412119632E-02
  9.4630000000E+01   4.9402598941E-02
  9.4640000000E+01   4.9142724668E-02
  9.4650000000E+01   4.8692477135E-02
  9.4660000000E+01   4.8106465138E-02
  9.4670000000E+01   4.7426144208E-02
  9.4680000000E+01   4.6674417052E-02
  9.4690000000E+01   4.5854391328E-02
  9.4700000000E+01   4.4951573025E-02
  9.4710000000E+01   4.3939646923E-02
  9.4720000000E+01   4.2788486299E-02
  9.4730000000E+01   4.1473397039E-02
  9.4740000000E+01   3.9983480946E-02
  9.4750000000E+01   3.8328627867E-02
  9.4760000000E+01   3.6542920405E-02
  9.4770000000E+01   3.4684800476E-02
  9.4780000000E+01   3.2833374792E-02
  9.4790000000E+01   3.1081655964E-02
  9.4800000000E+01   2.9527423203E-02
  9.4810000000E+01   2.8263252031E-02
  9.4820000000E+01   2.7366636514E-02
  9.4830000000E+01   2.6891841801E-02
  9.4840000000E+01   2.6864322918E-02
  9.4850000000E+01   2.7278228934E-02
  9.4860000000E+01   2.8097450716E-02
  9.4870000000E+01   2.9259815862E-02
  9.4880000000E+01   3.0683943675E-02
  9.4890000000E+01   3.2277619667E-02
  9.4900000000E+01   3.3946712832E-02
  9.4910000000E+01   3.5603707986E-02
  9.4920000000E+01   3.7174363228E-02
  9.4930000000E+01   3.8602470373E-02
  9.4940000000E+01   3.9851827852E-02
  9.4950000000E+01   4.0905692558E-02
  9.4960000000E+01   4.1763988524E-02
  9.4970000000E+01   4.2439004144E-02
  9.4980000000E+01   4.2950732184E-02
  9.4990000000E+01   4.3321801588E-02
  9.5000000000E+01   4.3573826983E-02
  9.5010000000E+01   4.3724815982E-02
  9.5020000000E+01   4.3788500479E-02
  9.5030000000E+01   4.3775067474E-02
  9.5040000000E+01   4.3693383023E-02
  9.5050000000E+01   4.3554038006E-02
  9.5060000000E+01   4.3372591753E-02
  9.5070000000E+01   4.3172487823E-02
  9.5080000000E+01   4.2987141660E-02
  9.5090000000E+01   4.2860470401E-02
  9.5100000000E+01   4.2845953016E-02
  9.5110000000E+01   4.3004194552E-02
  9.5120000000E+01   4.3398433267E-02
  9.5130000000E+01   4.4089469165E-02
  9.5140000000E+01   4.5129606151E-02
  9.5150000000E+01   4.6556356144E-02
  9.5160000000E+01   4.8387085048E-02
  9.5170000000E+01   5.0614552201E-02
  9.5180000000E+01   5.3204294646E-02
  9.5190000000E+01   5.6094123093E-02
  9.5200000000E+01   5.9195949555E-02
  9.5210000000E+01   6.2399929774E-02
  9.5220000000E+01   6.5580674645E-02
  9.5230000000E+01   6.8605070337E-02
  9.5240000000E+01   7.1341069199E-02
  9.5250000000E+01   7.3666693427E-02
  9.5260000000E+01   7.5478468421E-02
  9.5270000000E+01   7.6698405179E-02
  9.5280000000E+01   7.7279144084E-02
  9.5290000000E+01   7.7206535085E-02
  9.5300000000E+01   7.6499418509E-02
  9.5310000000E+01   7.5207065936E-02
  9.5320000000E+01   7.3404114956E-02
  9.5330000000E+01   7.1183704307E-02
  9.5340000000E+01   6.8649653181E-02
  9.5350000000E+01   6.5908244402E-02
  9.5360000000E+01   6.3060299400E-02
  9.5370000000E+01   6.0194508823E-02
  9.5380000000E+01   5.7382377384E-02
  9.5390000000E+01   5.4675157053E-02
  9.5400000000E+01   5.2103252592E-02
  9.5410000000E+01   4.9677601935E-02
  9.5420000000E+01   4.7393469508E-02
  9.5430000000E+01   4.5235773443E-02
  9.5440000000E+01   4.3185634087E-02
  9.5450000000E+01   4.1227235397E-02
  9.5460000000E+01   3.9354582945E-02
  9.5470000000E+01   3.7576748208E-02
  9.5480000000E+01   3.5921459915E-02
  9.5490000000E+01   3.4436033458E-02
  9.5500000000E+01   3.3185526407E-02
  9.5510000000E+01   3.2247755922E-02
  9.5520000000E+01   3.1706091262E-02
  9.5530000000E+01   3.1639953080E-02
  9.5540000000E+01   3.2114485771E-02
  9.5550000000E+01   3.3170282877E-02
  9.5560000000E+01   3.4814546235E-02
  9.5570000000E+01   3.7014485126E-02
  9.5580000000E+01   3.9694809556E-02
  9.5590000000E+01   4.2738821171E-02
  9.5600000000E+01   4.5994365150E-02
  9.5610000000E+01   4.9283762867E-02
  9.5620000000E+01   5.2417282599E-02
  9.5630000000E+01   5.5208652426E-02
  9.5640000000E+01   5.7491283641E-02
  9.5650000000E+01   5.9132972109E-02
  9.5660000000E+01   6.0048078332E-02
  9.5670000000E+01   6.0204920095E-02
  9.5680000000E+01   5.9628110410E-02
  9.5690000000E+01   5.8395348965E-02
  9.5700000000E+01   5.6628640812E-02
  9.5710000000E+01   5.4482141997E-02
  9.5720000000E+01   5.2127152810E-02
  9.5730000000E+01   4.9736827919E-02
  9.5740000000E+01   4.7472222974E-02
  9.5750000000E+01   4.5471406031E-02
  9.5760000000E+01   4.3842322356E-02
  9.5770000000E+01   4.2660288155E-02
  9.5780000000E+01   4.1969519206E-02
  9.5790000000E+01   4.1787531231E-02
  9.5800000000E+01   4.2111875311E-02
  9.5810000000E+01   4.2926953594E-02
  9.5820000000E+01   4.4210232134E-02
  9.5830000000E+01   4.5936344430E-02
  9.5840000000E+01   4.8079142986E-02
  9.5850000000E+01   5.0610966075E-02
  9.5860000000E+01   5.3500142277E-02
  9.5870000000E+01   5.6707364941E-02
  9.5880000000E+01   6.0181573067E-02
  9.5890000000E+01   6.3856881974E-02
  9.5900000000E+01   6.7650922666E-02
  9.5910000000E+01   7.1465559741E-02
  9.5920000000E+01   7.5189903022E-02
  9.5930000000E+01   7.8705463509E-02
  9.5940000000E+01   8.1893465206E-02
  9.5950000000E+01   8.4642842724E-02
  9.5960000000E+01   8.6858541496E-02
  9.5970000000E+01   8.8468959780E-02
  9.5980000000E+01   8.9431654001E-02
  9.5990000000E+01   8.9736720443E-02
  9.6000000000E+01   8.9407088017E-02
  9.6010000000E+01   8.8496174095E-02
  9.6020000000E+01   8.7082606875E-02
  9.6030000000E+01   8.5263088825E-02
  9.6040000000E+01   8.3143900216E-02
  9.6050000000E+01   8.0832461395E-02
  9.6060000000E+01   7.8429448230E-02
  9.6070000000E+01   7.6022744388E-02
  9.6080000000E+01   7.3683519569E-02
  9.6090000000E+01   7.1464669231E-02
  9.6100000000E+01   6.9401483615E-02
  9.6110000000E+01   6.7513792256E-02
  9.6120000000E+01   6.5809132458E-02
  9.6130000000E+01   6.4286160223E-02
  9.6140000000E+01   6.2937451994E-02
  9.6150000000E+01   6.1751213450E-02
  9.6160000000E+01   6.0712435586E-02
  9.6170000000E+01   5.9802844253E-02
  9.6180000000E+01   5.9000598210E-02
  9.6190000000E+01   5.8280072352E-02
  9.6200000000E+01   5.7612396271E-02
  9.6210000000E+01   5.6967002543E-02
  9.6220000000E+01   5.6314093009E-02
  9.6230000000E+01   5.5628318595E-02
  9.6240000000E+01   5.4892430537E-02
  9.6250000000E+01   5.4101123327E-02
  9.6260000000E+01   5.3263601735E-02
  9.6270000000E+01   5.2404922317E-02
  9.6280000000E+01   5.1564986235E-02
  9.6290000000E+01   5.0796227070E-02
  9.6300000000E+01   5.0158844310E-02
  9.6310000000E+01   4.9715430979E-02
  9.6320000000E+01   4.9524642641E-02
  9.6330000000E+01   4.9635462993E-02
  9.6340000000E+01   5.0082090401E-02
  9.6350000000E+01   5.0880330118E-02
  9.6360000000E+01   5.2025703252E-02
  9.6370000000E+01   5.3493236866E-02
  9.6380000000E+01   5.5238609833E-02
  9.6390000000E+01   5.7201108378E-02
  9.6400000000E+01   5.9307024638E-02
  9.6410000000E+01   6.1474255058E-02
  9.6420000000E+01   6.3617216634E-02
  9.6430000000E+01   6.5651702523E-02
  9.6440000000E+01   6.7500084227E-02
  9.6450000000E+01   6.9095710156E-02
  9.6460000000E+01   7.0386552351E-02
  9.6470000000E+01   7.1337611003E-02
  9.6480000000E+01   7.1931852759E-02
  9.6490000000E+01   7.2168995072E-02
  9.6500000000E+01   7.2062654459E-02
  9.6510000000E+01   7.1636177872E-02
  9.6520000000E+01   7.0917051817E-02
  9.6530000000E+01   6.9931669143E-02
  9.6540000000E+01   6.8700611803E-02
  9.6550000000E+01   6.7235742471E-02
  9.6560000000E+01   6.5539492653E-02
  9.6570000000E+01   6.3606871845E-02
  9.6580000000E+01   6.1429523782E-02
  9.6590000000E+01   5.9001912381E-02
  9.6600000000E+01   5.6328055009E-02
  9.6610000000E+01   5.3427889918E-02
  9.6620000000E+01   5.0342185934E-02
  9.6630000000E+01   4.7134717008E-02
  9.6640000000E+01   4.3891600626E-02
  9.6650000000E+01   4.0717284188E-02
  9.6660000000E+01   3.7727491774E-02
  9.6670000000E+01   3.5040313812E-02
  9.6680000000E+01   3.2766051877E-02
  9.6690000000E+01   3.0997061795E-02
  9.6700000000E+01   2.9799091458E-02
  9.6710000000E+01   2.9204549827E-02
  9.6720000000E+01   2.9208877381E-02
  9.6730000000E+01   2.9770096250E-02
  9.6740000000E+01   3.0811538190E-02
  9.6750000000E+01   3.2227646478E-02
  9.6760000000E+01   3.3891913935E-02
  9.6770000000E+01   3.5666376314E-02
  9.6780000000E+01   3.7411742368E-02
  9.6790000000E+01   3.8997119639E-02
  9.6800000000E+01   4.0308667738E-02
  9.6810000000E+01   4.1256157048E-02
  9.6820000000E+01   4.1777589211E-02
  9.6830000000E+01   4.1841078390E-02
  9.6840000000E+01   4.1444397761E-02
  9.6850000000E+01   4.0612314167E-02
  9.6860000000E+01   3.9392370385E-02
  9.6870000000E+01   3.7849815473E-02
  9.6880000000E+01   3.6061427312E-02
  9.6890000000E+01   3.4110037745E-02
  9.6900000000E+01   3.2079115419E-02
  9.6910000000E+01   3.0048243708E-02
  9.6920000000E+01   2.8089267475E-02
  9.6930000000E+01   2.6263478764E-02
  9.6940000000E+01   2.4619725990E-02
  9.6950000000E+01   2.3193156476E-02
  9.6960000000E+01   2.2005282402E-02
  9.6970000000E+01   2.1064447428E-02
  9.6980000000E+01   2.0367623836E-02
  9.6990000000E+01   1.9902501272E-02
  9.7000000000E+01   1.9650789797E-02
  9.7010000000E+01   1.9591247190E-02
  9.7020000000E+01   1.9703151586E-02
  9.7030000000E+01   1.9969168957E-02
  9.7040000000E+01   2.0377430251E-02
  9.7050000000E+01   2.0922496433E-02
  9.7060000000E+01   2.1605126192E-02
  9.7070000000E+01   2.2430890555E-02
  9.7080000000E+01   2.3407906714E-02
  9.7090000000E+01   2.4544098820E-02
  9.7100000000E+01   2.5844456231E-02
  9.7110000000E+01   2.7308730128E-02
  9.7120000000E+01   2.8929897339E-02
  9.7130000000E+01   3.0693575762E-02
  9.7140000000E+01   3.2578294959E-02
  9.7150000000E+01   3.4556571011E-02
  9.7160000000E+01   3.6596454473E-02
  9.7170000000E+01   3.8663247350E-02
  9.7180000000E+01   4.0721218462E-02
  9.7190000000E+01   4.2734951184E-02
  9.7200000000E+01   4.4670449126E-02
  9.7210000000E+01   4.6495909478E-02
  9.7220000000E+01   4.8182123078E-02
  9.7230000000E+01   4.9702515211E-02
  9.7240000000E+01   5.1033234833E-02
  9.7250000000E+01   5.2152712423E-02
  9.7260000000E+01   5.3041651451E-02
  9.7270000000E+01   5.3682562666E-02
  9.7280000000E+01   5.4059953371E-02
  9.7290000000E+01   5.4160702439E-02
  9.7300000000E+01   5.3974987209E-02
  9.7310000000E+01   5.3497994253E-02
  9.7320000000E+01   5.2731994285E-02
  9.7330000000E+01   5.1688974056E-02
  9.7340000000E+01   5.0393008013E-02
  9.7350000000E+01   4.8882106701E-02
  9.7360000000E+01   4.7208896875E-02
  9.7370000000E+01   4.5439701410E-02
  9.7380000000E+01   4.3651792548E-02
  9.7390000000E+01   4.1928897972E-02
  9.7400000000E+01   4.0355359538E-02
  9.7410000000E+01   3.9009712708E-02
  9.7420000000E+01   3.7958346543E-02
  9.7430000000E+01   3.7250451101E-02
  9.7440000000E+01   3.6914618074E-02
  9.7450000000E+01   3.6957707450E-02
  9.7460000000E+01   3.7365968951E-02
  9.7470000000E+01   3.8107944476E-02
  9.7480000000E+01   3.9138566338E-02
  9.7490000000E+01   4.0403580560E-02
  9.7500000000E+01   4.1843500719E-02
  9.7510000000E+01   4.3396510851E-02
  9.7520000000E+01   4.4999940735E-02
  9.7530000000E+01   4.6590777632E-02
  9.7540000000E+01   4.8104911275E-02
  9.7550000000E+01   4.9476686555E-02
  9.7560000000E+01   5.0638739672E-02
  9.7570000000E+01   5.1523025153E-02
  9.7580000000E+01   5.2063219609E-02
  9.7590000000E+01   5.2198565211E-02
  9.7600000000E+01   5.1878644356E-02
  9.7610000000E+01   5.1068722526E-02
  9.7620000000E+01   4.9754308499E-02
  9.7630000000E+01   4.7944744887E-02
  9.7640000000E+01   4.5674792987E-02
  9.7650000000E+01   4.3003953062E-02
  9.7660000000E+01   4.0013542918E-02
  9.7670000000E+01   3.6801642171E-02
  9.7680000000E+01   3.3476635811E-02
  9.7690000000E+01   3.0150047245E-02
  9.7700000000E+01   2.6929400225E-02
  9.7710000000E+01   2.3912036170E-02
  9.7720000000E+01   2.1180152873E-02
  9.7730000000E+01   1.8798004071E-02
  9.7740000000E+01   1.6810807486E-02
  9.7750000000E+01   1.5245500955E-02
  9.7760000000E+01   1.4113175498E-02
  9.7770000000E+01   1.3412311655E-02
  9.7780000000E+01   1.3132346512E-02
  9.7790000000E+01   1.3257203919E-02
  9.7800000000E+01   1.3767835082E-02
  9.7810000000E+01   1.4643754430E-02
  9.7820000000E+01   1.5863398141E-02
  9.7830000000E+01   1.7402988862E-02
  9.7840000000E+01   1.9234705854E-02
  9.7850000000E+01   2.1324132829E-02
  9.7860000000E+01   2.3627887296E-02
  9.7870000000E+01   2.6091944467E-02
  9.7880000000E+01   2.8650960076E-02
  9.7890000000E+01   3.1229498742E-02
  9.7900000000E+01   3.3744833461E-02
  9.7910000000E+01   3.6111663139E-02
  9.7920000000E+01   3.8247984285E-02
  9.7930000000E+01   4.0081998093E-02
  9.7940000000E+01   4.1558932206E-02
  9.7950000000E+01   4.2647176481E-02
  9.7960000000E+01   4.3342631371E-02
  9.7970000000E+01   4.3671230736E-02
  9.7980000000E+01   4.3688170442E-02
  9.7990000000E+01   4.3474904260E-02
  9.8000000000E+01   4.3132962010E-02
  9.8010000000E+01   4.2775910207E-02
  9.8020000000E+01   4.2519716097E-02
  9.8030000000E+01   4.2472406629E-02
  9.8040000000E+01   4.2724412672E-02
  9.8050000000E+01   4.3340206163E-02
  9.8060000000E+01   4.4352290427E-02
  9.8070000000E+01   4.5758136885E-02
  9.8080000000E+01   4.7520476327E-02
  9.8090000000E+01   4.9570849702E-02
  9.8100000000E+01   5.1816332673E-02
  9.8110000000E+01   5.4148368449E-02
  9.8120000000E+01   5.6453190479E-02
  9.8130000000E+01   5.8622345395E-02
  9.8140000000E+01   6.0562351228E-02
  9.8150000000E+01   6.2202341601E-02
  9.8160000000E+01   6.3498890047E-02
  9.8170000000E+01   6.4437444609E-02
  9.8180000000E+01   6.5030506607E-02
  9.8190000000E+01   6.5312714184E-02
  9.8200000000E+01   6.5333868857E-02
  9.8210000000E+01   6.5150752954E-02
  9.8220000000E+01   6.4819061263E-02
  9.8230000000E+01   6.4386501860E-02
  9.8240000000E+01   6.3887988229E-02
  9.8250000000E+01   6.3343348469E-02
  9.8260000000E+01   6.2757584781E-02
  9.8270000000E+01   6.2123628037E-02
  9.8280000000E+01   6.1426443889E-02
  9.8290000000E+01   6.0647970028E-02
  9.8300000000E+01   5.9771847649E-02
  9.8310000000E+01   5.8787152741E-02
  9.8320000000E+01   5.7690865872E-02
  9.8330000000E+01   5.6488470488E-02
  9.8340000000E+01   5.5193275603E-02
  9.8350000000E+01   5.3824408299E-02
  9.8360000000E+01   5.2404203953E-02
  9.8370000000E+01   5.0955474709E-02
  9.8380000000E+01   4.9499083652E-02
  9.8390000000E+01   4.8052228342E-02
  9.8400000000E+01   4.6627436518E-02
  9.8410000000E+01   4.5232554843E-02
  9.8420000000E+01   4.3871386926E-02
  9.8430000000E+01   4.2544904610E-02
  9.8440000000E+01   4.1252703530E-02
  9.8450000000E+01   3.9994629985E-02
  9.8460000000E+01   3.8772108073E-02
  9.8470000000E+01   3.7589329940E-02
  9.8480000000E+01   3.6453736449E-02
  9.8490000000E+01   3.5376132092E-02
  9.8500000000E+01   3.4370167293E-02
  9.8510000000E+01   3.3451217534E-02
  9.8520000000E+01   3.2634904480E-02
  9.8530000000E+01   3.1935101870E-02
  9.8540000000E+01   3.1361940753E-02
  9.8550000000E+01   3.0920079419E-02
  9.8560000000E+01   3.0606994470E-02
  9.8570000000E+01   3.0412418060E-02
  9.8580000000E+01   3.0318228852E-02
  9.8590000000E+01   3.0299711600E-02
  9.8600000000E+01   3.0327638090E-02
  9.8610000000E+01   3.0371221394E-02
  9.8620000000E+01   3.0401916519E-02
  9.8630000000E+01   3.0397284759E-02
  9.8640000000E+01   3.0344830148E-02
  9.8650000000E+01   3.0245129360E-02
  9.8660000000E+01   3.0114094509E-02
  9.8670000000E+01   2.9983515282E-02
  9.8680000000E+01   2.9900287200E-02
  9.8690000000E+01   2.9923692397E-02
  9.8700000000E+01   3.0121263123E-02
  9.8710000000E+01   3.0563012657E-02
  9.8720000000E+01   3.1315145410E-02
  9.8730000000E+01   3.2433074111E-02
  9.8740000000E+01   3.3955031436E-02
  9.8750000000E+01   3.5896614588E-02
  9.8760000000E+01   3.8246844706E-02
  9.8770000000E+01   4.0966499610E-02
  9.8780000000E+01   4.3988868377E-02
  9.8790000000E+01   4.7222961964E-02
  9.8800000000E+01   5.0558836319E-02
  9.8810000000E+01   5.3875037686E-02
  9.8820000000E+01   5.7046777884E-02
  9.8830000000E+01   5.9954797983E-02
  9.8840000000E+01   6.2493686139E-02
  9.8850000000E+01   6.4579109413E-02
  9.8860000000E+01   6.6153515373E-02
  9.8870000000E+01   6.7189740821E-02
  9.8880000000E+01   6.7692572116E-02
  9.8890000000E+01   6.7698124478E-02
  9.8900000000E+01   6.7271291239E-02
  9.8910000000E+01   6.6501471993E-02
  9.8920000000E+01   6.5496649237E-02
  9.8930000000E+01   6.4376440418E-02
  9.8940000000E+01   6.3264163792E-02
  9.8950000000E+01   6.2278510620E-02
  9.8960000000E+01   6.1525196774E-02
  9.8970000000E+01   6.1089350638E-02
  9.8980000000E+01   6.1028962415E-02
  9.8990000000E+01   6.1370378227E-02
  9.9000000000E+01   6.2106059551E-02
  9.9010000000E+01   6.3195081149E-02
  9.9020000000E+01   6.4566416090E-02
  9.9030000000E+01   6.6124709339E-02
  9.9040000000E+01   6.7758128257E-02
  9.9050000000E+01   6.9347347385E-02
  9.9060000000E+01   7.0774966939E-02
  9.9070000000E+01   7.1934189144E-02
  9.9080000000E+01   7.2736225061E-02
  9.9090000000E+01   7.3115353040E-02
  9.9100000000E+01   7.3032040369E-02
  9.9110000000E+01   7.2473394138E-02
  9.9120000000E+01   7.1451509431E-02
  9.9130000000E+01   7.0000248531E-02
  9.9140000000E+01   6.8170777636E-02
  9.9150000000E+01   6.6026466381E-02
  9.9160000000E+01   6.3638092053E-02
  9.9170000000E+01   6.1079037106E-02
  9.9180000000E+01   5.8421391059E-02
  9.9190000000E+01   5.5732717444E-02
  9.9200000000E+01   5.3073840266E-02
  9.9210000000E+01   5.0497298928E-02
  9.9220000000E+01   4.8046504586E-02
  9.9230000000E+01   4.5755619687E-02
  9.9240000000E+01   4.3650077420E-02
  9.9250000000E+01   4.1747607350E-02
  9.9260000000E+01   4.0059656765E-02
  9.9270000000E+01   3.8593370051E-02
  9.9280000000E+01   3.7353790083E-02
  9.9290000000E+01   3.6346272973E-02
  9.9300000000E+01   3.5578622040E-02
  9.9310000000E+01   3.5062810927E-02
  9.9320000000E+01   3.4816044949E-02
  9.9330000000E+01   3.4860650604E-02
  9.9340000000E+01   3.5222713360E-02
  9.9350000000E+01   3.5929529651E-02
  9.9360000000E+01   3.7005749618E-02
  9.9370000000E+01   3.8468866928E-02
  9.9380000000E+01   4.0324183303E-02
  9.9390000000E+01   4.2560298221E-02
  9.9400000000E+01   4.5145298504E-02
  9.9410000000E+01   4.8024784746E-02
  9.9420000000E+01   5.1121667871E-02
  9.9430000000E+01   5.4338681221E-02
  9.9440000000E+01   5.7562632448E-02
  9.9450000000E+01   6.0671040729E-02
  9.9460000000E+01   6.3539835939E-02
  9.9470000000E+01   6.6051800003E-02
  9.9480000000E+01   6.8104621162E-02
  9.9490000000E+01   6.9617744459E-02
  9.9500000000E+01   7.0537528045E-02
  9.9510000000E+01   7.0840032402E-02
  9.9520000000E+01   7.0531413518E-02
  9.9530000000E+01   6.9645960948E-02
  9.9540000000E+01   6.8242178471E-02
  9.9550000000E+01   6.6397513920E-02
  9.9560000000E+01   6.4202173284E-02
  9.9570000000E+01   6.1752916040E-02
  9.9580000000E+01   5.9146982789E-02
  9.9590000000E+01   5.6477125318E-02
  9.9600000000E+01   5.3827470569E-02
  9.9610000000E+01   5.1270764723E-02
  9.9620000000E+01   4.8866697392E-02
  9.9630000000E+01   4.6661542119E-02
  9.9640000000E+01   4.4688776307E-02
  9.9650000000E+01   4.2970240312E-02
  9.9660000000E+01   4.1518260138E-02
  9.9670000000E+01   4.0337513754E-02
  9.9680000000E+01   3.9427379158E-02
  9.9690000000E+01   3.8783641957E-02
  9.9700000000E+01   3.8399837651E-02
  9.9710000000E+01   3.8268139114E-02
  9.9720000000E+01   3.8379339406E-02
  9.9730000000E+01   3.8722391580E-02
  9.9740000000E+01   3.9283373568E-02
  9.9750000000E+01   4.0044152054E-02
  9.9760000000E+01   4.0981183633E-02
  9.9770000000E+01   4.2064468005E-02
  9.9780000000E+01   4.3257264937E-02
  9.9790000000E+01   4.4516604367E-02
  9.9800000000E+01   4.5794694797E-02
  9.9810000000E+01   4.7041429991E-02
  9.9820000000E+01   4.8207648824E-02
  9.9830000000E+01   4.9248985314E-02
  9.9840000000E+01   5.0129686229E-02
  9.9850000000E+01   5.0826250417E-02
  9.9860000000E+01   5.1330045505E-02
  9.9870000000E+01   5.1648563283E-02
  9.9880000000E+01   5.1804867919E-02
  9.9890000000E+01   5.1835493686E-02
  9.9900000000E+01   5.1786178278E-02
  9.9910000000E+01   5.1706528529E-02
  9.9920000000E+01   5.1643555683E-02
  9.9930000000E+01   5.1635452345E-02
  9.9940000000E+01   5.1706244396E-02
  9.9950000000E+01   5.1861881976E-02
  9.9960000000E+01   5.2089122038E-02
  9.9970000000E+01   5.2356974657E-02
  9.9980000000E+01   5.2620951973E-02
  9.9990000000E+01   5.2829620103E-02
  1.0000000000E+02   5.2932557099E-02
  1.0001000000E+02   5.2888479935E-02
  1.0002000000E+02   5.2672465298E-02
  1.0003000000E+02   5.2280847437E-02
  1.0004000000E+02   5.1733026024E-02
  1.0005000000E+02   5.1069725488E-02
  1.0006000000E+02   5.0347759952E-02
  1.0007000000E+02   4.9632250757E-02
  1.0008000000E+02   4.8986809358E-02
  1.0009000000E+02   4.8464018779E-02
  1.0010000000E+02   4.8096613153E-02
  1.0011000000E+02   4.7891504184E-02
  1.0012000000E+02   4.7826901952E-02
  1.0013000000E+02   4.7853438067E-02
  1.0014000000E+02   4.7898694969E-02
  1.0015000000E+02   4.7874901051E-02
  1.0016000000E+02   4.7688647247E-02
  1.0017000000E+02   4.7251251956E-02
  1.0018000000E+02   4.6488952311E-02
  1.0019000000E+02   4.5351397383E-02
  1.0020000000E+02   4.3818008124E-02
  1.0021000000E+02   4.1901156859E-02
  1.0022000000E+02   3.9646650811E-02
  1.0023000000E+02   3.7131067573E-02
  1.0024000000E+02   3.4456885874E-02
  1.0025000000E+02   3.1745417759E-02
  1.0026000000E+02   2.9128760070E-02
  1.0027000000E+02   2.6741155792E-02
  1.0028000000E+02   2.4710564790E-02
  1.0029000000E+02   2.3150752012E-02
  1.0030000000E+02   2.2154794996E-02
  1.0031000000E+02   2.1789610869E-02
  1.0032000000E+02   2.2092666043E-02
  1.0033000000E+02   2.3070215530E-02
  1.0034000000E+02   2.4697491405E-02
  1.0035000000E+02   2.6920742307E-02
  1.0036000000E+02   2.9661118522E-02
  1.0037000000E+02   3.2819766341E-02
  1.0038000000E+02   3.6284399134E-02
  1.0039000000E+02   3.9936566031E-02
  1.0040000000E+02   4.3658487667E-02
  1.0041000000E+02   4.7340271930E-02
  1.0042000000E+02   5.0885438372E-02
  1.0043000000E+02   5.4215138012E-02
  1.0044000000E+02   5.7270553678E-02
  1.0045000000E+02   6.0013121135E-02
  1.0046000000E+02   6.2423260280E-02
  1.0047000000E+02   6.4497305492E-02
  1.0048000000E+02   6.6243830791E-02
  1.0049000000E+02   6.7679295182E-02
  1.0050000000E+02   6.8824280866E-02
  1.0051000000E+02   6.9700265495E-02
  1.0052000000E+02   7.0327241025E-02
  1.0053000000E+02   7.0722919245E-02
  1.0054000000E+02   7.0902513088E-02
  1.0055000000E+02   7.0879727823E-02
  1.0056000000E+02   7.0667989354E-02
  1.0057000000E+02   7.0282119266E-02
  1.0058000000E+02   6.9739877589E-02
  1.0059000000E+02   6.9063276991E-02
  1.0060000000E+02   6.8279375950E-02
  1.0061000000E+02   6.7420539525E-02
  1.0062000000E+02   6.6524219863E-02
  1.0063000000E+02   6.5631944064E-02
  1.0064000000E+02   6.4787720126E-02
  1.0065000000E+02   6.4035964612E-02
  1.0066000000E+02   6.3418800203E-02
  1.0067000000E+02   6.2973128940E-02
  1.0068000000E+02   6.2727614199E-02
  1.0069000000E+02   6.2699867165E-02
  1.0070000000E+02   6.2894125743E-02
  1.0071000000E+02   6.3299688002E-02
  1.0072000000E+02   6.3890258480E-02
  1.0073000000E+02   6.4624339216E-02
  1.0074000000E+02   6.5446645820E-02
  1.0075000000E+02   6.6290443613E-02
  1.0076000000E+02   6.7080708602E-02
  1.0077000000E+02   6.7737997884E-02
  1.0078000000E+02   6.8182707066E-02
  1.0079000000E+02   6.8339761229E-02
  1.0080000000E+02   6.8143632699E-02
  1.0081000000E+02   6.7542992114E-02
  1.0082000000E+02   6.6504985736E-02
  1.0083000000E+02   6.5018827460E-02
  1.0084000000E+02   6.3097963199E-02
  1.0085000000E+02   6.0780255246E-02
  1.0086000000E+02   5.8126496299E-02
  1.0087000000E+02   5.5216302010E-02
  1.0088000000E+02   5.2142493676E-02
  1.0089000000E+02   4.9003765638E-02
  1.0090000000E+02   4.5897002374E-02
  1.0091000000E+02   4.2909885012E-02
  1.0092000000E+02   4.0114952801E-02
  1.0093000000E+02   3.7565593386E-02
  1.0094000000E+02   3.5294810590E-02
  1.0095000000E+02   3.3316737658E-02
  1.0096000000E+02   3.1629922270E-02
  1.0097000000E+02   3.0222427075E-02
  1.0098000000E+02   2.9077308154E-02
  1.0099000000E+02   2.8177540417E-02
  1.0100000000E+02   2.7509623606E-02
  1.0101000000E+02   2.7065562007E-02
  1.0102000000E+02   2.6842709503E-02
  1.0103000000E+02   2.6842260511E-02
  1.0104000000E+02   2.7066193376E-02
  1.0105000000E+02   2.7514424134E-02
  1.0106000000E+02   2.8182105059E-02
  1.0107000000E+02   2.9057827984E-02
  1.0108000000E+02   3.0123399619E-02
  1.0109000000E+02   3.1354760250E-02
  1.0110000000E+02   3.2723938235E-02
  1.0111000000E+02   3.4201618601E-02
  1.0112000000E+02   3.5759715685E-02
  1.0113000000E+02   3.7373097496E-02
  1.0114000000E+02   3.9020432251E-02
  1.0115000000E+02   4.0683861026E-02
  1.0116000000E+02   4.2347376815E-02
  1.0117000000E+02   4.3994622885E-02
  1.0118000000E+02   4.5606066145E-02
  1.0119000000E+02   4.7156899411E-02
  1.0120000000E+02   4.8615361367E-02
  1.0121000000E+02   4.9942715547E-02
  1.0122000000E+02   5.1094276038E-02
  1.0123000000E+02   5.2022208124E-02
  1.0124000000E+02   5.2679264288E-02
  1.0125000000E+02   5.3022999747E-02
  1.0126000000E+02   5.3020257310E-02
  1.0127000000E+02   5.2650834144E-02
  1.0128000000E+02   5.1910031663E-02
  1.0129000000E+02   5.0809673001E-02
  1.0130000000E+02   4.9377454691E-02
  1.0131000000E+02   4.7654746175E-02
  1.0132000000E+02   4.5693202365E-02
  1.0133000000E+02   4.3550595948E-02
  1.0134000000E+02   4.1286410673E-02
  1.0135000000E+02   3.8958182435E-02
  1.0136000000E+02   3.6618104475E-02
  1.0137000000E+02   3.4310986343E-02
  1.0138000000E+02   3.2073280644E-02
  1.0139000000E+02   2.9932984544E-02
  1.0140000000E+02   2.7910220807E-02
  1.0141000000E+02   2.6018287585E-02
  1.0142000000E+02   2.4264866353E-02
  1.0143000000E+02   2.2653221373E-02
  1.0144000000E+02   2.1183075908E-02
  1.0145000000E+02   1.9851869711E-02
  1.0146000000E+02   1.8655775333E-02
  1.0147000000E+02   1.7591099639E-02
  1.0148000000E+02   1.6655956687E-02
  1.0149000000E+02   1.5852241148E-02
  1.0150000000E+02   1.5187718321E-02
  1.0151000000E+02   1.4677784579E-02
  1.0152000000E+02   1.4346863429E-02
  1.0153000000E+02   1.4228607484E-02
  1.0154000000E+02   1.4365033235E-02
  1.0155000000E+02   1.4803931752E-02
  1.0156000000E+02   1.5595027696E-02
  1.0157000000E+02   1.6784930573E-02
  1.0158000000E+02   1.8411337804E-02
  1.0159000000E+02   2.0497242944E-02
  1.0160000000E+02   2.3045790449E-02
  1.0161000000E+02   2.6036432198E-02
  1.0162000000E+02   2.9422981000E-02
  1.0163000000E+02   3.3133881358E-02
  1.0164000000E+02   3.7074709216E-02
  1.0165000000E+02   4.1132840215E-02
  1.0166000000E+02   4.5183577716E-02
  1.0167000000E+02   4.9097412217E-02
  1.0168000000E+02   5.2747711903E-02
  1.0169000000E+02   5.6017844450E-02
  1.0170000000E+02   5.8807714221E-02
  1.0171000000E+02   6.1038823412E-02
  1.0172000000E+02   6.2657847977E-02
  1.0173000000E+02   6.3638641675E-02
  1.0174000000E+02   6.3982589445E-02
  1.0175000000E+02   6.3717572423E-02
  1.0176000000E+02   6.2895530036E-02
  1.0177000000E+02   6.1588782264E-02
  1.0178000000E+02   5.9885540254E-02
  1.0179000000E+02   5.7884536498E-02
  1.0180000000E+02   5.5689268042E-02
  1.0181000000E+02   5.3402176037E-02
  1.0182000000E+02   5.1119030010E-02
  1.0183000000E+02   4.8924103526E-02
  1.0184000000E+02   4.6886310993E-02
  1.0185000000E+02   4.5056637362E-02
  1.0186000000E+02   4.3466959410E-02
  1.0187000000E+02   4.2130327360E-02
  1.0188000000E+02   4.1042531910E-02
  1.0189000000E+02   4.0184538096E-02
  1.0190000000E+02   3.9525668831E-02
  1.0191000000E+02   3.9027305633E-02
  1.0192000000E+02   3.8646438868E-02
  1.0193000000E+02   3.8339222977E-02
  1.0194000000E+02   3.8064065399E-02
  1.0195000000E+02   3.7784398142E-02
  1.0196000000E+02   3.7470804794E-02
  1.0197000000E+02   3.7102679003E-02
  1.0198000000E+02   3.6669332477E-02
  1.0199000000E+02   3.6170573768E-02
  1.0200000000E+02   3.5616766074E-02
  1.0201000000E+02   3.5028371502E-02
  1.0202000000E+02   3.4434991432E-02
  1.0203000000E+02   3.3873920514E-02
  1.0204000000E+02   3.3388213031E-02
  1.0205000000E+02   3.3024510577E-02
  1.0206000000E+02   3.2830212680E-02
  1.0207000000E+02   3.2850685814E-02
  1.0208000000E+02   3.3126273065E-02
  1.0209000000E+02   3.3689185115E-02
  1.0210000000E+02   3.4560632413E-02
  1.0211000000E+02   3.5748095381E-02
  1.0212000000E+02   3.7243212859E-02
  1.0213000000E+02   3.9019936282E-02
  1.0214000000E+02   4.1033842895E-02
  1.0215000000E+02   4.3222251960E-02
  1.0216000000E+02   4.5505472564E-02
  1.0217000000E+02   4.7789379288E-02
  1.0218000000E+02   4.9969381039E-02
  1.0219000000E+02   5.1935575523E-02
  1.0220000000E+02   5.3579002669E-02
  1.0221000000E+02   5.4798615696E-02
  1.0222000000E+02   5.5508540101E-02
  1.0223000000E+02   5.5644895901E-02
  1.0224000000E+02   5.5171789841E-02
  1.0225000000E+02   5.4085604057E-02
  1.0226000000E+02   5.2417101305E-02
  1.0227000000E+02   5.0231158008E-02
  1.0228000000E+02   4.7623629926E-02
  1.0229000000E+02   4.4715679831E-02
  1.0230000000E+02   4.1645624277E-02
  1.0231000000E+02   3.8559433675E-02
  1.0232000000E+02   3.5599852735E-02
  1.0233000000E+02   3.2895970237E-02
  1.0234000000E+02   3.0553530593E-02
  1.0235000000E+02   2.8646901648E-02
  1.0236000000E+02   2.7214343673E-02
  1.0237000000E+02   2.6255778326E-02
  1.0238000000E+02   2.5734220722E-02
  1.0239000000E+02   2.5580518727E-02
  1.0240000000E+02   2.5700885086E-02
  1.0241000000E+02   2.5986661848E-02
  1.0242000000E+02   2.6325183554E-02
  1.0243000000E+02   2.6610952305E-02
  1.0244000000E+02   2.6755818674E-02
  1.0245000000E+02   2.6697318769E-02
  1.0246000000E+02   2.6404305183E-02
  1.0247000000E+02   2.5879547010E-02
  1.0248000000E+02   2.5159008614E-02
  1.0249000000E+02   2.4308146815E-02
  1.0250000000E+02   2.3415601386E-02
  1.0251000000E+02   2.2584932683E-02
  1.0252000000E+02   2.1925681301E-02
  1.0253000000E+02   2.1543946190E-02
  1.0254000000E+02   2.1533676942E-02
  1.0255000000E+02   2.1969053132E-02
  1.0256000000E+02   2.2898557031E-02
  1.0257000000E+02   2.4340847819E-02
  1.0258000000E+02   2.6282516604E-02
  1.0259000000E+02   2.8678085608E-02
  1.0260000000E+02   3.1451679090E-02
  1.0261000000E+02   3.4500885758E-02
  1.0262000000E+02   3.7702357774E-02
  1.0263000000E+02   4.0919004022E-02
  1.0264000000E+02   4.4008745271E-02
  1.0265000000E+02   4.6833946373E-02
  1.0266000000E+02   4.9271505914E-02
  1.0267000000E+02   5.1222001982E-02
  1.0268000000E+02   5.2617691721E-02
  1.0269000000E+02   5.3427908943E-02
  1.0270000000E+02   5.3661537418E-02
  1.0271000000E+02   5.3365595199E-02
  1.0272000000E+02   5.2620388901E-02
  1.0273000000E+02   5.1531204251E-02
  1.0274000000E+02   5.0217664746E-02
  1.0275000000E+02   4.8801905495E-02
  1.0276000000E+02   4.7397012341E-02
  1.0277000000E+02   4.6097150746E-02
  1.0278000000E+02   4.4970579294E-02
  1.0279000000E+02   4.4056330990E-02
  1.0280000000E+02   4.3364781056E-02
  1.0281000000E+02   4.2881876367E-02
  1.0282000000E+02   4.2575930375E-02
  1.0283000000E+02   4.2406234995E-02
  1.0284000000E+02   4.2331541757E-02
  1.0285000000E+02   4.2317685753E-02
  1.0286000000E+02   4.2342548190E-02
  1.0287000000E+02   4.2398568551E-02
  1.0288000000E+02   4.2491733246E-02
  1.0289000000E+02   4.2637903139E-02
  1.0290000000E+02   4.2857030404E-02
  1.0291000000E+02   4.3166343017E-02
  1.0292000000E+02   4.3573713348E-02
  1.0293000000E+02   4.4072211259E-02
  1.0294000000E+02   4.4637078745E-02
  1.0295000000E+02   4.5225367452E-02
  1.0296000000E+02   4.5778512507E-02
  1.0297000000E+02   4.6227755351E-02
  1.0298000000E+02   4.6501463383E-02
  1.0299000000E+02   4.6533554427E-02
  1.0300000000E+02   4.6271797499E-02
  1.0301000000E+02   4.5685336037E-02
  1.0302000000E+02   4.4769590315E-02
  1.0303000000E+02   4.3548940187E-02
  1.0304000000E+02   4.2076027979E-02
  1.0305000000E+02   4.0428048723E-02
  1.0306000000E+02   3.8700259894E-02
  1.0307000000E+02   3.6997861359E-02
  1.0308000000E+02   3.5426151482E-02
  1.0309000000E+02   3.4081353889E-02
  1.0310000000E+02   3.3041632904E-02
  1.0311000000E+02   3.2360673498E-02
  1.0312000000E+02   3.2063402154E-02
  1.0313000000E+02   3.2144851963E-02
  1.0314000000E+02   3.2572076787E-02
  1.0315000000E+02   3.3288846869E-02
  1.0316000000E+02   3.4222512014E-02
  1.0317000000E+02   3.5292144253E-02
  1.0318000000E+02   3.6417087071E-02
  1.0319000000E+02   3.7524433461E-02
  1.0320000000E+02   3.8555297018E-02
  1.0321000000E+02   3.9468544433E-02
  1.0322000000E+02   4.0241898180E-02
  1.0323000000E+02   4.0870726848E-02
  1.0324000000E+02   4.1364644007E-02
  1.0325000000E+02   4.1742647140E-02
  1.0326000000E+02   4.2027753354E-02
  1.0327000000E+02   4.2241816613E-02
  1.0328000000E+02   4.2401222269E-02
  1.0329000000E+02   4.2514182853E-02
  1.0330000000E+02   4.2579470746E-02
  1.0331000000E+02   4.2586993545E-02
  1.0332000000E+02   4.2519786507E-02
  1.0333000000E+02   4.2356814403E-02
  1.0334000000E+02   4.2076774210E-02
  1.0335000000E+02   4.1661662681E-02
  1.0336000000E+02   4.1100317479E-02
  1.0337000000E+02   4.0391122326E-02
  1.0338000000E+02   3.9543876613E-02
  1.0339000000E+02   3.8580662925E-02
  1.0340000000E+02   3.7535364308E-02
  1.0341000000E+02   3.6452063462E-02
  1.0342000000E+02   3.5382080773E-02
  1.0343000000E+02   3.4380123806E-02
  1.0344000000E+02   3.3499676946E-02
  1.0345000000E+02   3.2788059723E-02
  1.0346000000E+02   3.2281573211E-02
  1.0347000000E+02   3.2001540375E-02
  1.0348000000E+02   3.1951532270E-02
  1.0349000000E+02   3.2116281200E-02
  1.0350000000E+02   3.2462724825E-02
  1.0351000000E+02   3.2942839429E-02
  1.0352000000E+02   3.3498285785E-02
  1.0353000000E+02   3.4066179768E-02
  1.0354000000E+02   3.4585221289E-02
  1.0355000000E+02   3.5001494645E-02
  1.0356000000E+02   3.5273208184E-02
  1.0357000000E+02   3.5373769979E-02
  1.0358000000E+02   3.5293241548E-02
  1.0359000000E+02   3.5037649174E-02
  1.0360000000E+02   3.4627343325E-02
  1.0361000000E+02   3.4094244910E-02
  1.0362000000E+02   3.3478903299E-02
  1.0363000000E+02   3.2827627317E-02
  1.0364000000E+02   3.2190224958E-02
  1.0365000000E+02   3.1618313255E-02
  1.0366000000E+02   3.1163775457E-02
  1.0367000000E+02   3.0877632077E-02
  1.0368000000E+02   3.0808445428E-02
  1.0369000000E+02   3.1000070108E-02
  1.0370000000E+02   3.1488938966E-02
  1.0371000000E+02   3.2300728697E-02
  1.0372000000E+02   3.3446805657E-02
  1.0373000000E+02   3.4921173746E-02
  1.0374000000E+02   3.6698450468E-02
  1.0375000000E+02   3.8733138777E-02
  1.0376000000E+02   4.0961224184E-02
  1.0377000000E+02   4.3303473434E-02
  1.0378000000E+02   4.5670919621E-02
  1.0379000000E+02   4.7971425264E-02
  1.0380000000E+02   5.0117049321E-02
  1.0381000000E+02   5.2031030561E-02
  1.0382000000E+02   5.3653806281E-02
  1.0383000000E+02   5.4946824773E-02
  1.0384000000E+02   5.5894167472E-02
  1.0385000000E+02   5.6501478177E-02
  1.0386000000E+02   5.6792553009E-02
  1.0387000000E+02   5.6804186090E-02
  1.0388000000E+02   5.6579945665E-02
  1.0389000000E+02   5.6164129217E-02
  1.0390000000E+02   5.5596630270E-02
  1.0391000000E+02   5.4909466409E-02
  1.0392000000E+02   5.4125383225E-02
  1.0393000000E+02   5.3258628409E-02
  1.0394000000E+02   5.2317559026E-02
  1.0395000000E+02   5.1307963602E-02
  1.0396000000E+02   5.0237172707E-02
  1.0397000000E+02   4.9117186696E-02
  1.0398000000E+02   4.7966811688E-02
  1.0399000000E+02   4.6812072252E-02
  1.0400000000E+02   4.5685058887E-02
  1.0401000000E+02   4.4621209746E-02
  1.0402000000E+02   4.3655980453E-02
  1.0403000000E+02   4.2821033808E-02
  1.0404000000E+02   4.2141086492E-02
  1.0405000000E+02   4.1631715606E-02
  1.0406000000E+02   4.1298407183E-02
  1.0407000000E+02   4.1137098296E-02
  1.0408000000E+02   4.1136044407E-02
  1.0409000000E+02   4.1278406561E-02
  1.0410000000E+02   4.1545174236E-02
  1.0411000000E+02   4.1917869780E-02
  1.0412000000E+02   4.2380346782E-02
  1.0413000000E+02   4.2919743996E-02
  1.0414000000E+02   4.3526018026E-02
  1.0415000000E+02   4.4190671334E-02
  1.0416000000E+02   4.4904454050E-02
  1.0417000000E+02   4.5655320893E-02
  1.0418000000E+02   4.6426638354E-02
  1.0419000000E+02   4.7196115844E-02
  1.0420000000E+02   4.7936303844E-02
  1.0421000000E+02   4.8616230634E-02
  1.0422000000E+02   4.9204200498E-02
  1.0423000000E+02   4.9671133938E-02
  1.0424000000E+02   4.9994287611E-02
  1.0425000000E+02   5.0160079060E-02
  1.0426000000E+02   5.0165971950E-02
  1.0427000000E+02   5.0020743223E-02
  1.0428000000E+02   4.9743135376E-02
  1.0429000000E+02   4.9359063740E-02
  1.0430000000E+02   4.8897723615E-02
  1.0431000000E+02   4.8387445374E-02
  1.0432000000E+02   4.7851443885E-02
  1.0433000000E+02   4.7304841837E-02
  1.0434000000E+02   4.6752579928E-02
  1.0435000000E+02   4.6189063303E-02
  1.0436000000E+02   4.5599211254E-02
  1.0437000000E+02   4.4960776589E-02
  1.0438000000E+02   4.4247549407E-02
  1.0439000000E+02   4.3432829956E-02
  1.0440000000E+02   4.2492984743E-02
  1.0441000000E+02   4.1410372923E-02
  1.0442000000E+02   4.0175652763E-02
  1.0443000000E+02   3.8789144787E-02
  1.0444000000E+02   3.7261453959E-02
  1.0445000000E+02   3.5613244174E-02
  1.0446000000E+02   3.3874625221E-02
  1.0447000000E+02   3.2084076811E-02
  1.0448000000E+02   3.0287106848E-02
  1.0449000000E+02   2.8534869014E-02
  1.0450000000E+02   2.6882366641E-02
  1.0451000000E+02   2.5386555655E-02
  1.0452000000E+02   2.4103986903E-02
  1.0453000000E+02   2.3088023295E-02
  1.0454000000E+02   2.2385534143E-02
  1.0455000000E+02   2.2033387049E-02
  1.0456000000E+02   2.2054775426E-02
  1.0457000000E+02   2.2455883009E-02
  1.0458000000E+02   2.3223231052E-02
  1.0459000000E+02   2.4322486758E-02
  1.0460000000E+02   2.5698453412E-02
  1.0461000000E+02   2.7277549531E-02
  1.0462000000E+02   2.8971590555E-02
  1.0463000000E+02   3.0683788319E-02
  1.0464000000E+02   3.2315507571E-02
  1.0465000000E+02   3.3773811852E-02
  1.0466000000E+02   3.4978549620E-02
  1.0467000000E+02   3.5868424386E-02
  1.0468000000E+02   3.6405092696E-02
  1.0469000000E+02   3.6575212717E-02
  1.0470000000E+02   3.6389917253E-02
  1.0471000000E+02   3.5881984460E-02
  1.0472000000E+02   3.5101352462E-02
  1.0473000000E+02   3.4109444580E-02
  1.0474000000E+02   3.2972863036E-02
  1.0475000000E+02   3.1757976473E-02
  1.0476000000E+02   3.0526096882E-02
  1.0477000000E+02   2.9330455402E-02
  1.0478000000E+02   2.8214664322E-02
  1.0479000000E+02   2.7212768549E-02
  1.0480000000E+02   2.6350355323E-02
  1.0481000000E+02   2.5646313536E-02
  1.0482000000E+02   2.5114660513E-02
  1.0483000000E+02   2.4765828120E-02
  1.0484000000E+02   2.4607223220E-02
  1.0485000000E+02   2.4642644057E-02
  1.0486000000E+02   2.4871220271E-02
  1.0487000000E+02   2.5285666808E-02
  1.0488000000E+02   2.5870762870E-02
  1.0489000000E+02   2.6602425952E-02
  1.0490000000E+02   2.7447669058E-02
  1.0491000000E+02   2.8366010345E-02
  1.0492000000E+02   2.9311792653E-02
  1.0493000000E+02   3.0237531310E-02
  1.0494000000E+02   3.1097528147E-02
  1.0495000000E+02   3.1851253532E-02
  1.0496000000E+02   3.2465943865E-02
  1.0497000000E+02   3.2918053284E-02
  1.0498000000E+02   3.3193479172E-02
  1.0499000000E+02   3.3286621567E-02
  1.0500000000E+02   3.3198929344E-02
  1.0501000000E+02   3.2937160266E-02
  1.0502000000E+02   3.2512087994E-02
  1.0503000000E+02   3.1937946451E-02
  1.0504000000E+02   3.1232663600E-02
  1.0505000000E+02   3.0418834854E-02
  1.0506000000E+02   2.9524889351E-02
  1.0507000000E+02   2.8586176960E-02
  1.0508000000E+02   2.7644785959E-02
  1.0509000000E+02   2.6748364745E-02
  1.0510000000E+02   2.5947311527E-02
  1.0511000000E+02   2.5290526417E-02
  1.0512000000E+02   2.4820377472E-02
  1.0513000000E+02   2.4567459454E-02
  1.0514000000E+02   2.4545947802E-02
  1.0515000000E+02   2.4750582270E-02
  1.0516000000E+02   2.5155558240E-02
  1.0517000000E+02   2.5716140731E-02
  1.0518000000E+02   2.6372441699E-02
  1.0519000000E+02   2.7055304563E-02
  1.0520000000E+02   2.7693341887E-02
  1.0521000000E+02   2.8220335320E-02
  1.0522000000E+02   2.8581873131E-02
  1.0523000000E+02   2.8740497732E-02
  1.0524000000E+02   2.8678600045E-02
  1.0525000000E+02   2.8398835488E-02
  1.0526000000E+02   2.7922121832E-02
  1.0527000000E+02   2.7283662235E-02
  1.0528000000E+02   2.6527564184E-02
  1.0529000000E+02   2.5701113785E-02
  1.0530000000E+02   2.4849231115E-02
  1.0531000000E+02   2.4010027725E-02
  1.0532000000E+02   2.3211904525E-02
  1.0533000000E+02   2.2472165460E-02
  1.0534000000E+02   2.1797626986E-02
  1.0535000000E+02   2.1185965493E-02
  1.0536000000E+02   2.0628593500E-02
  1.0537000000E+02   2.0113409475E-02
  1.0538000000E+02   1.9627569878E-02
  1.0539000000E+02   1.9159728334E-02
  1.0540000000E+02   1.8701477324E-02
  1.0541000000E+02   1.8248048276E-02
  1.0542000000E+02   1.7798312096E-02
  1.0543000000E+02   1.7354427012E-02
  1.0544000000E+02   1.6920954412E-02
  1.0545000000E+02   1.6504539452E-02
  1.0546000000E+02   1.6113469213E-02
  1.0547000000E+02   1.5757764907E-02
  1.0548000000E+02   1.5449449266E-02
  1.0549000000E+02   1.5202935112E-02
  1.0550000000E+02   1.5035312986E-02
  1.0551000000E+02   1.4966043267E-02
  1.0552000000E+02   1.5016410893E-02
  1.0553000000E+02   1.5208030054E-02
  1.0554000000E+02   1.5560928182E-02
  1.0555000000E+02   1.6091198818E-02
  1.0556000000E+02   1.6808743923E-02
  1.0557000000E+02   1.7715327747E-02
  1.0558000000E+02   1.8803347861E-02
  1.0559000000E+02   2.0055612082E-02
  1.0560000000E+02   2.1446316283E-02
  1.0561000000E+02   2.2942734967E-02
  1.0562000000E+02   2.4508193887E-02
  1.0563000000E+02   2.6104977593E-02
  1.0564000000E+02   2.7697575532E-02
  1.0565000000E+02   2.9255381890E-02
  1.0566000000E+02   3.0754679331E-02
  1.0567000000E+02   3.2179658833E-02
  1.0568000000E+02   3.3522405455E-02
  1.0569000000E+02   3.4781926403E-02
  1.0570000000E+02   3.5962403819E-02
  1.0571000000E+02   3.7071068359E-02
  1.0572000000E+02   3.8115716902E-02
  1.0573000000E+02   3.9102586146E-02
  1.0574000000E+02   4.0034573790E-02
  1.0575000000E+02   4.0910027164E-02
  1.0576000000E+02   4.1722243773E-02
  1.0577000000E+02   4.2459630192E-02
  1.0578000000E+02   4.3106519204E-02
  1.0579000000E+02   4.3644264065E-02
  1.0580000000E+02   4.4052784855E-02
  1.0581000000E+02   4.4312022384E-02
  1.0582000000E+02   4.4403290295E-02
  1.0583000000E+02   4.4310515978E-02
  1.0584000000E+02   4.4021018674E-02
  1.0585000000E+02   4.3525902826E-02
  1.0586000000E+02   4.2820412479E-02
  1.0587000000E+02   4.1903813676E-02
  1.0588000000E+02   4.0779414664E-02
  1.0589000000E+02   3.9454568988E-02
  1.0590000000E+02   3.7940881779E-02
  1.0591000000E+02   3.6254601822E-02
  1.0592000000E+02   3.4417190671E-02
  1.0593000000E+02   3.2455949773E-02
  1.0594000000E+02   3.0404535434E-02
  1.0595000000E+02   2.8303165700E-02
  1.0596000000E+02   2.6198349715E-02
  1.0597000000E+02   2.4141969020E-02
  1.0598000000E+02   2.2189786459E-02
  1.0599000000E+02   2.0399306994E-02
  1.0600000000E+02   1.8827337343E-02
  1.0601000000E+02   1.7527180948E-02
  1.0602000000E+02   1.6545991602E-02
  1.0603000000E+02   1.5922357668E-02
  1.0604000000E+02   1.5684161930E-02
  1.0605000000E+02   1.5846995259E-02
  1.0606000000E+02   1.6412825825E-02
  1.0607000000E+02   1.7369300002E-02
  1.0608000000E+02   1.8689137393E-02
  1.0609000000E+02   2.0330091461E-02
  1.0610000000E+02   2.2235341413E-02
  1.0611000000E+02   2.4334419467E-02
  1.0612000000E+02   2.6545007708E-02
  1.0613000000E+02   2.8775553361E-02
  1.0614000000E+02   3.0929039090E-02
  1.0615000000E+02   3.2907730433E-02
  1.0616000000E+02   3.4618759644E-02
  1.0617000000E+02   3.5980016132E-02
  1.0618000000E+02   3.6926232241E-02
  1.0619000000E+02   3.7414117094E-02
  1.0620000000E+02   3.7426458781E-02
  1.0621000000E+02   3.6974313077E-02
  1.0622000000E+02   3.6097041752E-02
  1.0623000000E+02   3.4860251122E-02
  1.0624000000E+02   3.3351171657E-02
  1.0625000000E+02   3.1672700265E-02
  1.0626000000E+02   2.9935930216E-02
  1.0627000000E+02   2.8252217746E-02
  1.0628000000E+02   2.6725309719E-02
  1.0629000000E+02   2.5444347448E-02
  1.0630000000E+02   2.4478192158E-02
  1.0631000000E+02   2.3871350387E-02
  1.0632000000E+02   2.3641920177E-02
  1.0633000000E+02   2.3781389119E-02
  1.0634000000E+02   2.4256155816E-02
  1.0635000000E+02   2.5010727684E-02
  1.0636000000E+02   2.5972109711E-02
  1.0637000000E+02   2.7054953580E-02
  1.0638000000E+02   2.8167472657E-02
  1.0639000000E+02   2.9217161915E-02
  1.0640000000E+02   3.0116466403E-02
  1.0641000000E+02   3.0787821518E-02
  1.0642000000E+02   3.1167783490E-02
  1.0643000000E+02   3.1210144514E-02
  1.0644000000E+02   3.0887853185E-02
  1.0645000000E+02   3.0193781606E-02
  1.0646000000E+02   2.9140226965E-02
  1.0647000000E+02   2.7757544515E-02
  1.0648000000E+02   2.6091742707E-02
  1.0649000000E+02   2.4201659710E-02
  1.0650000000E+02   2.2155569895E-02
  1.0651000000E+02   2.0027692795E-02
  1.0652000000E+02   1.7894824501E-02
  1.0653000000E+02   1.5832971994E-02
  1.0654000000E+02   1.3914771306E-02
  1.0655000000E+02   1.2206902802E-02
  1.0656000000E+02   1.0768400631E-02
  1.0657000000E+02   9.6490815248E-03
  1.0658000000E+02   8.8884353875E-03
  1.0659000000E+02   8.5146819972E-03
  1.0660000000E+02   8.5439910617E-03
  1.0661000000E+02   8.9794171256E-03
  1.0662000000E+02   9.8104354337E-03
  1.0663000000E+02   1.1012248488E-02
  1.0664000000E+02   1.2545743589E-02
  1.0665000000E+02   1.4358046157E-02
  1.0666000000E+02   1.6384265940E-02
  1.0667000000E+02   1.8550296984E-02
  1.0668000000E+02   2.0776941654E-02
  1.0669000000E+02   2.2985223077E-02
  1.0670000000E+02   2.5102168884E-02
  1.0671000000E+02   2.7067100617E-02
  1.0672000000E+02   2.8837175608E-02
  1.0673000000E+02   3.0391620197E-02
  1.0674000000E+02   3.1734170390E-02
  1.0675000000E+02   3.2893028886E-02
  1.0676000000E+02   3.3918259099E-02
  1.0677000000E+02   3.4876788713E-02
  1.0678000000E+02   3.5845502818E-02
  1.0679000000E+02   3.6902899113E-02
  1.0680000000E+02   3.8120435961E-02
  1.0681000000E+02   3.9554468380E-02
  1.0682000000E+02   4.1239364831E-02
  1.0683000000E+02   4.3182830084E-02
  1.0684000000E+02   4.5363697296E-02
  1.0685000000E+02   4.7732581907E-02
  1.0686000000E+02   5.0215090083E-02
  1.0687000000E+02   5.2717471969E-02
  1.0688000000E+02   5.5134204729E-02
  1.0689000000E+02   5.7356536066E-02
  1.0690000000E+02   5.9281360724E-02
  1.0691000000E+02   6.0819492770E-02
  1.0692000000E+02   6.1902549472E-02
  1.0693000000E+02   6.2487736361E-02
  1.0694000000E+02   6.2560148676E-02
  1.0695000000E+02   6.2132455568E-02
  1.0696000000E+02   6.1241952107E-02
  1.0697000000E+02   5.9945605768E-02
  1.0698000000E+02   5.8313633610E-02
  1.0699000000E+02   5.6422330296E-02
  1.0700000000E+02   5.4347335086E-02
  1.0701000000E+02   5.2157600671E-02
  1.0702000000E+02   4.9911118056E-02
  1.0703000000E+02   4.7652426874E-02
  1.0704000000E+02   4.5412143611E-02
  1.0705000000E+02   4.3208269774E-02
  1.0706000000E+02   4.1048893481E-02
  1.0707000000E+02   3.8935756437E-02
  1.0708000000E+02   3.6868129977E-02
  1.0709000000E+02   3.4846378202E-02
  1.0710000000E+02   3.2874906324E-02
  1.0711000000E+02   3.0964058327E-02
  1.0712000000E+02   2.9130940645E-02
  1.0713000000E+02   2.7398955185E-02
  1.0714000000E+02   2.5796527410E-02
  1.0715000000E+02   2.4354912094E-02
  1.0716000000E+02   2.3105521386E-02
  1.0717000000E+02   2.2077030677E-02
  1.0718000000E+02   2.1292547757E-02
  1.0719000000E+02   2.0767089842E-02
  1.0720000000E+02   2.0505678357E-02
  1.0721000000E+02   2.0502000306E-02
  1.0722000000E+02   2.0738011337E-02
  1.0723000000E+02   2.1184505688E-02
  1.0724000000E+02   2.1802432336E-02
  1.0725000000E+02   2.2545211405E-02
  1.0726000000E+02   2.3361636504E-02
  1.0727000000E+02   2.4199456033E-02
  1.0728000000E+02   2.5008863574E-02
  1.0729000000E+02   2.5746091472E-02
  1.0730000000E+02   2.6376377564E-02
  1.0731000000E+02   2.6876108692E-02
  1.0732000000E+02   2.7233740201E-02
  1.0733000000E+02   2.7449631580E-02
  1.0734000000E+02   2.7534480164E-02
  1.0735000000E+02   2.7506835287E-02
  1.0736000000E+02   2.7390104069E-02
  1.0737000000E+02   2.7209342230E-02
  1.0738000000E+02   2.6988383060E-02
  1.0739000000E+02   2.6748041616E-02
  1.0740000000E+02   2.6505410445E-02
  1.0741000000E+02   2.6274329852E-02
  1.0742000000E+02   2.6067162924E-02
  1.0743000000E+02   2.5896973629E-02
  1.0744000000E+02   2.5779884613E-02
  1.0745000000E+02   2.5736892363E-02
  1.0746000000E+02   2.5794432121E-02
  1.0747000000E+02   2.5983575068E-02
  1.0748000000E+02   2.6337458606E-02
  1.0749000000E+02   2.6887581812E-02
  1.0750000000E+02   2.7659169445E-02
  1.0751000000E+02   2.8666445089E-02
  1.0752000000E+02   2.9908630436E-02
  1.0753000000E+02   3.1367234636E-02
  1.0754000000E+02   3.3005331239E-02
  1.0755000000E+02   3.4768869121E-02
  1.0756000000E+02   3.6589988977E-02
  1.0757000000E+02   3.8391937211E-02
  1.0758000000E+02   4.0094968844E-02
  1.0759000000E+02   4.1622571226E-02
  1.0760000000E+02   4.2907217324E-02
  1.0761000000E+02   4.3895215175E-02
  1.0762000000E+02   4.4550124731E-02
  1.0763000000E+02   4.4854596444E-02
  1.0764000000E+02   4.4810598626E-02
  1.0765000000E+02   4.4438211619E-02
  1.0766000000E+02   4.3773123778E-02
  1.0767000000E+02   4.2863200697E-02
  1.0768000000E+02   4.1764434590E-02
  1.0769000000E+02   4.0536415511E-02
  1.0770000000E+02   3.9237773960E-02
  1.0771000000E+02   3.7921822290E-02
  1.0772000000E+02   3.6632518126E-02
  1.0773000000E+02   3.5401390122E-02
  1.0774000000E+02   3.4245336109E-02
  1.0775000000E+02   3.3165816474E-02
  1.0776000000E+02   3.2149439664E-02
  1.0777000000E+02   3.1170027812E-02
  1.0778000000E+02   3.0192016196E-02
  1.0779000000E+02   2.9174882647E-02
  1.0780000000E+02   2.8078139291E-02
  1.0781000000E+02   2.6866413633E-02
  1.0782000000E+02   2.5513782940E-02
  1.0783000000E+02   2.4007290476E-02
  1.0784000000E+02   2.2348627375E-02
  1.0785000000E+02   2.0554401126E-02
  1.0786000000E+02   1.8654605587E-02
  1.0787000000E+02   1.6689608657E-02
  1.0788000000E+02   1.4706318574E-02
  1.0789000000E+02   1.2753756903E-02
  1.0790000000E+02   1.0878758400E-02
  1.0791000000E+02   9.1223300783E-03
  1.0792000000E+02   7.5169112905E-03
  1.0793000000E+02   6.0848091893E-03
  1.0794000000E+02   4.8379125244E-03
  1.0795000000E+02   3.7783084757E-03
  1.0796000000E+02   2.8997347370E-03
  1.0797000000E+02   2.1898463838E-03
  1.0798000000E+02   1.6323050997E-03
  1.0799000000E+02   1.2091078355E-03
  1.0800000000E+02   9.0252936617E-04
  1.0801000000E+02   6.9688514376E-04
  1.0802000000E+02   5.7970368908E-04
  1.0803000000E+02   5.4253294090E-04
  1.0804000000E+02   5.8145284347E-04
  1.0805000000E+02   6.9719586505E-04
  1.0806000000E+02   8.9488684438E-04
  1.0807000000E+02   1.1837838303E-03
  1.0808000000E+02   1.5766065447E-03
  1.0809000000E+02   2.0889041493E-03
  1.0810000000E+02   2.7382695598E-03
  1.0811000000E+02   3.5434690936E-03
  1.0812000000E+02   4.5236926010E-03
  1.0813000000E+02   5.6978335410E-03
  1.0814000000E+02   7.0837032708E-03
  1.0815000000E+02   8.6974977432E-03
  1.0816000000E+02   1.0553128851E-02
  1.0817000000E+02   1.2661466706E-02
  1.0818000000E+02   1.5029330305E-02
  1.0819000000E+02   1.7658072175E-02
  1.0820000000E+02   2.0541870065E-02
  1.0821000000E+02   2.3665232325E-02
  1.0822000000E+02   2.7000637718E-02
  1.0823000000E+02   3.0506014290E-02
  1.0824000000E+02   3.4122609569E-02
  1.0825000000E+02   3.7774132094E-02
  1.0826000000E+02   4.1367236608E-02
  1.0827000000E+02   4.4793887488E-02
  1.0828000000E+02   4.7936108612E-02
  1.0829000000E+02   5.0672536012E-02
  1.0830000000E+02   5.2886489678E-02
  1.0831000000E+02   5.4475113707E-02
  1.0832000000E+02   5.5358040387E-02
  1.0833000000E+02   5.5485009176E-02
  1.0834000000E+02   5.4841287162E-02
  1.0835000000E+02   5.3450123631E-02
  1.0836000000E+02   5.1371958957E-02
  1.0837000000E+02   4.8700530121E-02
  1.0838000000E+02   4.5556241466E-02
  1.0839000000E+02   4.2077722615E-02
  1.0840000000E+02   3.8412552192E-02
  1.0841000000E+02   3.4708199087E-02
  1.0842000000E+02   3.1104014679E-02
  1.0843000000E+02   2.7725041921E-02
  1.0844000000E+02   2.4677785124E-02
  1.0845000000E+02   2.2048017319E-02
  1.0846000000E+02   1.9900279699E-02
  1.0847000000E+02   1.8278606530E-02
  1.0848000000E+02   1.7207873862E-02
  1.0849000000E+02   1.6695403220E-02
  1.0850000000E+02   1.6732316210E-02
  1.0851000000E+02   1.7294565149E-02
  1.0852000000E+02   1.8343615161E-02
  1.0853000000E+02   1.9826947955E-02
  1.0854000000E+02   2.1678647045E-02
  1.0855000000E+02   2.3820351363E-02
  1.0856000000E+02   2.6162827820E-02
  1.0857000000E+02   2.8608327970E-02
  1.0858000000E+02   3.1053768454E-02
  1.0859000000E+02   3.3394735089E-02
  1.0860000000E+02   3.5529925813E-02
  1.0861000000E+02   3.7366034382E-02
  1.0862000000E+02   3.8822540316E-02
  1.0863000000E+02   3.9835970480E-02
  1.0864000000E+02   4.0363485293E-02
  1.0865000000E+02   4.0385190889E-02
  1.0866000000E+02   3.9905054837E-02
  1.0867000000E+02   3.8950176202E-02
  1.0868000000E+02   3.7568711240E-02
  1.0869000000E+02   3.5825750867E-02
  1.0870000000E+02   3.3798652988E-02
  1.0871000000E+02   3.1571312937E-02
  1.0872000000E+02   2.9228275759E-02
  1.0873000000E+02   2.6849284860E-02
  1.0874000000E+02   2.4504709098E-02
  1.0875000000E+02   2.2252371668E-02
  1.0876000000E+02   2.0135759791E-02
  1.0877000000E+02   1.8184115394E-02
  1.0878000000E+02   1.6413914724E-02
  1.0879000000E+02   1.4831603493E-02
  1.0880000000E+02   1.3437159931E-02
  1.0881000000E+02   1.2227865904E-02
  1.0882000000E+02   1.1202074475E-02
  1.0883000000E+02   1.0362223310E-02
  1.0884000000E+02   9.7168823742E-03
  1.0885000000E+02   9.2815886886E-03
  1.0886000000E+02   9.0784032288E-03
  1.0887000000E+02   9.1340901885E-03
  1.0888000000E+02   9.4771857729E-03
  1.0889000000E+02   1.0134182674E-02
  1.0890000000E+02   1.1125207386E-02
  1.0891000000E+02   1.2459635214E-02
  1.0892000000E+02   1.4132146630E-02
  1.0893000000E+02   1.6119656280E-02
  1.0894000000E+02   1.8379611215E-02
  1.0895000000E+02   2.0850043969E-02
  1.0896000000E+02   2.3451481994E-02
  1.0897000000E+02   2.6090562648E-02
  1.0898000000E+02   2.8665766343E-02
  1.0899000000E+02   3.1073598312E-02
  1.0900000000E+02   3.3216288508E-02
  1.0901000000E+02   3.5008721374E-02
  1.0902000000E+02   3.6384826356E-02
  1.0903000000E+02   3.7302301103E-02
  1.0904000000E+02   3.7745356632E-02
  1.0905000000E+02   3.7725253800E-02
  1.0906000000E+02   3.7278342069E-02
  1.0907000000E+02   3.6462325115E-02
  1.0908000000E+02   3.5350966877E-02
  1.0909000000E+02   3.4028045570E-02
  1.0910000000E+02   3.2581281394E-02
  1.0911000000E+02   3.1097056762E-02
  1.0912000000E+02   2.9656167178E-02
  1.0913000000E+02   2.8331190099E-02
  1.0914000000E+02   2.7185275250E-02
  1.0915000000E+02   2.6272002190E-02
  1.0916000000E+02   2.5636175833E-02
  1.0917000000E+02   2.5314607834E-02
  1.0918000000E+02   2.5336615853E-02
  1.0919000000E+02   2.5723478042E-02
  1.0920000000E+02   2.6487320114E-02
  1.0921000000E+02   2.7628664481E-02
  1.0922000000E+02   2.9133706448E-02
  1.0923000000E+02   3.0971522275E-02
  1.0924000000E+02   3.3092028531E-02
  1.0925000000E+02   3.5425240245E-02
  1.0926000000E+02   3.7882591790E-02
  1.0927000000E+02   4.0360332370E-02
  1.0928000000E+02   4.2745149153E-02
  1.0929000000E+02   4.4921580890E-02
  1.0930000000E+02   4.6780558585E-02
  1.0931000000E+02   4.8228178872E-02
  1.0932000000E+02   4.9193715747E-02
  1.0933000000E+02   4.9635915137E-02
  1.0934000000E+02   4.9546791475E-02
  1.0935000000E+02   4.8952442005E-02
  1.0936000000E+02   4.7910679006E-02
  1.0937000000E+02   4.6505878881E-02
  1.0938000000E+02   4.4841336685E-02
  1.0939000000E+02   4.3030319235E-02
  1.0940000000E+02   4.1186260240E-02
  1.0941000000E+02   3.9413723676E-02
  1.0942000000E+02   3.7800466521E-02
  1.0943000000E+02   3.6411554661E-02
  1.0944000000E+02   3.5285654367E-02
  1.0945000000E+02   3.4434124814E-02
  1.0946000000E+02   3.3842385284E-02
  1.0947000000E+02   3.3473455655E-02
  1.0948000000E+02   3.3273164043E-02
  1.0949000000E+02   3.3176466912E-02
  1.0950000000E+02   3.3114346375E-02
  1.0951000000E+02   3.3020701701E-02
  1.0952000000E+02   3.2838713410E-02
  1.0953000000E+02   3.2526336845E-02
  1.0954000000E+02   3.2060304894E-02
  1.0955000000E+02   3.1438785873E-02
  1.0956000000E+02   3.0682145254E-02
  1.0957000000E+02   2.9832066979E-02
  1.0958000000E+02   2.8948785554E-02
  1.0959000000E+02   2.8106880982E-02
  1.0960000000E+02   2.7389510830E-02
  1.0961000000E+02   2.6881873652E-02
  1.0962000000E+02   2.6663883643E-02
  1.0963000000E+02   2.6802757817E-02
  1.0964000000E+02   2.7346216633E-02
  1.0965000000E+02   2.8316643878E-02
  1.0966000000E+02   2.9706984288E-02
  1.0967000000E+02   3.1478672102E-02
  1.0968000000E+02   3.3562315612E-02
  1.0969000000E+02   3.5860817881E-02
  1.0970000000E+02   3.8255204688E-02
  1.0971000000E+02   4.0612830788E-02
  1.0972000000E+02   4.2796638031E-02
  1.0973000000E+02   4.4675807753E-02
  1.0974000000E+02   4.6135853430E-02
  1.0975000000E+02   4.7087689756E-02
  1.0976000000E+02   4.7474545781E-02
  1.0977000000E+02   4.7276332570E-02
  1.0978000000E+02   4.6510756778E-02
  1.0979000000E+02   4.5231231374E-02
  1.0980000000E+02   4.3521736791E-02
  1.0981000000E+02   4.1489132391E-02
  1.0982000000E+02   3.9253845596E-02
  1.0983000000E+02   3.6939511811E-02
  1.0984000000E+02   3.4662917046E-02
  1.0985000000E+02   3.2524898683E-02
  1.0986000000E+02   3.0603159904E-02
  1.0987000000E+02   2.8947702215E-02
  1.0988000000E+02   2.7578941038E-02
  1.0989000000E+02   2.6488870935E-02
  1.0990000000E+02   2.5644818768E-02
  1.0991000000E+02   2.4995540071E-02
  1.0992000000E+02   2.4478422718E-02
  1.0993000000E+02   2.4027762814E-02
  1.0994000000E+02   2.3582399163E-02
  1.0995000000E+02   2.3092636315E-02
  1.0996000000E+02   2.2525204297E-02
  1.0997000000E+02   2.1866259323E-02
  1.0998000000E+02   2.1121772294E-02
  1.0999000000E+02   2.0316031525E-02
  1.1000000000E+02   1.9487813154E-02
  1.1001000000E+02   1.8685410782E-02
  1.1002000000E+02   1.7960661950E-02
  1.1003000000E+02   1.7362930563E-02
  1.1004000000E+02   1.6933601578E-02
  1.1005000000E+02   1.6701662065E-02
  1.1006000000E+02   1.6680784077E-02
  1.1007000000E+02   1.6868141810E-02
  1.1008000000E+02   1.7245080538E-02
  1.1009000000E+02   1.7779331817E-02
  1.1010000000E+02   1.8428848977E-02
  1.1011000000E+02   1.9146373895E-02
  1.1012000000E+02   1.9884653574E-02
  1.1013000000E+02   2.0601585788E-02
  1.1014000000E+02   2.1264572415E-02
  1.1015000000E+02   2.1853909970E-02
  1.1016000000E+02   2.2364588157E-02
  1.1017000000E+02   2.2806048922E-02
  1.1018000000E+02   2.3200505370E-02
  1.1019000000E+02   2.3579219939E-02
  1.1020000000E+02   2.3977532861E-02
  1.1021000000E+02   2.4429185034E-02
  1.1022000000E+02   2.4960481868E-02
  1.1023000000E+02   2.5585164844E-02
  1.1024000000E+02   2.6300465705E-02
  1.1025000000E+02   2.7085351514E-02
  1.1026000000E+02   2.7900788287E-02
  1.1027000000E+02   2.8692452085E-02
  1.1028000000E+02   2.9395607323E-02
  1.1029000000E+02   2.9941549591E-02
  1.1030000000E+02   3.0265003557E-02
  1.1031000000E+02   3.0311626165E-02
  1.1032000000E+02   3.0044754731E-02
  1.1033000000E+02   2.9450315831E-02
  1.1034000000E+02   2.8539672128E-02
  1.1035000000E+02   2.7349844983E-02
  1.1036000000E+02   2.5940909812E-02
  1.1037000000E+02   2.4391186274E-02
  1.1038000000E+02   2.2790541295E-02
  1.1039000000E+02   2.1232646587E-02
  1.1040000000E+02   1.9807003058E-02
  1.1041000000E+02   1.8591661610E-02
  1.1042000000E+02   1.7647352512E-02
  1.1043000000E+02   1.7013585349E-02
  1.1044000000E+02   1.6707020731E-02
  1.1045000000E+02   1.6722138531E-02
  1.1046000000E+02   1.7033956736E-02
  1.1047000000E+02   1.7602398890E-02
  1.1048000000E+02   1.8377481172E-02
  1.1049000000E+02   1.9304980666E-02
  1.1050000000E+02   2.0331601016E-02
  1.1051000000E+02   2.1409162463E-02
  1.1052000000E+02   2.2497465716E-02
  1.1053000000E+02   2.3565550135E-02
  1.1054000000E+02   2.4591347540E-02
  1.1055000000E+02   2.5560182571E-02
  1.1056000000E+02   2.6462293702E-02
  1.1057000000E+02   2.7290024223E-02
  1.1058000000E+02   2.8035225256E-02
  1.1059000000E+02   2.8687254287E-02
  1.1060000000E+02   2.9232096141E-02
  1.1061000000E+02   2.9652418312E-02
  1.1062000000E+02   2.9929089653E-02
  1.1063000000E+02   3.0043346306E-02
  1.1064000000E+02   2.9979538049E-02
  1.1065000000E+02   2.9728108561E-02
  1.1066000000E+02   2.9287997363E-02
  1.1067000000E+02   2.8668415456E-02
  1.1068000000E+02   2.7889396454E-02
  1.1069000000E+02   2.6981285677E-02
  1.1070000000E+02   2.5982860510E-02
  1.1071000000E+02   2.4938408890E-02
  1.1072000000E+02   2.3894355813E-02
  1.1073000000E+02   2.2895367234E-02
  1.1074000000E+02   2.1980925572E-02
  1.1075000000E+02   2.1182529010E-02
  1.1076000000E+02   2.0522041821E-02
  1.1077000000E+02   2.0011420419E-02
  1.1078000000E+02   1.9653873226E-02
  1.1079000000E+02   1.9446292258E-02
  1.1080000000E+02   1.9382577877E-02
  1.1081000000E+02   1.9457300718E-02
  1.1082000000E+02   1.9669041276E-02
  1.1083000000E+02   2.0022744530E-02
  1.1084000000E+02   2.0530571954E-02
  1.1085000000E+02   2.1210768685E-02
  1.1086000000E+02   2.2084747026E-02
  1.1087000000E+02   2.3172462739E-02
  1.1088000000E+02   2.4486792000E-02
  1.1089000000E+02   2.6027670720E-02
  1.1090000000E+02   2.7776846393E-02
  1.1091000000E+02   2.9694480608E-02
  1.1092000000E+02   3.1717944189E-02
  1.1093000000E+02   3.3763527218E-02
  1.1094000000E+02   3.5730846165E-02
  1.1095000000E+02   3.7510205648E-02
  1.1096000000E+02   3.8991384001E-02
  1.1097000000E+02   4.0073616890E-02
  1.1098000000E+02   4.0675438109E-02
  1.1099000000E+02   4.0743101843E-02
  1.1100000000E+02   4.0256844859E-02
  1.1101000000E+02   3.9234202615E-02
  1.1102000000E+02   3.7729905389E-02
  1.1103000000E+02   3.5832614640E-02
  1.1104000000E+02   3.3658443049E-02
  1.1105000000E+02   3.1342337090E-02
  1.1106000000E+02   2.9027853727E-02
  1.1107000000E+02   2.6856449544E-02
  1.1108000000E+02   2.4957148326E-02
  1.1109000000E+02   2.3437561845E-02
  1.1110000000E+02   2.2376851649E-02
  1.1111000000E+02   2.1821213264E-02
  1.1112000000E+02   2.1782087844E-02
  1.1113000000E+02   2.2237193954E-02
  1.1114000000E+02   2.3133871906E-02
  1.1115000000E+02   2.4394983992E-02
  1.1116000000E+02   2.5926006900E-02
  1.1117000000E+02   2.7623148905E-02
  1.1118000000E+02   2.9381568990E-02
  1.1119000000E+02   3.1102874230E-02
  1.1120000000E+02   3.2701589708E-02
  1.1121000000E+02   3.4109627281E-02
  1.1122000000E+02   3.5278971953E-02
  1.1123000000E+02   3.6182433316E-02
  1.1124000000E+02   3.6812372409E-02
  1.1125000000E+02   3.7178476602E-02
  1.1126000000E+02   3.7304419185E-02
  1.1127000000E+02   3.7224285956E-02
  1.1128000000E+02   3.6979035818E-02
  1.1129000000E+02   3.6613549016E-02
  1.1130000000E+02   3.6174102093E-02
  1.1131000000E+02   3.5706475172E-02
  1.1132000000E+02   3.5254469386E-02
  1.1133000000E+02   3.4858787743E-02
  1.1134000000E+02   3.4555767776E-02
  1.1135000000E+02   3.4376338827E-02
  1.1136000000E+02   3.4344865017E-02
  1.1137000000E+02   3.4477953254E-02
  1.1138000000E+02   3.4783515548E-02
  1.1139000000E+02   3.5260355952E-02
  1.1140000000E+02   3.5898243480E-02
  1.1141000000E+02   3.6678633808E-02
  1.1142000000E+02   3.7576200866E-02
  1.1143000000E+02   3.8560791410E-02
  1.1144000000E+02   3.9599665782E-02
  1.1145000000E+02   4.0659658763E-02
  1.1146000000E+02   4.1708913806E-02
  1.1147000000E+02   4.2717907406E-02
  1.1148000000E+02   4.3659610098E-02
  1.1149000000E+02   4.4508805010E-02
  1.1150000000E+02   4.5240806091E-02
  1.1151000000E+02   4.5829765830E-02
  1.1152000000E+02   4.6247417567E-02
  1.1153000000E+02   4.6462265191E-02
  1.1154000000E+02   4.6439904239E-02
  1.1155000000E+02   4.6144560567E-02
  1.1156000000E+02   4.5541846852E-02
  1.1157000000E+02   4.4602414502E-02
  1.1158000000E+02   4.3306014555E-02
  1.1159000000E+02   4.1645509147E-02
  1.1160000000E+02   3.9629948270E-02
  1.1161000000E+02   3.7286421424E-02
  1.1162000000E+02   3.4660110320E-02
  1.1163000000E+02   3.1812696714E-02
  1.1164000000E+02   2.8819064769E-02
  1.1165000000E+02   2.5762923362E-02
  1.1166000000E+02   2.2731521309E-02
  1.1167000000E+02   1.9810586848E-02
  1.1168000000E+02   1.7079623596E-02
  1.1169000000E+02   1.4608174347E-02
  1.1170000000E+02   1.2453289621E-02
  1.1171000000E+02   1.0658308226E-02
  1.1172000000E+02   9.2527420375E-03
  1.1173000000E+02   8.2530596027E-03
  1.1174000000E+02   7.6640983170E-03
  1.1175000000E+02   7.4805692062E-03
  1.1176000000E+02   7.6886577753E-03
  1.1177000000E+02   8.2672654732E-03
  1.1178000000E+02   9.1889024064E-03
  1.1179000000E+02   1.0420190689E-02
  1.1180000000E+02   1.1922164325E-02
  1.1181000000E+02   1.3650225055E-02
  1.1182000000E+02   1.5554377296E-02
  1.1183000000E+02   1.7579479905E-02
  1.1184000000E+02   1.9665968524E-02
  1.1185000000E+02   2.1750985742E-02
  1.1186000000E+02   2.3770202498E-02
  1.1187000000E+02   2.5659802315E-02
  1.1188000000E+02   2.7359276554E-02
  1.1189000000E+02   2.8814096692E-02
  1.1190000000E+02   2.9978562911E-02
  1.1191000000E+02   3.0818261471E-02
  1.1192000000E+02   3.1311777694E-02
  1.1193000000E+02   3.1451637090E-02
  1.1194000000E+02   3.1244317803E-02
  1.1195000000E+02   3.0709127172E-02
  1.1196000000E+02   2.9876113495E-02
  1.1197000000E+02   2.8783395623E-02
  1.1198000000E+02   2.7474131804E-02
  1.1199000000E+02   2.5993653204E-02
  1.1200000000E+02   2.4387022631E-02
  1.1201000000E+02   2.2697124944E-02
  1.1202000000E+02   2.0963844207E-02
  1.1203000000E+02   1.9223926857E-02
  1.1204000000E+02   1.7511541576E-02
  1.1205000000E+02   1.5859240533E-02
  1.1206000000E+02   1.4299011127E-02
  1.1207000000E+02   1.2863117572E-02
  1.1208000000E+02   1.1584492412E-02
  1.1209000000E+02   1.0496560823E-02
  1.1210000000E+02   9.6323172676E-03
  1.1211000000E+02   9.0230260135E-03
  1.1212000000E+02   8.6963209961E-03
  1.1213000000E+02   8.6741457402E-03
  1.1214000000E+02   8.9706695171E-03
  1.1215000000E+02   9.5903486883E-03
  1.1216000000E+02   1.0526448675E-02
  1.1217000000E+02   1.1760036664E-02
  1.1218000000E+02   1.3259660796E-02
  1.1219000000E+02   1.4981750457E-02
  1.1220000000E+02   1.6871766864E-02
  1.1221000000E+02   1.8866080181E-02
  1.1222000000E+02   2.0894492737E-02
  1.1223000000E+02   2.2883369603E-02
  1.1224000000E+02   2.4759029196E-02
  1.1225000000E+02   2.6451508550E-02
  1.1226000000E+02   2.7898248156E-02
  1.1227000000E+02   2.9047583234E-02
  1.1228000000E+02   2.9861761788E-02
  1.1229000000E+02   3.0319321419E-02
  1.1230000000E+02   3.0416438222E-02
  1.1231000000E+02   3.0167075753E-02
  1.1232000000E+02   2.9602098175E-02
  1.1233000000E+02   2.8766821638E-02
  1.1234000000E+02   2.7717534704E-02
  1.1235000000E+02   2.6516889156E-02
  1.1236000000E+02   2.5228939003E-02
  1.1237000000E+02   2.3913887473E-02
  1.1238000000E+02   2.2623611190E-02
  1.1239000000E+02   2.1397796178E-02
  1.1240000000E+02   2.0261944102E-02
  1.1241000000E+02   1.9226855129E-02
  1.1242000000E+02   1.8289595157E-02
  1.1243000000E+02   1.7436481757E-02
  1.1244000000E+02   1.6646821156E-02
  1.1245000000E+02   1.5897408412E-02
  1.1246000000E+02   1.5167052144E-02
  1.1247000000E+02   1.4440599402E-02
  1.1248000000E+02   1.3712018853E-02
  1.1249000000E+02   1.2986253298E-02
  1.1250000000E+02   1.2279727322E-02
  1.1251000000E+02   1.1619563593E-02
  1.1252000000E+02   1.1041698450E-02
  1.1253000000E+02   1.0588178600E-02
  1.1254000000E+02   1.0303960463E-02
  1.1255000000E+02   1.0233525305E-02
  1.1256000000E+02   1.0417587692E-02
  1.1257000000E+02   1.0890041345E-02
  1.1258000000E+02   1.1675413971E-02
  1.1259000000E+02   1.2786571014E-02
  1.1260000000E+02   1.4223136157E-02
  1.1261000000E+02   1.5970227261E-02
  1.1262000000E+02   1.7997559920E-02
  1.1263000000E+02   2.0259247932E-02
  1.1264000000E+02   2.2694079498E-02
  1.1265000000E+02   2.5226671735E-02
  1.1266000000E+02   2.7769337008E-02
  1.1267000000E+02   3.0225382419E-02
  1.1268000000E+02   3.2493341897E-02
  1.1269000000E+02   3.4472458781E-02
  1.1270000000E+02   3.6068991659E-02
  1.1271000000E+02   3.7203006287E-02
  1.1272000000E+02   3.7814869117E-02
  1.1273000000E+02   3.7871101491E-02
  1.1274000000E+02   3.7368316547E-02
  1.1275000000E+02   3.6335131073E-02
  1.1276000000E+02   3.4831311326E-02
  1.1277000000E+02   3.2944220482E-02
  1.1278000000E+02   3.0782746054E-02
  1.1279000000E+02   2.8469268003E-02
  1.1280000000E+02   2.6130467797E-02
  1.1281000000E+02   2.3887905096E-02
  1.1282000000E+02   2.1849406605E-02
  1.1283000000E+02   2.0101863141E-02
  1.1284000000E+02   1.8706433012E-02
  1.1285000000E+02   1.7696195432E-02
  1.1286000000E+02   1.7076436368E-02
  1.1287000000E+02   1.6827353919E-02
  1.1288000000E+02   1.6908547469E-02
  1.1289000000E+02   1.7264867801E-02
  1.1290000000E+02   1.7832704407E-02
  1.1291000000E+02   1.8546074662E-02
  1.1292000000E+02   1.9341866720E-02
  1.1293000000E+02   2.0163767809E-02
  1.1294000000E+02   2.0964619287E-02
  1.1295000000E+02   2.1707169143E-02
  1.1296000000E+02   2.2363411215E-02
  1.1297000000E+02   2.2912895163E-02
  1.1298000000E+02   2.3340406848E-02
  1.1299000000E+02   2.3633747013E-02
  1.1300000000E+02   2.3781702208E-02
  1.1301000000E+02   2.3773059343E-02
  1.1302000000E+02   2.3596357915E-02
  1.1303000000E+02   2.3240751857E-02
  1.1304000000E+02   2.2697462153E-02
  1.1305000000E+02   2.1961856550E-02
  1.1306000000E+02   2.1035473891E-02
  1.1307000000E+02   1.9927728119E-02
  1.1308000000E+02   1.8656921837E-02
  1.1309000000E+02   1.7250442839E-02
  1.1310000000E+02   1.5743822328E-02
  1.1311000000E+02   1.4179285905E-02
  1.1312000000E+02   1.2603179167E-02
  1.1313000000E+02   1.1063563861E-02
  1.1314000000E+02   9.6073602180E-03
  1.1315000000E+02   8.2780792922E-03
  1.1316000000E+02   7.1138279953E-03
  1.1317000000E+02   6.1459392273E-03
  1.1318000000E+02   5.3981401864E-03
  1.1319000000E+02   4.8861608633E-03
  1.1320000000E+02   4.6176296305E-03
  1.1321000000E+02   4.5921018264E-03
  1.1322000000E+02   4.8011120607E-03
  1.1323000000E+02   5.2282189853E-03
  1.1324000000E+02   5.8491019686E-03
  1.1325000000E+02   6.6318483882E-03
  1.1326000000E+02   7.5376154419E-03
  1.1327000000E+02   8.5218858028E-03
  1.1328000000E+02   9.5362513750E-03
  1.1329000000E+02   1.0531094204E-02
  1.1330000000E+02   1.1458640687E-02
  1.1331000000E+02   1.2276421457E-02
  1.1332000000E+02   1.2950463480E-02
  1.1333000000E+02   1.3458091954E-02
  1.1334000000E+02   1.3789669594E-02
  1.1335000000E+02   1.3949073107E-02
  1.1336000000E+02   1.3952742234E-02
  1.1337000000E+02   1.3827359192E-02
  1.1338000000E+02   1.3606546078E-02
  1.1339000000E+02   1.3326783539E-02
  1.1340000000E+02   1.3023519303E-02
  1.1341000000E+02   1.2727716382E-02
  1.1342000000E+02   1.2463480437E-02
  1.1343000000E+02   1.2247025918E-02
  1.1344000000E+02   1.2087127570E-02
  1.1345000000E+02   1.1986630068E-02
  1.1346000000E+02   1.1944980911E-02
  1.1347000000E+02   1.1960841510E-02
  1.1348000000E+02   1.2034454845E-02
  1.1349000000E+02   1.2169086798E-02
  1.1350000000E+02   1.2371237139E-02
  1.1351000000E+02   1.2649490355E-02
  1.1352000000E+02   1.3012159981E-02
  1.1353000000E+02   1.3464131846E-02
  1.1354000000E+02   1.4003496387E-02
  1.1355000000E+02   1.4618672867E-02
  1.1356000000E+02   1.5286506677E-02
  1.1357000000E+02   1.5972150430E-02
  1.1358000000E+02   1.6630565591E-02
  1.1359000000E+02   1.7209843965E-02
  1.1360000000E+02   1.7655889466E-02
  1.1361000000E+02   1.7917872733E-02
  1.1362000000E+02   1.7953714758E-02
  1.1363000000E+02   1.7734838087E-02
  1.1364000000E+02   1.7249532785E-02
  1.1365000000E+02   1.6504498192E-02
  1.1366000000E+02   1.5524400384E-02
  1.1367000000E+02   1.4349578111E-02
  1.1368000000E+02   1.3032285213E-02
  1.1369000000E+02   1.1632027032E-02
  1.1370000000E+02   1.0210664541E-02
  1.1371000000E+02   8.8277718407E-03
  1.1372000000E+02   7.5369789187E-03
  1.1373000000E+02   6.3830320416E-03
  1.1374000000E+02   5.4005057627E-03
  1.1375000000E+02   4.6132588624E-03
  1.1376000000E+02   4.0347511087E-03
  1.1377000000E+02   3.6690210487E-03
  1.1378000000E+02   3.5116772426E-03
  1.1379000000E+02   3.5511390840E-03
  1.1380000000E+02   3.7695678004E-03
  1.1381000000E+02   4.1437588650E-03
  1.1382000000E+02   4.6459990123E-03
  1.1383000000E+02   5.2450673167E-03
  1.1384000000E+02   5.9075505223E-03
  1.1385000000E+02   6.5996353068E-03
  1.1386000000E+02   7.2893611153E-03
  1.1387000000E+02   7.9492624509E-03
  1.1388000000E+02   8.5592596069E-03
  1.1389000000E+02   9.1093840162E-03
  1.1390000000E+02   9.6018234191E-03
  1.1391000000E+02   1.0052247752E-02
  1.1392000000E+02   1.0489595529E-02
  1.1393000000E+02   1.0954424773E-02
  1.1394000000E+02   1.1495555269E-02
  1.1395000000E+02   1.2165408668E-02
  1.1396000000E+02   1.3014144084E-02
  1.1397000000E+02   1.4083363842E-02
  1.1398000000E+02   1.5399875340E-02
  1.1399000000E+02   1.6970568585E-02
  1.1400000000E+02   1.8778721307E-02
  1.1401000000E+02   2.0782779791E-02
  1.1402000000E+02   2.2917488167E-02
  1.1403000000E+02   2.5097936162E-02
  1.1404000000E+02   2.7225961845E-02
  1.1405000000E+02   2.9198504424E-02
  1.1406000000E+02   3.0917060432E-02
  1.1407000000E+02   3.2297240680E-02
  1.1408000000E+02   3.3277359235E-02
  1.1409000000E+02   3.3825054054E-02
  1.1410000000E+02   3.3941138524E-02
  1.1411000000E+02   3.3660190928E-02
  1.1412000000E+02   3.3047764572E-02
  1.1413000000E+02   3.2194493807E-02
  1.1414000000E+02   3.1207726752E-02
  1.1415000000E+02   3.0201586539E-02
  1.1416000000E+02   2.9286515575E-02
  1.1417000000E+02   2.8559376359E-02
  1.1418000000E+02   2.8095072832E-02
  1.1419000000E+02   2.7940441216E-02
  1.1420000000E+02   2.8110875137E-02
  1.1421000000E+02   2.8589839188E-02
  1.1422000000E+02   2.9331129636E-02
  1.1423000000E+02   3.0263494808E-02
  1.1424000000E+02   3.1297052620E-02
  1.1425000000E+02   3.2330846982E-02
  1.1426000000E+02   3.3260863323E-02
  1.1427000000E+02   3.3987849486E-02
  1.1428000000E+02   3.4424500926E-02
  1.1429000000E+02   3.4501148204E-02
  1.1430000000E+02   3.4170331246E-02
  1.1431000000E+02   3.3409297060E-02
  1.1432000000E+02   3.2220761387E-02
  1.1433000000E+02   3.0631819358E-02
  1.1434000000E+02   2.8691171954E-02
  1.1435000000E+02   2.6464941381E-02
  1.1436000000E+02   2.4031459945E-02
  1.1437000000E+02   2.1475502704E-02
  1.1438000000E+02   1.8882478934E-02
  1.1439000000E+02   1.6333089633E-02
  1.1440000000E+02   1.3898893371E-02
  1.1441000000E+02   1.1639105827E-02
  1.1442000000E+02   9.5988039634E-03
  1.1443000000E+02   7.8085618564E-03
  1.1444000000E+02   6.2852182756E-03
  1.1445000000E+02   5.0338409078E-03
  1.1446000000E+02   4.0499753476E-03
  1.1447000000E+02   3.3223043468E-03
  1.1448000000E+02   2.8350507449E-03
  1.1449000000E+02   2.5698966738E-03
  1.1450000000E+02   2.5073586560E-03
  1.1451000000E+02   2.6272927602E-03
  1.1452000000E+02   2.9089697116E-03
  1.1453000000E+02   3.3306035351E-03
  1.1454000000E+02   3.8687175530E-03
  1.1455000000E+02   4.4976037455E-03
  1.1456000000E+02   5.1891417737E-03
  1.1457000000E+02   5.9131814542E-03
  1.1458000000E+02   6.6385908117E-03
  1.1459000000E+02   7.3349446071E-03
  1.1460000000E+02   7.9746944942E-03
  1.1461000000E+02   8.5355192522E-03
  1.1462000000E+02   9.0026584103E-03
  1.1463000000E+02   9.3704062097E-03
  1.1464000000E+02   9.6430732322E-03
  1.1465000000E+02   9.8346072319E-03
  1.1466000000E+02   9.9671576135E-03
  1.1467000000E+02   1.0068293843E-02
  1.1468000000E+02   1.0167635884E-02
  1.1469000000E+02   1.0292887060E-02
  1.1470000000E+02   1.0466034256E-02
  1.1471000000E+02   1.0700043580E-02
  1.1472000000E+02   1.0996632048E-02
  1.1473000000E+02   1.1345464821E-02
  1.1474000000E+02   1.1724780207E-02
  1.1475000000E+02   1.2103472376E-02
  1.1476000000E+02   1.2444346355E-02
  1.1477000000E+02   1.2708129554E-02
  1.1478000000E+02   1.2857730848E-02
  1.1479000000E+02   1.2862219016E-02
  1.1480000000E+02   1.2700047464E-02
  1.1481000000E+02   1.2361181087E-02
  1.1482000000E+02   1.1847878108E-02
  1.1483000000E+02   1.1174226184E-02
  1.1484000000E+02   1.0364446618E-02
  1.1485000000E+02   9.4503429510E-03
  1.1486000000E+02   8.4682268231E-03
  1.1487000000E+02   7.4557181654E-03
  1.1488000000E+02   6.4487974357E-03
  1.1489000000E+02   5.4793224749E-03
  1.1490000000E+02   4.5733638406E-03
  1.1491000000E+02   3.7502386891E-03
  1.1492000000E+02   3.0223503629E-03
  1.1493000000E+02   2.3956766957E-03
  1.1494000000E+02   1.8707767515E-03
  1.1495000000E+02   1.4440372368E-03
  1.1496000000E+02   1.1090904177E-03
  1.1497000000E+02   8.5825946802E-04
  1.1498000000E+02   6.8372751994E-04
  1.1499000000E+02   5.7853466546E-04
  1.1500000000E+02   5.3726081890E-04
  1.1501000000E+02   5.5646921408E-04
  1.1502000000E+02   6.3472517402E-04
  1.1503000000E+02   7.7251860206E-04
  1.1504000000E+02   9.7189075965E-04
  1.1505000000E+02   1.2359410864E-03
  1.1506000000E+02   1.5682609611E-03
  1.1507000000E+02   1.9723685143E-03
  1.1508000000E+02   2.4512165037E-03
  1.1509000000E+02   3.0068343357E-03
  1.1510000000E+02   3.6401437748E-03
  1.1511000000E+02   4.3509558271E-03
  1.1512000000E+02   5.1381166519E-03
  1.1513000000E+02   5.9997292050E-03
  1.1514000000E+02   6.9333432971E-03
  1.1515000000E+02   7.9359775867E-03
  1.1516000000E+02   9.0039352907E-03
  1.1517000000E+02   1.0132121545E-02
  1.1518000000E+02   1.1313168915E-02
  1.1519000000E+02   1.2536174798E-02
  1.1520000000E+02   1.3785391630E-02
  1.1521000000E+02   1.5038974466E-02
  1.1522000000E+02   1.6268267742E-02
  1.1523000000E+02   1.7437768906E-02
  1.1524000000E+02   1.8506065160E-02
  1.1525000000E+02   1.9427829708E-02
  1.1526000000E+02   2.0156812008E-02
  1.1527000000E+02   2.0649576482E-02
  1.1528000000E+02   2.0869584027E-02
  1.1529000000E+02   2.0791124259E-02
  1.1530000000E+02   2.0402457305E-02
  1.1531000000E+02   1.9707909701E-02
  1.1532000000E+02   1.8728332483E-02
  1.1533000000E+02   1.7499977493E-02
  1.1534000000E+02   1.6071837330E-02
  1.1535000000E+02   1.4501784062E-02
  1.1536000000E+02   1.2851991717E-02
  1.1537000000E+02   1.1184206310E-02
  1.1538000000E+02   9.5554150253E-03
  1.1539000000E+02   8.0143713074E-03
  1.1540000000E+02   6.5992777836E-03
  1.1541000000E+02   5.3367456299E-03
  1.1542000000E+02   4.2419704183E-03
  1.1543000000E+02   3.3199184056E-03
  1.1544000000E+02   2.5672481734E-03
  1.1545000000E+02   1.9744950901E-03
  1.1546000000E+02   1.5284919912E-03
  1.1547000000E+02   1.2143510632E-03
  1.1548000000E+02   1.0171766632E-03
  1.1549000000E+02   9.2315949400E-04
  1.1550000000E+02   9.2018641466E-04
  1.1551000000E+02   9.9778631039E-04
  1.1552000000E+02   1.1469520013E-03
  1.1553000000E+02   1.3593946969E-03
  1.1554000000E+02   1.6269772118E-03
  1.1555000000E+02   1.9409788257E-03
  1.1556000000E+02   2.2917612581E-03
  1.1557000000E+02   2.6686951607E-03
  1.1558000000E+02   3.0605244695E-03
  1.1559000000E+02   3.4561626806E-03
  1.1560000000E+02   3.8458575615E-03
  1.1561000000E+02   4.2226385291E-03
  1.1562000000E+02   4.5837422085E-03
  1.1563000000E+02   4.9319554758E-03
  1.1564000000E+02   5.2764882993E-03
  1.1565000000E+02   5.6332206625E-03
  1.1566000000E+02   6.0241301677E-03
  1.1567000000E+02   6.4759165362E-03
  1.1568000000E+02   7.0176549575E-03
  1.1569000000E+02   7.6778224455E-03
  1.1570000000E+02   8.4809400628E-03
  1.1571000000E+02   9.4440502149E-03
  1.1572000000E+02   1.0573517691E-02
  1.1573000000E+02   1.1862517690E-02
  1.1574000000E+02   1.3289552917E-02
  1.1575000000E+02   1.4818249888E-02
  1.1576000000E+02   1.6398557823E-02
  1.1577000000E+02   1.7969326223E-02
  1.1578000000E+02   1.9462086411E-02
  1.1579000000E+02   2.0805725912E-02
  1.1580000000E+02   2.1931639091E-02
  1.1581000000E+02   2.2778875854E-02
  1.1582000000E+02   2.3298800482E-02
  1.1583000000E+02   2.3458816519E-02
  1.1584000000E+02   2.3244806590E-02
  1.1585000000E+02   2.2662067462E-02
  1.1586000000E+02   2.1734675602E-02
  1.1587000000E+02   2.0503378636E-02
  1.1588000000E+02   1.9022254819E-02
  1.1589000000E+02   1.7354498640E-02
  1.1590000000E+02   1.5567762736E-02
  1.1591000000E+02   1.3729506874E-02
  1.1592000000E+02   1.1902773290E-02
  1.1593000000E+02   1.0142730378E-02
  1.1594000000E+02   8.4942161885E-03
  1.1595000000E+02   6.9903856614E-03
  1.1596000000E+02   5.6524390831E-03
  1.1597000000E+02   4.4903000099E-03
  1.1598000000E+02   3.5040314406E-03
  1.1599000000E+02   2.6857359061E-03
  1.1600000000E+02   2.0216690051E-03
  1.1601000000E+02   1.4943964770E-03
  1.1602000000E+02   1.0846309502E-03
  1.1603000000E+02   7.7288551783E-04
  1.1604000000E+02   5.4065990825E-04
  1.1605000000E+02   3.7125304022E-04
  1.1606000000E+02   2.5023679518E-04
  1.1607000000E+02   1.6555170561E-04
  1.1608000000E+02   1.0752060944E-04
  1.1609000000E+02   6.8592938417E-05
  1.1610000000E+02   4.3064209722E-05
  1.1611000000E+02   2.6759487532E-05
  1.1612000000E+02   1.6729691906E-05
  1.1613000000E+02   1.0985843017E-05
  1.1614000000E+02   8.2848364232E-06
  1.1615000000E+02   7.9717250745E-06
  1.1616000000E+02   9.8626512420E-06
  1.1617000000E+02   1.4260797894E-05
  1.1618000000E+02   2.1823408271E-05
  1.1619000000E+02   3.3716173676E-05
  1.1620000000E+02   5.1567100679E-05
  1.1621000000E+02   7.7568819738E-05
  1.1622000000E+02   1.1449105798E-04
  1.1623000000E+02   1.6573045459E-04
  1.1624000000E+02   2.3516640203E-04
  1.1625000000E+02   3.2710897009E-04
  1.1626000000E+02   4.4598858487E-04
  1.1627000000E+02   5.9603140414E-04
  1.1628000000E+02   7.8077995091E-04
  1.1629000000E+02   1.0025413018E-03
  1.1630000000E+02   1.2617984923E-03
  1.1631000000E+02   1.5566531160E-03
  1.1632000000E+02   1.8823821541E-03
  1.1633000000E+02   2.2311966992E-03
  1.1634000000E+02   2.5922807273E-03
  1.1635000000E+02   2.9521628697E-03
  1.1636000000E+02   3.2954346717E-03
  1.1637000000E+02   3.6057798712E-03
  1.1638000000E+02   3.8672284116E-03
  1.1639000000E+02   4.0655054520E-03
  1.1640000000E+02   4.1893185256E-03
  1.1641000000E+02   4.2314218766E-03
  1.1642000000E+02   4.1893185253E-03
  1.1643000000E+02   4.0655054513E-03
  1.1644000000E+02   3.8672284106E-03
  1.1645000000E+02   3.6057798700E-03
  1.1646000000E+02   3.2954346703E-03
  1.1647000000E+02   2.9521628682E-03
  1.1648000000E+02   2.5922807258E-03
  1.1649000000E+02   2.2311966977E-03
  1.1650000000E+02   1.8823821527E-03
  1.1651000000E+02   1.5566531147E-03
  1.1652000000E+02   1.2617984911E-03
  1.1653000000E+02   1.0025413008E-03
  1.1654000000E+02   7.8077995006E-04
  1.1655000000E+02   5.9603140344E-04
  1.1656000000E+02   4.4598858431E-04
  1.1657000000E+02   3.2710896966E-04
  1.1658000000E+02   2.3516640170E-04
  1.1659000000E+02   1.6571896237E-04
  1.1660000000E+02   1.1446777654E-04
  1.1661000000E+02   7.7501195013E-05
  1.1662000000E+02   5.1433687454E-05
  1.1663000000E+02   3.3458081463E-05
  1.1664000000E+02   2.1333814639E-05
  1.1665000000E+02   1.3333682540E-05
  1.1666000000E+02   8.1685658553E-06
  1.1667000000E+02   4.9051876811E-06
  1.1668000000E+02   2.8872178462E-06
  1.1669000000E+02   1.6657797888E-06
  1.1670000000E+02   9.4204084581E-07
  1.1671000000E+02   5.2219894415E-07
  1.1672000000E+02   2.8373725012E-07
  1.1673000000E+02   1.5111613305E-07
  1.1674000000E+02   7.8889539055E-08
  1.1675000000E+02   4.0368453830E-08
  1.1676000000E+02   2.0247850386E-08
