|===============================================================================
|
|  DFTB+ release 24.1
|
|  Copyright (C) 2006 - 2024  DFTB+ developers group
|
|===============================================================================
|
|  When publishing results obtained with DFTB+, please cite the following
|  reference:
|
|  * DFTB+, a software package for efficient approximate density functional
|    theory based atomistic simulations, J. Chem. Phys. 152, 124101 (2020).
|    [doi: 10.1063/1.5143190]
|
|  You should also cite additional publications crediting the parametrization
|  data you use. Please consult the documentation of the SK-files for the
|  references.
|
|===============================================================================

Reading input file 'dftb_in.hsd'
Parser version: 14

--------------------------------------------------------------------------------
***  Converting input from parser version 12 to parser version 14 ...
***  Done.

Reading SK-files:
/Users/inp5/Desktop/research/tight_binding/dftb_test/params/siband-1.1.0/skfiles/Si-Si.skf
Done.


Processed input in HSD format written to 'dftb_pin.hsd'

Starting initialization...
--------------------------------------------------------------------------------
WARNING!
-> Dipole printed for extended system : value printed is not well defined
OpenMP threads:              12
Chosen random seed:          1497553661
Current stacksize:           8 [Mb] (recommended: unlimited)
WARNING!
-> Current stacksize not set to unlimited or hard limit, which might cause
   random crashes (e.g. segmentation faults). It is advised to unlimit the
   stacksize by issuing 'ulimit -s unlimited' (Linux) or setting it to the 
   hard limit by 'ulimit -s hard' (Mac) in advance.
Mode:                        Static calculation
Self consistent charges:     Yes
SCC-tolerance:                 0.100000E-04
Max. scc iterations:                    100
Shell resolved Hubbard:      No
Spin polarisation:           No
Nr. of up electrons:             4.000000
Nr. of down electrons:           4.000000
Periodic boundaries:         Yes
Electronic solver:           Relatively robust
Mixer:                       Broyden mixer
Mixing parameter:                  0.200000
Maximal SCC-cycles:                     100
Nr. of chrg. vec. in memory:            100
Electronic temperature:              0.100000E-07 H      0.272114E-06 eV
Initial charges:             Set automatically (system chrg:   0.000E+00)
Included shells:            Si:  s, p, d
K-points and weights:           1:  0.025000  0.025000  0.025000     0.000250
                                2:  0.025000  0.025000  0.075000     0.000250
                                3:  0.025000  0.025000  0.125000     0.000250
                                4:  0.025000  0.025000  0.175000     0.000250
                                5:  0.025000  0.025000  0.225000     0.000250
                                6:  0.025000  0.025000  0.275000     0.000250
                                7:  0.025000  0.025000  0.325000     0.000250
                                8:  0.025000  0.025000  0.375000     0.000250
                                9:  0.025000  0.025000  0.425000     0.000250
                               10:  0.025000  0.025000  0.475000     0.000250
                               11:  0.025000  0.025000  0.525000     0.000250
                               12:  0.025000  0.025000  0.575000     0.000250
                               13:  0.025000  0.025000  0.625000     0.000250
                               14:  0.025000  0.025000  0.675000     0.000250
                               15:  0.025000  0.025000  0.725000     0.000250
                               16:  0.025000  0.025000  0.775000     0.000250
                               17:  0.025000  0.025000  0.825000     0.000250
                               18:  0.025000  0.025000  0.875000     0.000250
                               19:  0.025000  0.025000  0.925000     0.000250
                               20:  0.025000  0.025000  0.975000     0.000250
                               21:  0.025000  0.075000  0.025000     0.000250
                               22:  0.025000  0.075000  0.075000     0.000250
                               23:  0.025000  0.075000  0.125000     0.000250
                               24:  0.025000  0.075000  0.175000     0.000250
                               25:  0.025000  0.075000  0.225000     0.000250
                               26:  0.025000  0.075000  0.275000     0.000250
                               27:  0.025000  0.075000  0.325000     0.000250
                               28:  0.025000  0.075000  0.375000     0.000250
                               29:  0.025000  0.075000  0.425000     0.000250
                               30:  0.025000  0.075000  0.475000     0.000250
                               31:  0.025000  0.075000  0.525000     0.000250
                               32:  0.025000  0.075000  0.575000     0.000250
                               33:  0.025000  0.075000  0.625000     0.000250
                               34:  0.025000  0.075000  0.675000     0.000250
                               35:  0.025000  0.075000  0.725000     0.000250
                               36:  0.025000  0.075000  0.775000     0.000250
                               37:  0.025000  0.075000  0.825000     0.000250
                               38:  0.025000  0.075000  0.875000     0.000250
                               39:  0.025000  0.075000  0.925000     0.000250
                               40:  0.025000  0.075000  0.975000     0.000250
                               41:  0.025000  0.125000  0.025000     0.000250
                               42:  0.025000  0.125000  0.075000     0.000250
                               43:  0.025000  0.125000  0.125000     0.000250
                               44:  0.025000  0.125000  0.175000     0.000250
                               45:  0.025000  0.125000  0.225000     0.000250
                               46:  0.025000  0.125000  0.275000     0.000250
                               47:  0.025000  0.125000  0.325000     0.000250
                               48:  0.025000  0.125000  0.375000     0.000250
                               49:  0.025000  0.125000  0.425000     0.000250
                               50:  0.025000  0.125000  0.475000     0.000250
                               51:  0.025000  0.125000  0.525000     0.000250
                               52:  0.025000  0.125000  0.575000     0.000250
                               53:  0.025000  0.125000  0.625000     0.000250
                               54:  0.025000  0.125000  0.675000     0.000250
                               55:  0.025000  0.125000  0.725000     0.000250
                               56:  0.025000  0.125000  0.775000     0.000250
                               57:  0.025000  0.125000  0.825000     0.000250
                               58:  0.025000  0.125000  0.875000     0.000250
                               59:  0.025000  0.125000  0.925000     0.000250
                               60:  0.025000  0.125000  0.975000     0.000250
                               61:  0.025000  0.175000  0.025000     0.000250
                               62:  0.025000  0.175000  0.075000     0.000250
                               63:  0.025000  0.175000  0.125000     0.000250
                               64:  0.025000  0.175000  0.175000     0.000250
                               65:  0.025000  0.175000  0.225000     0.000250
                               66:  0.025000  0.175000  0.275000     0.000250
                               67:  0.025000  0.175000  0.325000     0.000250
                               68:  0.025000  0.175000  0.375000     0.000250
                               69:  0.025000  0.175000  0.425000     0.000250
                               70:  0.025000  0.175000  0.475000     0.000250
                               71:  0.025000  0.175000  0.525000     0.000250
                               72:  0.025000  0.175000  0.575000     0.000250
                               73:  0.025000  0.175000  0.625000     0.000250
                               74:  0.025000  0.175000  0.675000     0.000250
                               75:  0.025000  0.175000  0.725000     0.000250
                               76:  0.025000  0.175000  0.775000     0.000250
                               77:  0.025000  0.175000  0.825000     0.000250
                               78:  0.025000  0.175000  0.875000     0.000250
                               79:  0.025000  0.175000  0.925000     0.000250
                               80:  0.025000  0.175000  0.975000     0.000250
                               81:  0.025000  0.225000  0.025000     0.000250
                               82:  0.025000  0.225000  0.075000     0.000250
                               83:  0.025000  0.225000  0.125000     0.000250
                               84:  0.025000  0.225000  0.175000     0.000250
                               85:  0.025000  0.225000  0.225000     0.000250
                               86:  0.025000  0.225000  0.275000     0.000250
                               87:  0.025000  0.225000  0.325000     0.000250
                               88:  0.025000  0.225000  0.375000     0.000250
                               89:  0.025000  0.225000  0.425000     0.000250
                               90:  0.025000  0.225000  0.475000     0.000250
                               91:  0.025000  0.225000  0.525000     0.000250
                               92:  0.025000  0.225000  0.575000     0.000250
                               93:  0.025000  0.225000  0.625000     0.000250
                               94:  0.025000  0.225000  0.675000     0.000250
                               95:  0.025000  0.225000  0.725000     0.000250
                               96:  0.025000  0.225000  0.775000     0.000250
                               97:  0.025000  0.225000  0.825000     0.000250
                               98:  0.025000  0.225000  0.875000     0.000250
                               99:  0.025000  0.225000  0.925000     0.000250
                              100:  0.025000  0.225000  0.975000     0.000250
                              101:  0.025000  0.275000  0.025000     0.000250
                              102:  0.025000  0.275000  0.075000     0.000250
                              103:  0.025000  0.275000  0.125000     0.000250
                              104:  0.025000  0.275000  0.175000     0.000250
                              105:  0.025000  0.275000  0.225000     0.000250
                              106:  0.025000  0.275000  0.275000     0.000250
                              107:  0.025000  0.275000  0.325000     0.000250
                              108:  0.025000  0.275000  0.375000     0.000250
                              109:  0.025000  0.275000  0.425000     0.000250
                              110:  0.025000  0.275000  0.475000     0.000250
                              111:  0.025000  0.275000  0.525000     0.000250
                              112:  0.025000  0.275000  0.575000     0.000250
                              113:  0.025000  0.275000  0.625000     0.000250
                              114:  0.025000  0.275000  0.675000     0.000250
                              115:  0.025000  0.275000  0.725000     0.000250
                              116:  0.025000  0.275000  0.775000     0.000250
                              117:  0.025000  0.275000  0.825000     0.000250
                              118:  0.025000  0.275000  0.875000     0.000250
                              119:  0.025000  0.275000  0.925000     0.000250
                              120:  0.025000  0.275000  0.975000     0.000250
                              121:  0.025000  0.325000  0.025000     0.000250
                              122:  0.025000  0.325000  0.075000     0.000250
                              123:  0.025000  0.325000  0.125000     0.000250
                              124:  0.025000  0.325000  0.175000     0.000250
                              125:  0.025000  0.325000  0.225000     0.000250
                              126:  0.025000  0.325000  0.275000     0.000250
                              127:  0.025000  0.325000  0.325000     0.000250
                              128:  0.025000  0.325000  0.375000     0.000250
                              129:  0.025000  0.325000  0.425000     0.000250
                              130:  0.025000  0.325000  0.475000     0.000250
                              131:  0.025000  0.325000  0.525000     0.000250
                              132:  0.025000  0.325000  0.575000     0.000250
                              133:  0.025000  0.325000  0.625000     0.000250
                              134:  0.025000  0.325000  0.675000     0.000250
                              135:  0.025000  0.325000  0.725000     0.000250
                              136:  0.025000  0.325000  0.775000     0.000250
                              137:  0.025000  0.325000  0.825000     0.000250
                              138:  0.025000  0.325000  0.875000     0.000250
                              139:  0.025000  0.325000  0.925000     0.000250
                              140:  0.025000  0.325000  0.975000     0.000250
                              141:  0.025000  0.375000  0.025000     0.000250
                              142:  0.025000  0.375000  0.075000     0.000250
                              143:  0.025000  0.375000  0.125000     0.000250
                              144:  0.025000  0.375000  0.175000     0.000250
                              145:  0.025000  0.375000  0.225000     0.000250
                              146:  0.025000  0.375000  0.275000     0.000250
                              147:  0.025000  0.375000  0.325000     0.000250
                              148:  0.025000  0.375000  0.375000     0.000250
                              149:  0.025000  0.375000  0.425000     0.000250
                              150:  0.025000  0.375000  0.475000     0.000250
                              151:  0.025000  0.375000  0.525000     0.000250
                              152:  0.025000  0.375000  0.575000     0.000250
                              153:  0.025000  0.375000  0.625000     0.000250
                              154:  0.025000  0.375000  0.675000     0.000250
                              155:  0.025000  0.375000  0.725000     0.000250
                              156:  0.025000  0.375000  0.775000     0.000250
                              157:  0.025000  0.375000  0.825000     0.000250
                              158:  0.025000  0.375000  0.875000     0.000250
                              159:  0.025000  0.375000  0.925000     0.000250
                              160:  0.025000  0.375000  0.975000     0.000250
                              161:  0.025000  0.425000  0.025000     0.000250
                              162:  0.025000  0.425000  0.075000     0.000250
                              163:  0.025000  0.425000  0.125000     0.000250
                              164:  0.025000  0.425000  0.175000     0.000250
                              165:  0.025000  0.425000  0.225000     0.000250
                              166:  0.025000  0.425000  0.275000     0.000250
                              167:  0.025000  0.425000  0.325000     0.000250
                              168:  0.025000  0.425000  0.375000     0.000250
                              169:  0.025000  0.425000  0.425000     0.000250
                              170:  0.025000  0.425000  0.475000     0.000250
                              171:  0.025000  0.425000  0.525000     0.000250
                              172:  0.025000  0.425000  0.575000     0.000250
                              173:  0.025000  0.425000  0.625000     0.000250
                              174:  0.025000  0.425000  0.675000     0.000250
                              175:  0.025000  0.425000  0.725000     0.000250
                              176:  0.025000  0.425000  0.775000     0.000250
                              177:  0.025000  0.425000  0.825000     0.000250
                              178:  0.025000  0.425000  0.875000     0.000250
                              179:  0.025000  0.425000  0.925000     0.000250
                              180:  0.025000  0.425000  0.975000     0.000250
                              181:  0.025000  0.475000  0.025000     0.000250
                              182:  0.025000  0.475000  0.075000     0.000250
                              183:  0.025000  0.475000  0.125000     0.000250
                              184:  0.025000  0.475000  0.175000     0.000250
                              185:  0.025000  0.475000  0.225000     0.000250
                              186:  0.025000  0.475000  0.275000     0.000250
                              187:  0.025000  0.475000  0.325000     0.000250
                              188:  0.025000  0.475000  0.375000     0.000250
                              189:  0.025000  0.475000  0.425000     0.000250
                              190:  0.025000  0.475000  0.475000     0.000250
                              191:  0.025000  0.475000  0.525000     0.000250
                              192:  0.025000  0.475000  0.575000     0.000250
                              193:  0.025000  0.475000  0.625000     0.000250
                              194:  0.025000  0.475000  0.675000     0.000250
                              195:  0.025000  0.475000  0.725000     0.000250
                              196:  0.025000  0.475000  0.775000     0.000250
                              197:  0.025000  0.475000  0.825000     0.000250
                              198:  0.025000  0.475000  0.875000     0.000250
                              199:  0.025000  0.475000  0.925000     0.000250
                              200:  0.025000  0.475000  0.975000     0.000250
                              201:  0.025000  0.525000  0.025000     0.000250
                              202:  0.025000  0.525000  0.075000     0.000250
                              203:  0.025000  0.525000  0.125000     0.000250
                              204:  0.025000  0.525000  0.175000     0.000250
                              205:  0.025000  0.525000  0.225000     0.000250
                              206:  0.025000  0.525000  0.275000     0.000250
                              207:  0.025000  0.525000  0.325000     0.000250
                              208:  0.025000  0.525000  0.375000     0.000250
                              209:  0.025000  0.525000  0.425000     0.000250
                              210:  0.025000  0.525000  0.475000     0.000250
                              211:  0.025000  0.525000  0.525000     0.000250
                              212:  0.025000  0.525000  0.575000     0.000250
                              213:  0.025000  0.525000  0.625000     0.000250
                              214:  0.025000  0.525000  0.675000     0.000250
                              215:  0.025000  0.525000  0.725000     0.000250
                              216:  0.025000  0.525000  0.775000     0.000250
                              217:  0.025000  0.525000  0.825000     0.000250
                              218:  0.025000  0.525000  0.875000     0.000250
                              219:  0.025000  0.525000  0.925000     0.000250
                              220:  0.025000  0.525000  0.975000     0.000250
                              221:  0.025000  0.575000  0.025000     0.000250
                              222:  0.025000  0.575000  0.075000     0.000250
                              223:  0.025000  0.575000  0.125000     0.000250
                              224:  0.025000  0.575000  0.175000     0.000250
                              225:  0.025000  0.575000  0.225000     0.000250
                              226:  0.025000  0.575000  0.275000     0.000250
                              227:  0.025000  0.575000  0.325000     0.000250
                              228:  0.025000  0.575000  0.375000     0.000250
                              229:  0.025000  0.575000  0.425000     0.000250
                              230:  0.025000  0.575000  0.475000     0.000250
                              231:  0.025000  0.575000  0.525000     0.000250
                              232:  0.025000  0.575000  0.575000     0.000250
                              233:  0.025000  0.575000  0.625000     0.000250
                              234:  0.025000  0.575000  0.675000     0.000250
                              235:  0.025000  0.575000  0.725000     0.000250
                              236:  0.025000  0.575000  0.775000     0.000250
                              237:  0.025000  0.575000  0.825000     0.000250
                              238:  0.025000  0.575000  0.875000     0.000250
                              239:  0.025000  0.575000  0.925000     0.000250
                              240:  0.025000  0.575000  0.975000     0.000250
                              241:  0.025000  0.625000  0.025000     0.000250
                              242:  0.025000  0.625000  0.075000     0.000250
                              243:  0.025000  0.625000  0.125000     0.000250
                              244:  0.025000  0.625000  0.175000     0.000250
                              245:  0.025000  0.625000  0.225000     0.000250
                              246:  0.025000  0.625000  0.275000     0.000250
                              247:  0.025000  0.625000  0.325000     0.000250
                              248:  0.025000  0.625000  0.375000     0.000250
                              249:  0.025000  0.625000  0.425000     0.000250
                              250:  0.025000  0.625000  0.475000     0.000250
                              251:  0.025000  0.625000  0.525000     0.000250
                              252:  0.025000  0.625000  0.575000     0.000250
                              253:  0.025000  0.625000  0.625000     0.000250
                              254:  0.025000  0.625000  0.675000     0.000250
                              255:  0.025000  0.625000  0.725000     0.000250
                              256:  0.025000  0.625000  0.775000     0.000250
                              257:  0.025000  0.625000  0.825000     0.000250
                              258:  0.025000  0.625000  0.875000     0.000250
                              259:  0.025000  0.625000  0.925000     0.000250
                              260:  0.025000  0.625000  0.975000     0.000250
                              261:  0.025000  0.675000  0.025000     0.000250
                              262:  0.025000  0.675000  0.075000     0.000250
                              263:  0.025000  0.675000  0.125000     0.000250
                              264:  0.025000  0.675000  0.175000     0.000250
                              265:  0.025000  0.675000  0.225000     0.000250
                              266:  0.025000  0.675000  0.275000     0.000250
                              267:  0.025000  0.675000  0.325000     0.000250
                              268:  0.025000  0.675000  0.375000     0.000250
                              269:  0.025000  0.675000  0.425000     0.000250
                              270:  0.025000  0.675000  0.475000     0.000250
                              271:  0.025000  0.675000  0.525000     0.000250
                              272:  0.025000  0.675000  0.575000     0.000250
                              273:  0.025000  0.675000  0.625000     0.000250
                              274:  0.025000  0.675000  0.675000     0.000250
                              275:  0.025000  0.675000  0.725000     0.000250
                              276:  0.025000  0.675000  0.775000     0.000250
                              277:  0.025000  0.675000  0.825000     0.000250
                              278:  0.025000  0.675000  0.875000     0.000250
                              279:  0.025000  0.675000  0.925000     0.000250
                              280:  0.025000  0.675000  0.975000     0.000250
                              281:  0.025000  0.725000  0.025000     0.000250
                              282:  0.025000  0.725000  0.075000     0.000250
                              283:  0.025000  0.725000  0.125000     0.000250
                              284:  0.025000  0.725000  0.175000     0.000250
                              285:  0.025000  0.725000  0.225000     0.000250
                              286:  0.025000  0.725000  0.275000     0.000250
                              287:  0.025000  0.725000  0.325000     0.000250
                              288:  0.025000  0.725000  0.375000     0.000250
                              289:  0.025000  0.725000  0.425000     0.000250
                              290:  0.025000  0.725000  0.475000     0.000250
                              291:  0.025000  0.725000  0.525000     0.000250
                              292:  0.025000  0.725000  0.575000     0.000250
                              293:  0.025000  0.725000  0.625000     0.000250
                              294:  0.025000  0.725000  0.675000     0.000250
                              295:  0.025000  0.725000  0.725000     0.000250
                              296:  0.025000  0.725000  0.775000     0.000250
                              297:  0.025000  0.725000  0.825000     0.000250
                              298:  0.025000  0.725000  0.875000     0.000250
                              299:  0.025000  0.725000  0.925000     0.000250
                              300:  0.025000  0.725000  0.975000     0.000250
                              301:  0.025000  0.775000  0.025000     0.000250
                              302:  0.025000  0.775000  0.075000     0.000250
                              303:  0.025000  0.775000  0.125000     0.000250
                              304:  0.025000  0.775000  0.175000     0.000250
                              305:  0.025000  0.775000  0.225000     0.000250
                              306:  0.025000  0.775000  0.275000     0.000250
                              307:  0.025000  0.775000  0.325000     0.000250
                              308:  0.025000  0.775000  0.375000     0.000250
                              309:  0.025000  0.775000  0.425000     0.000250
                              310:  0.025000  0.775000  0.475000     0.000250
                              311:  0.025000  0.775000  0.525000     0.000250
                              312:  0.025000  0.775000  0.575000     0.000250
                              313:  0.025000  0.775000  0.625000     0.000250
                              314:  0.025000  0.775000  0.675000     0.000250
                              315:  0.025000  0.775000  0.725000     0.000250
                              316:  0.025000  0.775000  0.775000     0.000250
                              317:  0.025000  0.775000  0.825000     0.000250
                              318:  0.025000  0.775000  0.875000     0.000250
                              319:  0.025000  0.775000  0.925000     0.000250
                              320:  0.025000  0.775000  0.975000     0.000250
                              321:  0.025000  0.825000  0.025000     0.000250
                              322:  0.025000  0.825000  0.075000     0.000250
                              323:  0.025000  0.825000  0.125000     0.000250
                              324:  0.025000  0.825000  0.175000     0.000250
                              325:  0.025000  0.825000  0.225000     0.000250
                              326:  0.025000  0.825000  0.275000     0.000250
                              327:  0.025000  0.825000  0.325000     0.000250
                              328:  0.025000  0.825000  0.375000     0.000250
                              329:  0.025000  0.825000  0.425000     0.000250
                              330:  0.025000  0.825000  0.475000     0.000250
                              331:  0.025000  0.825000  0.525000     0.000250
                              332:  0.025000  0.825000  0.575000     0.000250
                              333:  0.025000  0.825000  0.625000     0.000250
                              334:  0.025000  0.825000  0.675000     0.000250
                              335:  0.025000  0.825000  0.725000     0.000250
                              336:  0.025000  0.825000  0.775000     0.000250
                              337:  0.025000  0.825000  0.825000     0.000250
                              338:  0.025000  0.825000  0.875000     0.000250
                              339:  0.025000  0.825000  0.925000     0.000250
                              340:  0.025000  0.825000  0.975000     0.000250
                              341:  0.025000  0.875000  0.025000     0.000250
                              342:  0.025000  0.875000  0.075000     0.000250
                              343:  0.025000  0.875000  0.125000     0.000250
                              344:  0.025000  0.875000  0.175000     0.000250
                              345:  0.025000  0.875000  0.225000     0.000250
                              346:  0.025000  0.875000  0.275000     0.000250
                              347:  0.025000  0.875000  0.325000     0.000250
                              348:  0.025000  0.875000  0.375000     0.000250
                              349:  0.025000  0.875000  0.425000     0.000250
                              350:  0.025000  0.875000  0.475000     0.000250
                              351:  0.025000  0.875000  0.525000     0.000250
                              352:  0.025000  0.875000  0.575000     0.000250
                              353:  0.025000  0.875000  0.625000     0.000250
                              354:  0.025000  0.875000  0.675000     0.000250
                              355:  0.025000  0.875000  0.725000     0.000250
                              356:  0.025000  0.875000  0.775000     0.000250
                              357:  0.025000  0.875000  0.825000     0.000250
                              358:  0.025000  0.875000  0.875000     0.000250
                              359:  0.025000  0.875000  0.925000     0.000250
                              360:  0.025000  0.875000  0.975000     0.000250
                              361:  0.025000  0.925000  0.025000     0.000250
                              362:  0.025000  0.925000  0.075000     0.000250
                              363:  0.025000  0.925000  0.125000     0.000250
                              364:  0.025000  0.925000  0.175000     0.000250
                              365:  0.025000  0.925000  0.225000     0.000250
                              366:  0.025000  0.925000  0.275000     0.000250
                              367:  0.025000  0.925000  0.325000     0.000250
                              368:  0.025000  0.925000  0.375000     0.000250
                              369:  0.025000  0.925000  0.425000     0.000250
                              370:  0.025000  0.925000  0.475000     0.000250
                              371:  0.025000  0.925000  0.525000     0.000250
                              372:  0.025000  0.925000  0.575000     0.000250
                              373:  0.025000  0.925000  0.625000     0.000250
                              374:  0.025000  0.925000  0.675000     0.000250
                              375:  0.025000  0.925000  0.725000     0.000250
                              376:  0.025000  0.925000  0.775000     0.000250
                              377:  0.025000  0.925000  0.825000     0.000250
                              378:  0.025000  0.925000  0.875000     0.000250
                              379:  0.025000  0.925000  0.925000     0.000250
                              380:  0.025000  0.925000  0.975000     0.000250
                              381:  0.025000  0.975000  0.025000     0.000250
                              382:  0.025000  0.975000  0.075000     0.000250
                              383:  0.025000  0.975000  0.125000     0.000250
                              384:  0.025000  0.975000  0.175000     0.000250
                              385:  0.025000  0.975000  0.225000     0.000250
                              386:  0.025000  0.975000  0.275000     0.000250
                              387:  0.025000  0.975000  0.325000     0.000250
                              388:  0.025000  0.975000  0.375000     0.000250
                              389:  0.025000  0.975000  0.425000     0.000250
                              390:  0.025000  0.975000  0.475000     0.000250
                              391:  0.025000  0.975000  0.525000     0.000250
                              392:  0.025000  0.975000  0.575000     0.000250
                              393:  0.025000  0.975000  0.625000     0.000250
                              394:  0.025000  0.975000  0.675000     0.000250
                              395:  0.025000  0.975000  0.725000     0.000250
                              396:  0.025000  0.975000  0.775000     0.000250
                              397:  0.025000  0.975000  0.825000     0.000250
                              398:  0.025000  0.975000  0.875000     0.000250
                              399:  0.025000  0.975000  0.925000     0.000250
                              400:  0.025000  0.975000  0.975000     0.000250
                              401:  0.075000  0.025000  0.025000     0.000250
                              402:  0.075000  0.025000  0.075000     0.000250
                              403:  0.075000  0.025000  0.125000     0.000250
                              404:  0.075000  0.025000  0.175000     0.000250
                              405:  0.075000  0.025000  0.225000     0.000250
                              406:  0.075000  0.025000  0.275000     0.000250
                              407:  0.075000  0.025000  0.325000     0.000250
                              408:  0.075000  0.025000  0.375000     0.000250
                              409:  0.075000  0.025000  0.425000     0.000250
                              410:  0.075000  0.025000  0.475000     0.000250
                              411:  0.075000  0.025000  0.525000     0.000250
                              412:  0.075000  0.025000  0.575000     0.000250
                              413:  0.075000  0.025000  0.625000     0.000250
                              414:  0.075000  0.025000  0.675000     0.000250
                              415:  0.075000  0.025000  0.725000     0.000250
                              416:  0.075000  0.025000  0.775000     0.000250
                              417:  0.075000  0.025000  0.825000     0.000250
                              418:  0.075000  0.025000  0.875000     0.000250
                              419:  0.075000  0.025000  0.925000     0.000250
                              420:  0.075000  0.025000  0.975000     0.000250
                              421:  0.075000  0.075000  0.025000     0.000250
                              422:  0.075000  0.075000  0.075000     0.000250
                              423:  0.075000  0.075000  0.125000     0.000250
                              424:  0.075000  0.075000  0.175000     0.000250
                              425:  0.075000  0.075000  0.225000     0.000250
                              426:  0.075000  0.075000  0.275000     0.000250
                              427:  0.075000  0.075000  0.325000     0.000250
                              428:  0.075000  0.075000  0.375000     0.000250
                              429:  0.075000  0.075000  0.425000     0.000250
                              430:  0.075000  0.075000  0.475000     0.000250
                              431:  0.075000  0.075000  0.525000     0.000250
                              432:  0.075000  0.075000  0.575000     0.000250
                              433:  0.075000  0.075000  0.625000     0.000250
                              434:  0.075000  0.075000  0.675000     0.000250
                              435:  0.075000  0.075000  0.725000     0.000250
                              436:  0.075000  0.075000  0.775000     0.000250
                              437:  0.075000  0.075000  0.825000     0.000250
                              438:  0.075000  0.075000  0.875000     0.000250
                              439:  0.075000  0.075000  0.925000     0.000250
                              440:  0.075000  0.075000  0.975000     0.000250
                              441:  0.075000  0.125000  0.025000     0.000250
                              442:  0.075000  0.125000  0.075000     0.000250
                              443:  0.075000  0.125000  0.125000     0.000250
                              444:  0.075000  0.125000  0.175000     0.000250
                              445:  0.075000  0.125000  0.225000     0.000250
                              446:  0.075000  0.125000  0.275000     0.000250
                              447:  0.075000  0.125000  0.325000     0.000250
                              448:  0.075000  0.125000  0.375000     0.000250
                              449:  0.075000  0.125000  0.425000     0.000250
                              450:  0.075000  0.125000  0.475000     0.000250
                              451:  0.075000  0.125000  0.525000     0.000250
                              452:  0.075000  0.125000  0.575000     0.000250
                              453:  0.075000  0.125000  0.625000     0.000250
                              454:  0.075000  0.125000  0.675000     0.000250
                              455:  0.075000  0.125000  0.725000     0.000250
                              456:  0.075000  0.125000  0.775000     0.000250
                              457:  0.075000  0.125000  0.825000     0.000250
                              458:  0.075000  0.125000  0.875000     0.000250
                              459:  0.075000  0.125000  0.925000     0.000250
                              460:  0.075000  0.125000  0.975000     0.000250
                              461:  0.075000  0.175000  0.025000     0.000250
                              462:  0.075000  0.175000  0.075000     0.000250
                              463:  0.075000  0.175000  0.125000     0.000250
                              464:  0.075000  0.175000  0.175000     0.000250
                              465:  0.075000  0.175000  0.225000     0.000250
                              466:  0.075000  0.175000  0.275000     0.000250
                              467:  0.075000  0.175000  0.325000     0.000250
                              468:  0.075000  0.175000  0.375000     0.000250
                              469:  0.075000  0.175000  0.425000     0.000250
                              470:  0.075000  0.175000  0.475000     0.000250
                              471:  0.075000  0.175000  0.525000     0.000250
                              472:  0.075000  0.175000  0.575000     0.000250
                              473:  0.075000  0.175000  0.625000     0.000250
                              474:  0.075000  0.175000  0.675000     0.000250
                              475:  0.075000  0.175000  0.725000     0.000250
                              476:  0.075000  0.175000  0.775000     0.000250
                              477:  0.075000  0.175000  0.825000     0.000250
                              478:  0.075000  0.175000  0.875000     0.000250
                              479:  0.075000  0.175000  0.925000     0.000250
                              480:  0.075000  0.175000  0.975000     0.000250
                              481:  0.075000  0.225000  0.025000     0.000250
                              482:  0.075000  0.225000  0.075000     0.000250
                              483:  0.075000  0.225000  0.125000     0.000250
                              484:  0.075000  0.225000  0.175000     0.000250
                              485:  0.075000  0.225000  0.225000     0.000250
                              486:  0.075000  0.225000  0.275000     0.000250
                              487:  0.075000  0.225000  0.325000     0.000250
                              488:  0.075000  0.225000  0.375000     0.000250
                              489:  0.075000  0.225000  0.425000     0.000250
                              490:  0.075000  0.225000  0.475000     0.000250
                              491:  0.075000  0.225000  0.525000     0.000250
                              492:  0.075000  0.225000  0.575000     0.000250
                              493:  0.075000  0.225000  0.625000     0.000250
                              494:  0.075000  0.225000  0.675000     0.000250
                              495:  0.075000  0.225000  0.725000     0.000250
                              496:  0.075000  0.225000  0.775000     0.000250
                              497:  0.075000  0.225000  0.825000     0.000250
                              498:  0.075000  0.225000  0.875000     0.000250
                              499:  0.075000  0.225000  0.925000     0.000250
                              500:  0.075000  0.225000  0.975000     0.000250
                              501:  0.075000  0.275000  0.025000     0.000250
                              502:  0.075000  0.275000  0.075000     0.000250
                              503:  0.075000  0.275000  0.125000     0.000250
                              504:  0.075000  0.275000  0.175000     0.000250
                              505:  0.075000  0.275000  0.225000     0.000250
                              506:  0.075000  0.275000  0.275000     0.000250
                              507:  0.075000  0.275000  0.325000     0.000250
                              508:  0.075000  0.275000  0.375000     0.000250
                              509:  0.075000  0.275000  0.425000     0.000250
                              510:  0.075000  0.275000  0.475000     0.000250
                              511:  0.075000  0.275000  0.525000     0.000250
                              512:  0.075000  0.275000  0.575000     0.000250
                              513:  0.075000  0.275000  0.625000     0.000250
                              514:  0.075000  0.275000  0.675000     0.000250
                              515:  0.075000  0.275000  0.725000     0.000250
                              516:  0.075000  0.275000  0.775000     0.000250
                              517:  0.075000  0.275000  0.825000     0.000250
                              518:  0.075000  0.275000  0.875000     0.000250
                              519:  0.075000  0.275000  0.925000     0.000250
                              520:  0.075000  0.275000  0.975000     0.000250
                              521:  0.075000  0.325000  0.025000     0.000250
                              522:  0.075000  0.325000  0.075000     0.000250
                              523:  0.075000  0.325000  0.125000     0.000250
                              524:  0.075000  0.325000  0.175000     0.000250
                              525:  0.075000  0.325000  0.225000     0.000250
                              526:  0.075000  0.325000  0.275000     0.000250
                              527:  0.075000  0.325000  0.325000     0.000250
                              528:  0.075000  0.325000  0.375000     0.000250
                              529:  0.075000  0.325000  0.425000     0.000250
                              530:  0.075000  0.325000  0.475000     0.000250
                              531:  0.075000  0.325000  0.525000     0.000250
                              532:  0.075000  0.325000  0.575000     0.000250
                              533:  0.075000  0.325000  0.625000     0.000250
                              534:  0.075000  0.325000  0.675000     0.000250
                              535:  0.075000  0.325000  0.725000     0.000250
                              536:  0.075000  0.325000  0.775000     0.000250
                              537:  0.075000  0.325000  0.825000     0.000250
                              538:  0.075000  0.325000  0.875000     0.000250
                              539:  0.075000  0.325000  0.925000     0.000250
                              540:  0.075000  0.325000  0.975000     0.000250
                              541:  0.075000  0.375000  0.025000     0.000250
                              542:  0.075000  0.375000  0.075000     0.000250
                              543:  0.075000  0.375000  0.125000     0.000250
                              544:  0.075000  0.375000  0.175000     0.000250
                              545:  0.075000  0.375000  0.225000     0.000250
                              546:  0.075000  0.375000  0.275000     0.000250
                              547:  0.075000  0.375000  0.325000     0.000250
                              548:  0.075000  0.375000  0.375000     0.000250
                              549:  0.075000  0.375000  0.425000     0.000250
                              550:  0.075000  0.375000  0.475000     0.000250
                              551:  0.075000  0.375000  0.525000     0.000250
                              552:  0.075000  0.375000  0.575000     0.000250
                              553:  0.075000  0.375000  0.625000     0.000250
                              554:  0.075000  0.375000  0.675000     0.000250
                              555:  0.075000  0.375000  0.725000     0.000250
                              556:  0.075000  0.375000  0.775000     0.000250
                              557:  0.075000  0.375000  0.825000     0.000250
                              558:  0.075000  0.375000  0.875000     0.000250
                              559:  0.075000  0.375000  0.925000     0.000250
                              560:  0.075000  0.375000  0.975000     0.000250
                              561:  0.075000  0.425000  0.025000     0.000250
                              562:  0.075000  0.425000  0.075000     0.000250
                              563:  0.075000  0.425000  0.125000     0.000250
                              564:  0.075000  0.425000  0.175000     0.000250
                              565:  0.075000  0.425000  0.225000     0.000250
                              566:  0.075000  0.425000  0.275000     0.000250
                              567:  0.075000  0.425000  0.325000     0.000250
                              568:  0.075000  0.425000  0.375000     0.000250
                              569:  0.075000  0.425000  0.425000     0.000250
                              570:  0.075000  0.425000  0.475000     0.000250
                              571:  0.075000  0.425000  0.525000     0.000250
                              572:  0.075000  0.425000  0.575000     0.000250
                              573:  0.075000  0.425000  0.625000     0.000250
                              574:  0.075000  0.425000  0.675000     0.000250
                              575:  0.075000  0.425000  0.725000     0.000250
                              576:  0.075000  0.425000  0.775000     0.000250
                              577:  0.075000  0.425000  0.825000     0.000250
                              578:  0.075000  0.425000  0.875000     0.000250
                              579:  0.075000  0.425000  0.925000     0.000250
                              580:  0.075000  0.425000  0.975000     0.000250
                              581:  0.075000  0.475000  0.025000     0.000250
                              582:  0.075000  0.475000  0.075000     0.000250
                              583:  0.075000  0.475000  0.125000     0.000250
                              584:  0.075000  0.475000  0.175000     0.000250
                              585:  0.075000  0.475000  0.225000     0.000250
                              586:  0.075000  0.475000  0.275000     0.000250
                              587:  0.075000  0.475000  0.325000     0.000250
                              588:  0.075000  0.475000  0.375000     0.000250
                              589:  0.075000  0.475000  0.425000     0.000250
                              590:  0.075000  0.475000  0.475000     0.000250
                              591:  0.075000  0.475000  0.525000     0.000250
                              592:  0.075000  0.475000  0.575000     0.000250
                              593:  0.075000  0.475000  0.625000     0.000250
                              594:  0.075000  0.475000  0.675000     0.000250
                              595:  0.075000  0.475000  0.725000     0.000250
                              596:  0.075000  0.475000  0.775000     0.000250
                              597:  0.075000  0.475000  0.825000     0.000250
                              598:  0.075000  0.475000  0.875000     0.000250
                              599:  0.075000  0.475000  0.925000     0.000250
                              600:  0.075000  0.475000  0.975000     0.000250
                              601:  0.075000  0.525000  0.025000     0.000250
                              602:  0.075000  0.525000  0.075000     0.000250
                              603:  0.075000  0.525000  0.125000     0.000250
                              604:  0.075000  0.525000  0.175000     0.000250
                              605:  0.075000  0.525000  0.225000     0.000250
                              606:  0.075000  0.525000  0.275000     0.000250
                              607:  0.075000  0.525000  0.325000     0.000250
                              608:  0.075000  0.525000  0.375000     0.000250
                              609:  0.075000  0.525000  0.425000     0.000250
                              610:  0.075000  0.525000  0.475000     0.000250
                              611:  0.075000  0.525000  0.525000     0.000250
                              612:  0.075000  0.525000  0.575000     0.000250
                              613:  0.075000  0.525000  0.625000     0.000250
                              614:  0.075000  0.525000  0.675000     0.000250
                              615:  0.075000  0.525000  0.725000     0.000250
                              616:  0.075000  0.525000  0.775000     0.000250
                              617:  0.075000  0.525000  0.825000     0.000250
                              618:  0.075000  0.525000  0.875000     0.000250
                              619:  0.075000  0.525000  0.925000     0.000250
                              620:  0.075000  0.525000  0.975000     0.000250
                              621:  0.075000  0.575000  0.025000     0.000250
                              622:  0.075000  0.575000  0.075000     0.000250
                              623:  0.075000  0.575000  0.125000     0.000250
                              624:  0.075000  0.575000  0.175000     0.000250
                              625:  0.075000  0.575000  0.225000     0.000250
                              626:  0.075000  0.575000  0.275000     0.000250
                              627:  0.075000  0.575000  0.325000     0.000250
                              628:  0.075000  0.575000  0.375000     0.000250
                              629:  0.075000  0.575000  0.425000     0.000250
                              630:  0.075000  0.575000  0.475000     0.000250
                              631:  0.075000  0.575000  0.525000     0.000250
                              632:  0.075000  0.575000  0.575000     0.000250
                              633:  0.075000  0.575000  0.625000     0.000250
                              634:  0.075000  0.575000  0.675000     0.000250
                              635:  0.075000  0.575000  0.725000     0.000250
                              636:  0.075000  0.575000  0.775000     0.000250
                              637:  0.075000  0.575000  0.825000     0.000250
                              638:  0.075000  0.575000  0.875000     0.000250
                              639:  0.075000  0.575000  0.925000     0.000250
                              640:  0.075000  0.575000  0.975000     0.000250
                              641:  0.075000  0.625000  0.025000     0.000250
                              642:  0.075000  0.625000  0.075000     0.000250
                              643:  0.075000  0.625000  0.125000     0.000250
                              644:  0.075000  0.625000  0.175000     0.000250
                              645:  0.075000  0.625000  0.225000     0.000250
                              646:  0.075000  0.625000  0.275000     0.000250
                              647:  0.075000  0.625000  0.325000     0.000250
                              648:  0.075000  0.625000  0.375000     0.000250
                              649:  0.075000  0.625000  0.425000     0.000250
                              650:  0.075000  0.625000  0.475000     0.000250
                              651:  0.075000  0.625000  0.525000     0.000250
                              652:  0.075000  0.625000  0.575000     0.000250
                              653:  0.075000  0.625000  0.625000     0.000250
                              654:  0.075000  0.625000  0.675000     0.000250
                              655:  0.075000  0.625000  0.725000     0.000250
                              656:  0.075000  0.625000  0.775000     0.000250
                              657:  0.075000  0.625000  0.825000     0.000250
                              658:  0.075000  0.625000  0.875000     0.000250
                              659:  0.075000  0.625000  0.925000     0.000250
                              660:  0.075000  0.625000  0.975000     0.000250
                              661:  0.075000  0.675000  0.025000     0.000250
                              662:  0.075000  0.675000  0.075000     0.000250
                              663:  0.075000  0.675000  0.125000     0.000250
                              664:  0.075000  0.675000  0.175000     0.000250
                              665:  0.075000  0.675000  0.225000     0.000250
                              666:  0.075000  0.675000  0.275000     0.000250
                              667:  0.075000  0.675000  0.325000     0.000250
                              668:  0.075000  0.675000  0.375000     0.000250
                              669:  0.075000  0.675000  0.425000     0.000250
                              670:  0.075000  0.675000  0.475000     0.000250
                              671:  0.075000  0.675000  0.525000     0.000250
                              672:  0.075000  0.675000  0.575000     0.000250
                              673:  0.075000  0.675000  0.625000     0.000250
                              674:  0.075000  0.675000  0.675000     0.000250
                              675:  0.075000  0.675000  0.725000     0.000250
                              676:  0.075000  0.675000  0.775000     0.000250
                              677:  0.075000  0.675000  0.825000     0.000250
                              678:  0.075000  0.675000  0.875000     0.000250
                              679:  0.075000  0.675000  0.925000     0.000250
                              680:  0.075000  0.675000  0.975000     0.000250
                              681:  0.075000  0.725000  0.025000     0.000250
                              682:  0.075000  0.725000  0.075000     0.000250
                              683:  0.075000  0.725000  0.125000     0.000250
                              684:  0.075000  0.725000  0.175000     0.000250
                              685:  0.075000  0.725000  0.225000     0.000250
                              686:  0.075000  0.725000  0.275000     0.000250
                              687:  0.075000  0.725000  0.325000     0.000250
                              688:  0.075000  0.725000  0.375000     0.000250
                              689:  0.075000  0.725000  0.425000     0.000250
                              690:  0.075000  0.725000  0.475000     0.000250
                              691:  0.075000  0.725000  0.525000     0.000250
                              692:  0.075000  0.725000  0.575000     0.000250
                              693:  0.075000  0.725000  0.625000     0.000250
                              694:  0.075000  0.725000  0.675000     0.000250
                              695:  0.075000  0.725000  0.725000     0.000250
                              696:  0.075000  0.725000  0.775000     0.000250
                              697:  0.075000  0.725000  0.825000     0.000250
                              698:  0.075000  0.725000  0.875000     0.000250
                              699:  0.075000  0.725000  0.925000     0.000250
                              700:  0.075000  0.725000  0.975000     0.000250
                              701:  0.075000  0.775000  0.025000     0.000250
                              702:  0.075000  0.775000  0.075000     0.000250
                              703:  0.075000  0.775000  0.125000     0.000250
                              704:  0.075000  0.775000  0.175000     0.000250
                              705:  0.075000  0.775000  0.225000     0.000250
                              706:  0.075000  0.775000  0.275000     0.000250
                              707:  0.075000  0.775000  0.325000     0.000250
                              708:  0.075000  0.775000  0.375000     0.000250
                              709:  0.075000  0.775000  0.425000     0.000250
                              710:  0.075000  0.775000  0.475000     0.000250
                              711:  0.075000  0.775000  0.525000     0.000250
                              712:  0.075000  0.775000  0.575000     0.000250
                              713:  0.075000  0.775000  0.625000     0.000250
                              714:  0.075000  0.775000  0.675000     0.000250
                              715:  0.075000  0.775000  0.725000     0.000250
                              716:  0.075000  0.775000  0.775000     0.000250
                              717:  0.075000  0.775000  0.825000     0.000250
                              718:  0.075000  0.775000  0.875000     0.000250
                              719:  0.075000  0.775000  0.925000     0.000250
                              720:  0.075000  0.775000  0.975000     0.000250
                              721:  0.075000  0.825000  0.025000     0.000250
                              722:  0.075000  0.825000  0.075000     0.000250
                              723:  0.075000  0.825000  0.125000     0.000250
                              724:  0.075000  0.825000  0.175000     0.000250
                              725:  0.075000  0.825000  0.225000     0.000250
                              726:  0.075000  0.825000  0.275000     0.000250
                              727:  0.075000  0.825000  0.325000     0.000250
                              728:  0.075000  0.825000  0.375000     0.000250
                              729:  0.075000  0.825000  0.425000     0.000250
                              730:  0.075000  0.825000  0.475000     0.000250
                              731:  0.075000  0.825000  0.525000     0.000250
                              732:  0.075000  0.825000  0.575000     0.000250
                              733:  0.075000  0.825000  0.625000     0.000250
                              734:  0.075000  0.825000  0.675000     0.000250
                              735:  0.075000  0.825000  0.725000     0.000250
                              736:  0.075000  0.825000  0.775000     0.000250
                              737:  0.075000  0.825000  0.825000     0.000250
                              738:  0.075000  0.825000  0.875000     0.000250
                              739:  0.075000  0.825000  0.925000     0.000250
                              740:  0.075000  0.825000  0.975000     0.000250
                              741:  0.075000  0.875000  0.025000     0.000250
                              742:  0.075000  0.875000  0.075000     0.000250
                              743:  0.075000  0.875000  0.125000     0.000250
                              744:  0.075000  0.875000  0.175000     0.000250
                              745:  0.075000  0.875000  0.225000     0.000250
                              746:  0.075000  0.875000  0.275000     0.000250
                              747:  0.075000  0.875000  0.325000     0.000250
                              748:  0.075000  0.875000  0.375000     0.000250
                              749:  0.075000  0.875000  0.425000     0.000250
                              750:  0.075000  0.875000  0.475000     0.000250
                              751:  0.075000  0.875000  0.525000     0.000250
                              752:  0.075000  0.875000  0.575000     0.000250
                              753:  0.075000  0.875000  0.625000     0.000250
                              754:  0.075000  0.875000  0.675000     0.000250
                              755:  0.075000  0.875000  0.725000     0.000250
                              756:  0.075000  0.875000  0.775000     0.000250
                              757:  0.075000  0.875000  0.825000     0.000250
                              758:  0.075000  0.875000  0.875000     0.000250
                              759:  0.075000  0.875000  0.925000     0.000250
                              760:  0.075000  0.875000  0.975000     0.000250
                              761:  0.075000  0.925000  0.025000     0.000250
                              762:  0.075000  0.925000  0.075000     0.000250
                              763:  0.075000  0.925000  0.125000     0.000250
                              764:  0.075000  0.925000  0.175000     0.000250
                              765:  0.075000  0.925000  0.225000     0.000250
                              766:  0.075000  0.925000  0.275000     0.000250
                              767:  0.075000  0.925000  0.325000     0.000250
                              768:  0.075000  0.925000  0.375000     0.000250
                              769:  0.075000  0.925000  0.425000     0.000250
                              770:  0.075000  0.925000  0.475000     0.000250
                              771:  0.075000  0.925000  0.525000     0.000250
                              772:  0.075000  0.925000  0.575000     0.000250
                              773:  0.075000  0.925000  0.625000     0.000250
                              774:  0.075000  0.925000  0.675000     0.000250
                              775:  0.075000  0.925000  0.725000     0.000250
                              776:  0.075000  0.925000  0.775000     0.000250
                              777:  0.075000  0.925000  0.825000     0.000250
                              778:  0.075000  0.925000  0.875000     0.000250
                              779:  0.075000  0.925000  0.925000     0.000250
                              780:  0.075000  0.925000  0.975000     0.000250
                              781:  0.075000  0.975000  0.025000     0.000250
                              782:  0.075000  0.975000  0.075000     0.000250
                              783:  0.075000  0.975000  0.125000     0.000250
                              784:  0.075000  0.975000  0.175000     0.000250
                              785:  0.075000  0.975000  0.225000     0.000250
                              786:  0.075000  0.975000  0.275000     0.000250
                              787:  0.075000  0.975000  0.325000     0.000250
                              788:  0.075000  0.975000  0.375000     0.000250
                              789:  0.075000  0.975000  0.425000     0.000250
                              790:  0.075000  0.975000  0.475000     0.000250
                              791:  0.075000  0.975000  0.525000     0.000250
                              792:  0.075000  0.975000  0.575000     0.000250
                              793:  0.075000  0.975000  0.625000     0.000250
                              794:  0.075000  0.975000  0.675000     0.000250
                              795:  0.075000  0.975000  0.725000     0.000250
                              796:  0.075000  0.975000  0.775000     0.000250
                              797:  0.075000  0.975000  0.825000     0.000250
                              798:  0.075000  0.975000  0.875000     0.000250
                              799:  0.075000  0.975000  0.925000     0.000250
                              800:  0.075000  0.975000  0.975000     0.000250
                              801:  0.125000  0.025000  0.025000     0.000250
                              802:  0.125000  0.025000  0.075000     0.000250
                              803:  0.125000  0.025000  0.125000     0.000250
                              804:  0.125000  0.025000  0.175000     0.000250
                              805:  0.125000  0.025000  0.225000     0.000250
                              806:  0.125000  0.025000  0.275000     0.000250
                              807:  0.125000  0.025000  0.325000     0.000250
                              808:  0.125000  0.025000  0.375000     0.000250
                              809:  0.125000  0.025000  0.425000     0.000250
                              810:  0.125000  0.025000  0.475000     0.000250
                              811:  0.125000  0.025000  0.525000     0.000250
                              812:  0.125000  0.025000  0.575000     0.000250
                              813:  0.125000  0.025000  0.625000     0.000250
                              814:  0.125000  0.025000  0.675000     0.000250
                              815:  0.125000  0.025000  0.725000     0.000250
                              816:  0.125000  0.025000  0.775000     0.000250
                              817:  0.125000  0.025000  0.825000     0.000250
                              818:  0.125000  0.025000  0.875000     0.000250
                              819:  0.125000  0.025000  0.925000     0.000250
                              820:  0.125000  0.025000  0.975000     0.000250
                              821:  0.125000  0.075000  0.025000     0.000250
                              822:  0.125000  0.075000  0.075000     0.000250
                              823:  0.125000  0.075000  0.125000     0.000250
                              824:  0.125000  0.075000  0.175000     0.000250
                              825:  0.125000  0.075000  0.225000     0.000250
                              826:  0.125000  0.075000  0.275000     0.000250
                              827:  0.125000  0.075000  0.325000     0.000250
                              828:  0.125000  0.075000  0.375000     0.000250
                              829:  0.125000  0.075000  0.425000     0.000250
                              830:  0.125000  0.075000  0.475000     0.000250
                              831:  0.125000  0.075000  0.525000     0.000250
                              832:  0.125000  0.075000  0.575000     0.000250
                              833:  0.125000  0.075000  0.625000     0.000250
                              834:  0.125000  0.075000  0.675000     0.000250
                              835:  0.125000  0.075000  0.725000     0.000250
                              836:  0.125000  0.075000  0.775000     0.000250
                              837:  0.125000  0.075000  0.825000     0.000250
                              838:  0.125000  0.075000  0.875000     0.000250
                              839:  0.125000  0.075000  0.925000     0.000250
                              840:  0.125000  0.075000  0.975000     0.000250
                              841:  0.125000  0.125000  0.025000     0.000250
                              842:  0.125000  0.125000  0.075000     0.000250
                              843:  0.125000  0.125000  0.125000     0.000250
                              844:  0.125000  0.125000  0.175000     0.000250
                              845:  0.125000  0.125000  0.225000     0.000250
                              846:  0.125000  0.125000  0.275000     0.000250
                              847:  0.125000  0.125000  0.325000     0.000250
                              848:  0.125000  0.125000  0.375000     0.000250
                              849:  0.125000  0.125000  0.425000     0.000250
                              850:  0.125000  0.125000  0.475000     0.000250
                              851:  0.125000  0.125000  0.525000     0.000250
                              852:  0.125000  0.125000  0.575000     0.000250
                              853:  0.125000  0.125000  0.625000     0.000250
                              854:  0.125000  0.125000  0.675000     0.000250
                              855:  0.125000  0.125000  0.725000     0.000250
                              856:  0.125000  0.125000  0.775000     0.000250
                              857:  0.125000  0.125000  0.825000     0.000250
                              858:  0.125000  0.125000  0.875000     0.000250
                              859:  0.125000  0.125000  0.925000     0.000250
                              860:  0.125000  0.125000  0.975000     0.000250
                              861:  0.125000  0.175000  0.025000     0.000250
                              862:  0.125000  0.175000  0.075000     0.000250
                              863:  0.125000  0.175000  0.125000     0.000250
                              864:  0.125000  0.175000  0.175000     0.000250
                              865:  0.125000  0.175000  0.225000     0.000250
                              866:  0.125000  0.175000  0.275000     0.000250
                              867:  0.125000  0.175000  0.325000     0.000250
                              868:  0.125000  0.175000  0.375000     0.000250
                              869:  0.125000  0.175000  0.425000     0.000250
                              870:  0.125000  0.175000  0.475000     0.000250
                              871:  0.125000  0.175000  0.525000     0.000250
                              872:  0.125000  0.175000  0.575000     0.000250
                              873:  0.125000  0.175000  0.625000     0.000250
                              874:  0.125000  0.175000  0.675000     0.000250
                              875:  0.125000  0.175000  0.725000     0.000250
                              876:  0.125000  0.175000  0.775000     0.000250
                              877:  0.125000  0.175000  0.825000     0.000250
                              878:  0.125000  0.175000  0.875000     0.000250
                              879:  0.125000  0.175000  0.925000     0.000250
                              880:  0.125000  0.175000  0.975000     0.000250
                              881:  0.125000  0.225000  0.025000     0.000250
                              882:  0.125000  0.225000  0.075000     0.000250
                              883:  0.125000  0.225000  0.125000     0.000250
                              884:  0.125000  0.225000  0.175000     0.000250
                              885:  0.125000  0.225000  0.225000     0.000250
                              886:  0.125000  0.225000  0.275000     0.000250
                              887:  0.125000  0.225000  0.325000     0.000250
                              888:  0.125000  0.225000  0.375000     0.000250
                              889:  0.125000  0.225000  0.425000     0.000250
                              890:  0.125000  0.225000  0.475000     0.000250
                              891:  0.125000  0.225000  0.525000     0.000250
                              892:  0.125000  0.225000  0.575000     0.000250
                              893:  0.125000  0.225000  0.625000     0.000250
                              894:  0.125000  0.225000  0.675000     0.000250
                              895:  0.125000  0.225000  0.725000     0.000250
                              896:  0.125000  0.225000  0.775000     0.000250
                              897:  0.125000  0.225000  0.825000     0.000250
                              898:  0.125000  0.225000  0.875000     0.000250
                              899:  0.125000  0.225000  0.925000     0.000250
                              900:  0.125000  0.225000  0.975000     0.000250
                              901:  0.125000  0.275000  0.025000     0.000250
                              902:  0.125000  0.275000  0.075000     0.000250
                              903:  0.125000  0.275000  0.125000     0.000250
                              904:  0.125000  0.275000  0.175000     0.000250
                              905:  0.125000  0.275000  0.225000     0.000250
                              906:  0.125000  0.275000  0.275000     0.000250
                              907:  0.125000  0.275000  0.325000     0.000250
                              908:  0.125000  0.275000  0.375000     0.000250
                              909:  0.125000  0.275000  0.425000     0.000250
                              910:  0.125000  0.275000  0.475000     0.000250
                              911:  0.125000  0.275000  0.525000     0.000250
                              912:  0.125000  0.275000  0.575000     0.000250
                              913:  0.125000  0.275000  0.625000     0.000250
                              914:  0.125000  0.275000  0.675000     0.000250
                              915:  0.125000  0.275000  0.725000     0.000250
                              916:  0.125000  0.275000  0.775000     0.000250
                              917:  0.125000  0.275000  0.825000     0.000250
                              918:  0.125000  0.275000  0.875000     0.000250
                              919:  0.125000  0.275000  0.925000     0.000250
                              920:  0.125000  0.275000  0.975000     0.000250
                              921:  0.125000  0.325000  0.025000     0.000250
                              922:  0.125000  0.325000  0.075000     0.000250
                              923:  0.125000  0.325000  0.125000     0.000250
                              924:  0.125000  0.325000  0.175000     0.000250
                              925:  0.125000  0.325000  0.225000     0.000250
                              926:  0.125000  0.325000  0.275000     0.000250
                              927:  0.125000  0.325000  0.325000     0.000250
                              928:  0.125000  0.325000  0.375000     0.000250
                              929:  0.125000  0.325000  0.425000     0.000250
                              930:  0.125000  0.325000  0.475000     0.000250
                              931:  0.125000  0.325000  0.525000     0.000250
                              932:  0.125000  0.325000  0.575000     0.000250
                              933:  0.125000  0.325000  0.625000     0.000250
                              934:  0.125000  0.325000  0.675000     0.000250
                              935:  0.125000  0.325000  0.725000     0.000250
                              936:  0.125000  0.325000  0.775000     0.000250
                              937:  0.125000  0.325000  0.825000     0.000250
                              938:  0.125000  0.325000  0.875000     0.000250
                              939:  0.125000  0.325000  0.925000     0.000250
                              940:  0.125000  0.325000  0.975000     0.000250
                              941:  0.125000  0.375000  0.025000     0.000250
                              942:  0.125000  0.375000  0.075000     0.000250
                              943:  0.125000  0.375000  0.125000     0.000250
                              944:  0.125000  0.375000  0.175000     0.000250
                              945:  0.125000  0.375000  0.225000     0.000250
                              946:  0.125000  0.375000  0.275000     0.000250
                              947:  0.125000  0.375000  0.325000     0.000250
                              948:  0.125000  0.375000  0.375000     0.000250
                              949:  0.125000  0.375000  0.425000     0.000250
                              950:  0.125000  0.375000  0.475000     0.000250
                              951:  0.125000  0.375000  0.525000     0.000250
                              952:  0.125000  0.375000  0.575000     0.000250
                              953:  0.125000  0.375000  0.625000     0.000250
                              954:  0.125000  0.375000  0.675000     0.000250
                              955:  0.125000  0.375000  0.725000     0.000250
                              956:  0.125000  0.375000  0.775000     0.000250
                              957:  0.125000  0.375000  0.825000     0.000250
                              958:  0.125000  0.375000  0.875000     0.000250
                              959:  0.125000  0.375000  0.925000     0.000250
                              960:  0.125000  0.375000  0.975000     0.000250
                              961:  0.125000  0.425000  0.025000     0.000250
                              962:  0.125000  0.425000  0.075000     0.000250
                              963:  0.125000  0.425000  0.125000     0.000250
                              964:  0.125000  0.425000  0.175000     0.000250
                              965:  0.125000  0.425000  0.225000     0.000250
                              966:  0.125000  0.425000  0.275000     0.000250
                              967:  0.125000  0.425000  0.325000     0.000250
                              968:  0.125000  0.425000  0.375000     0.000250
                              969:  0.125000  0.425000  0.425000     0.000250
                              970:  0.125000  0.425000  0.475000     0.000250
                              971:  0.125000  0.425000  0.525000     0.000250
                              972:  0.125000  0.425000  0.575000     0.000250
                              973:  0.125000  0.425000  0.625000     0.000250
                              974:  0.125000  0.425000  0.675000     0.000250
                              975:  0.125000  0.425000  0.725000     0.000250
                              976:  0.125000  0.425000  0.775000     0.000250
                              977:  0.125000  0.425000  0.825000     0.000250
                              978:  0.125000  0.425000  0.875000     0.000250
                              979:  0.125000  0.425000  0.925000     0.000250
                              980:  0.125000  0.425000  0.975000     0.000250
                              981:  0.125000  0.475000  0.025000     0.000250
                              982:  0.125000  0.475000  0.075000     0.000250
                              983:  0.125000  0.475000  0.125000     0.000250
                              984:  0.125000  0.475000  0.175000     0.000250
                              985:  0.125000  0.475000  0.225000     0.000250
                              986:  0.125000  0.475000  0.275000     0.000250
                              987:  0.125000  0.475000  0.325000     0.000250
                              988:  0.125000  0.475000  0.375000     0.000250
                              989:  0.125000  0.475000  0.425000     0.000250
                              990:  0.125000  0.475000  0.475000     0.000250
                              991:  0.125000  0.475000  0.525000     0.000250
                              992:  0.125000  0.475000  0.575000     0.000250
                              993:  0.125000  0.475000  0.625000     0.000250
                              994:  0.125000  0.475000  0.675000     0.000250
                              995:  0.125000  0.475000  0.725000     0.000250
                              996:  0.125000  0.475000  0.775000     0.000250
                              997:  0.125000  0.475000  0.825000     0.000250
                              998:  0.125000  0.475000  0.875000     0.000250
                              999:  0.125000  0.475000  0.925000     0.000250
                             1000:  0.125000  0.475000  0.975000     0.000250
                             1001:  0.125000  0.525000  0.025000     0.000250
                             1002:  0.125000  0.525000  0.075000     0.000250
                             1003:  0.125000  0.525000  0.125000     0.000250
                             1004:  0.125000  0.525000  0.175000     0.000250
                             1005:  0.125000  0.525000  0.225000     0.000250
                             1006:  0.125000  0.525000  0.275000     0.000250
                             1007:  0.125000  0.525000  0.325000     0.000250
                             1008:  0.125000  0.525000  0.375000     0.000250
                             1009:  0.125000  0.525000  0.425000     0.000250
                             1010:  0.125000  0.525000  0.475000     0.000250
                             1011:  0.125000  0.525000  0.525000     0.000250
                             1012:  0.125000  0.525000  0.575000     0.000250
                             1013:  0.125000  0.525000  0.625000     0.000250
                             1014:  0.125000  0.525000  0.675000     0.000250
                             1015:  0.125000  0.525000  0.725000     0.000250
                             1016:  0.125000  0.525000  0.775000     0.000250
                             1017:  0.125000  0.525000  0.825000     0.000250
                             1018:  0.125000  0.525000  0.875000     0.000250
                             1019:  0.125000  0.525000  0.925000     0.000250
                             1020:  0.125000  0.525000  0.975000     0.000250
                             1021:  0.125000  0.575000  0.025000     0.000250
                             1022:  0.125000  0.575000  0.075000     0.000250
                             1023:  0.125000  0.575000  0.125000     0.000250
                             1024:  0.125000  0.575000  0.175000     0.000250
                             1025:  0.125000  0.575000  0.225000     0.000250
                             1026:  0.125000  0.575000  0.275000     0.000250
                             1027:  0.125000  0.575000  0.325000     0.000250
                             1028:  0.125000  0.575000  0.375000     0.000250
                             1029:  0.125000  0.575000  0.425000     0.000250
                             1030:  0.125000  0.575000  0.475000     0.000250
                             1031:  0.125000  0.575000  0.525000     0.000250
                             1032:  0.125000  0.575000  0.575000     0.000250
                             1033:  0.125000  0.575000  0.625000     0.000250
                             1034:  0.125000  0.575000  0.675000     0.000250
                             1035:  0.125000  0.575000  0.725000     0.000250
                             1036:  0.125000  0.575000  0.775000     0.000250
                             1037:  0.125000  0.575000  0.825000     0.000250
                             1038:  0.125000  0.575000  0.875000     0.000250
                             1039:  0.125000  0.575000  0.925000     0.000250
                             1040:  0.125000  0.575000  0.975000     0.000250
                             1041:  0.125000  0.625000  0.025000     0.000250
                             1042:  0.125000  0.625000  0.075000     0.000250
                             1043:  0.125000  0.625000  0.125000     0.000250
                             1044:  0.125000  0.625000  0.175000     0.000250
                             1045:  0.125000  0.625000  0.225000     0.000250
                             1046:  0.125000  0.625000  0.275000     0.000250
                             1047:  0.125000  0.625000  0.325000     0.000250
                             1048:  0.125000  0.625000  0.375000     0.000250
                             1049:  0.125000  0.625000  0.425000     0.000250
                             1050:  0.125000  0.625000  0.475000     0.000250
                             1051:  0.125000  0.625000  0.525000     0.000250
                             1052:  0.125000  0.625000  0.575000     0.000250
                             1053:  0.125000  0.625000  0.625000     0.000250
                             1054:  0.125000  0.625000  0.675000     0.000250
                             1055:  0.125000  0.625000  0.725000     0.000250
                             1056:  0.125000  0.625000  0.775000     0.000250
                             1057:  0.125000  0.625000  0.825000     0.000250
                             1058:  0.125000  0.625000  0.875000     0.000250
                             1059:  0.125000  0.625000  0.925000     0.000250
                             1060:  0.125000  0.625000  0.975000     0.000250
                             1061:  0.125000  0.675000  0.025000     0.000250
                             1062:  0.125000  0.675000  0.075000     0.000250
                             1063:  0.125000  0.675000  0.125000     0.000250
                             1064:  0.125000  0.675000  0.175000     0.000250
                             1065:  0.125000  0.675000  0.225000     0.000250
                             1066:  0.125000  0.675000  0.275000     0.000250
                             1067:  0.125000  0.675000  0.325000     0.000250
                             1068:  0.125000  0.675000  0.375000     0.000250
                             1069:  0.125000  0.675000  0.425000     0.000250
                             1070:  0.125000  0.675000  0.475000     0.000250
                             1071:  0.125000  0.675000  0.525000     0.000250
                             1072:  0.125000  0.675000  0.575000     0.000250
                             1073:  0.125000  0.675000  0.625000     0.000250
                             1074:  0.125000  0.675000  0.675000     0.000250
                             1075:  0.125000  0.675000  0.725000     0.000250
                             1076:  0.125000  0.675000  0.775000     0.000250
                             1077:  0.125000  0.675000  0.825000     0.000250
                             1078:  0.125000  0.675000  0.875000     0.000250
                             1079:  0.125000  0.675000  0.925000     0.000250
                             1080:  0.125000  0.675000  0.975000     0.000250
                             1081:  0.125000  0.725000  0.025000     0.000250
                             1082:  0.125000  0.725000  0.075000     0.000250
                             1083:  0.125000  0.725000  0.125000     0.000250
                             1084:  0.125000  0.725000  0.175000     0.000250
                             1085:  0.125000  0.725000  0.225000     0.000250
                             1086:  0.125000  0.725000  0.275000     0.000250
                             1087:  0.125000  0.725000  0.325000     0.000250
                             1088:  0.125000  0.725000  0.375000     0.000250
                             1089:  0.125000  0.725000  0.425000     0.000250
                             1090:  0.125000  0.725000  0.475000     0.000250
                             1091:  0.125000  0.725000  0.525000     0.000250
                             1092:  0.125000  0.725000  0.575000     0.000250
                             1093:  0.125000  0.725000  0.625000     0.000250
                             1094:  0.125000  0.725000  0.675000     0.000250
                             1095:  0.125000  0.725000  0.725000     0.000250
                             1096:  0.125000  0.725000  0.775000     0.000250
                             1097:  0.125000  0.725000  0.825000     0.000250
                             1098:  0.125000  0.725000  0.875000     0.000250
                             1099:  0.125000  0.725000  0.925000     0.000250
                             1100:  0.125000  0.725000  0.975000     0.000250
                             1101:  0.125000  0.775000  0.025000     0.000250
                             1102:  0.125000  0.775000  0.075000     0.000250
                             1103:  0.125000  0.775000  0.125000     0.000250
                             1104:  0.125000  0.775000  0.175000     0.000250
                             1105:  0.125000  0.775000  0.225000     0.000250
                             1106:  0.125000  0.775000  0.275000     0.000250
                             1107:  0.125000  0.775000  0.325000     0.000250
                             1108:  0.125000  0.775000  0.375000     0.000250
                             1109:  0.125000  0.775000  0.425000     0.000250
                             1110:  0.125000  0.775000  0.475000     0.000250
                             1111:  0.125000  0.775000  0.525000     0.000250
                             1112:  0.125000  0.775000  0.575000     0.000250
                             1113:  0.125000  0.775000  0.625000     0.000250
                             1114:  0.125000  0.775000  0.675000     0.000250
                             1115:  0.125000  0.775000  0.725000     0.000250
                             1116:  0.125000  0.775000  0.775000     0.000250
                             1117:  0.125000  0.775000  0.825000     0.000250
                             1118:  0.125000  0.775000  0.875000     0.000250
                             1119:  0.125000  0.775000  0.925000     0.000250
                             1120:  0.125000  0.775000  0.975000     0.000250
                             1121:  0.125000  0.825000  0.025000     0.000250
                             1122:  0.125000  0.825000  0.075000     0.000250
                             1123:  0.125000  0.825000  0.125000     0.000250
                             1124:  0.125000  0.825000  0.175000     0.000250
                             1125:  0.125000  0.825000  0.225000     0.000250
                             1126:  0.125000  0.825000  0.275000     0.000250
                             1127:  0.125000  0.825000  0.325000     0.000250
                             1128:  0.125000  0.825000  0.375000     0.000250
                             1129:  0.125000  0.825000  0.425000     0.000250
                             1130:  0.125000  0.825000  0.475000     0.000250
                             1131:  0.125000  0.825000  0.525000     0.000250
                             1132:  0.125000  0.825000  0.575000     0.000250
                             1133:  0.125000  0.825000  0.625000     0.000250
                             1134:  0.125000  0.825000  0.675000     0.000250
                             1135:  0.125000  0.825000  0.725000     0.000250
                             1136:  0.125000  0.825000  0.775000     0.000250
                             1137:  0.125000  0.825000  0.825000     0.000250
                             1138:  0.125000  0.825000  0.875000     0.000250
                             1139:  0.125000  0.825000  0.925000     0.000250
                             1140:  0.125000  0.825000  0.975000     0.000250
                             1141:  0.125000  0.875000  0.025000     0.000250
                             1142:  0.125000  0.875000  0.075000     0.000250
                             1143:  0.125000  0.875000  0.125000     0.000250
                             1144:  0.125000  0.875000  0.175000     0.000250
                             1145:  0.125000  0.875000  0.225000     0.000250
                             1146:  0.125000  0.875000  0.275000     0.000250
                             1147:  0.125000  0.875000  0.325000     0.000250
                             1148:  0.125000  0.875000  0.375000     0.000250
                             1149:  0.125000  0.875000  0.425000     0.000250
                             1150:  0.125000  0.875000  0.475000     0.000250
                             1151:  0.125000  0.875000  0.525000     0.000250
                             1152:  0.125000  0.875000  0.575000     0.000250
                             1153:  0.125000  0.875000  0.625000     0.000250
                             1154:  0.125000  0.875000  0.675000     0.000250
                             1155:  0.125000  0.875000  0.725000     0.000250
                             1156:  0.125000  0.875000  0.775000     0.000250
                             1157:  0.125000  0.875000  0.825000     0.000250
                             1158:  0.125000  0.875000  0.875000     0.000250
                             1159:  0.125000  0.875000  0.925000     0.000250
                             1160:  0.125000  0.875000  0.975000     0.000250
                             1161:  0.125000  0.925000  0.025000     0.000250
                             1162:  0.125000  0.925000  0.075000     0.000250
                             1163:  0.125000  0.925000  0.125000     0.000250
                             1164:  0.125000  0.925000  0.175000     0.000250
                             1165:  0.125000  0.925000  0.225000     0.000250
                             1166:  0.125000  0.925000  0.275000     0.000250
                             1167:  0.125000  0.925000  0.325000     0.000250
                             1168:  0.125000  0.925000  0.375000     0.000250
                             1169:  0.125000  0.925000  0.425000     0.000250
                             1170:  0.125000  0.925000  0.475000     0.000250
                             1171:  0.125000  0.925000  0.525000     0.000250
                             1172:  0.125000  0.925000  0.575000     0.000250
                             1173:  0.125000  0.925000  0.625000     0.000250
                             1174:  0.125000  0.925000  0.675000     0.000250
                             1175:  0.125000  0.925000  0.725000     0.000250
                             1176:  0.125000  0.925000  0.775000     0.000250
                             1177:  0.125000  0.925000  0.825000     0.000250
                             1178:  0.125000  0.925000  0.875000     0.000250
                             1179:  0.125000  0.925000  0.925000     0.000250
                             1180:  0.125000  0.925000  0.975000     0.000250
                             1181:  0.125000  0.975000  0.025000     0.000250
                             1182:  0.125000  0.975000  0.075000     0.000250
                             1183:  0.125000  0.975000  0.125000     0.000250
                             1184:  0.125000  0.975000  0.175000     0.000250
                             1185:  0.125000  0.975000  0.225000     0.000250
                             1186:  0.125000  0.975000  0.275000     0.000250
                             1187:  0.125000  0.975000  0.325000     0.000250
                             1188:  0.125000  0.975000  0.375000     0.000250
                             1189:  0.125000  0.975000  0.425000     0.000250
                             1190:  0.125000  0.975000  0.475000     0.000250
                             1191:  0.125000  0.975000  0.525000     0.000250
                             1192:  0.125000  0.975000  0.575000     0.000250
                             1193:  0.125000  0.975000  0.625000     0.000250
                             1194:  0.125000  0.975000  0.675000     0.000250
                             1195:  0.125000  0.975000  0.725000     0.000250
                             1196:  0.125000  0.975000  0.775000     0.000250
                             1197:  0.125000  0.975000  0.825000     0.000250
                             1198:  0.125000  0.975000  0.875000     0.000250
                             1199:  0.125000  0.975000  0.925000     0.000250
                             1200:  0.125000  0.975000  0.975000     0.000250
                             1201:  0.175000  0.025000  0.025000     0.000250
                             1202:  0.175000  0.025000  0.075000     0.000250
                             1203:  0.175000  0.025000  0.125000     0.000250
                             1204:  0.175000  0.025000  0.175000     0.000250
                             1205:  0.175000  0.025000  0.225000     0.000250
                             1206:  0.175000  0.025000  0.275000     0.000250
                             1207:  0.175000  0.025000  0.325000     0.000250
                             1208:  0.175000  0.025000  0.375000     0.000250
                             1209:  0.175000  0.025000  0.425000     0.000250
                             1210:  0.175000  0.025000  0.475000     0.000250
                             1211:  0.175000  0.025000  0.525000     0.000250
                             1212:  0.175000  0.025000  0.575000     0.000250
                             1213:  0.175000  0.025000  0.625000     0.000250
                             1214:  0.175000  0.025000  0.675000     0.000250
                             1215:  0.175000  0.025000  0.725000     0.000250
                             1216:  0.175000  0.025000  0.775000     0.000250
                             1217:  0.175000  0.025000  0.825000     0.000250
                             1218:  0.175000  0.025000  0.875000     0.000250
                             1219:  0.175000  0.025000  0.925000     0.000250
                             1220:  0.175000  0.025000  0.975000     0.000250
                             1221:  0.175000  0.075000  0.025000     0.000250
                             1222:  0.175000  0.075000  0.075000     0.000250
                             1223:  0.175000  0.075000  0.125000     0.000250
                             1224:  0.175000  0.075000  0.175000     0.000250
                             1225:  0.175000  0.075000  0.225000     0.000250
                             1226:  0.175000  0.075000  0.275000     0.000250
                             1227:  0.175000  0.075000  0.325000     0.000250
                             1228:  0.175000  0.075000  0.375000     0.000250
                             1229:  0.175000  0.075000  0.425000     0.000250
                             1230:  0.175000  0.075000  0.475000     0.000250
                             1231:  0.175000  0.075000  0.525000     0.000250
                             1232:  0.175000  0.075000  0.575000     0.000250
                             1233:  0.175000  0.075000  0.625000     0.000250
                             1234:  0.175000  0.075000  0.675000     0.000250
                             1235:  0.175000  0.075000  0.725000     0.000250
                             1236:  0.175000  0.075000  0.775000     0.000250
                             1237:  0.175000  0.075000  0.825000     0.000250
                             1238:  0.175000  0.075000  0.875000     0.000250
                             1239:  0.175000  0.075000  0.925000     0.000250
                             1240:  0.175000  0.075000  0.975000     0.000250
                             1241:  0.175000  0.125000  0.025000     0.000250
                             1242:  0.175000  0.125000  0.075000     0.000250
                             1243:  0.175000  0.125000  0.125000     0.000250
                             1244:  0.175000  0.125000  0.175000     0.000250
                             1245:  0.175000  0.125000  0.225000     0.000250
                             1246:  0.175000  0.125000  0.275000     0.000250
                             1247:  0.175000  0.125000  0.325000     0.000250
                             1248:  0.175000  0.125000  0.375000     0.000250
                             1249:  0.175000  0.125000  0.425000     0.000250
                             1250:  0.175000  0.125000  0.475000     0.000250
                             1251:  0.175000  0.125000  0.525000     0.000250
                             1252:  0.175000  0.125000  0.575000     0.000250
                             1253:  0.175000  0.125000  0.625000     0.000250
                             1254:  0.175000  0.125000  0.675000     0.000250
                             1255:  0.175000  0.125000  0.725000     0.000250
                             1256:  0.175000  0.125000  0.775000     0.000250
                             1257:  0.175000  0.125000  0.825000     0.000250
                             1258:  0.175000  0.125000  0.875000     0.000250
                             1259:  0.175000  0.125000  0.925000     0.000250
                             1260:  0.175000  0.125000  0.975000     0.000250
                             1261:  0.175000  0.175000  0.025000     0.000250
                             1262:  0.175000  0.175000  0.075000     0.000250
                             1263:  0.175000  0.175000  0.125000     0.000250
                             1264:  0.175000  0.175000  0.175000     0.000250
                             1265:  0.175000  0.175000  0.225000     0.000250
                             1266:  0.175000  0.175000  0.275000     0.000250
                             1267:  0.175000  0.175000  0.325000     0.000250
                             1268:  0.175000  0.175000  0.375000     0.000250
                             1269:  0.175000  0.175000  0.425000     0.000250
                             1270:  0.175000  0.175000  0.475000     0.000250
                             1271:  0.175000  0.175000  0.525000     0.000250
                             1272:  0.175000  0.175000  0.575000     0.000250
                             1273:  0.175000  0.175000  0.625000     0.000250
                             1274:  0.175000  0.175000  0.675000     0.000250
                             1275:  0.175000  0.175000  0.725000     0.000250
                             1276:  0.175000  0.175000  0.775000     0.000250
                             1277:  0.175000  0.175000  0.825000     0.000250
                             1278:  0.175000  0.175000  0.875000     0.000250
                             1279:  0.175000  0.175000  0.925000     0.000250
                             1280:  0.175000  0.175000  0.975000     0.000250
                             1281:  0.175000  0.225000  0.025000     0.000250
                             1282:  0.175000  0.225000  0.075000     0.000250
                             1283:  0.175000  0.225000  0.125000     0.000250
                             1284:  0.175000  0.225000  0.175000     0.000250
                             1285:  0.175000  0.225000  0.225000     0.000250
                             1286:  0.175000  0.225000  0.275000     0.000250
                             1287:  0.175000  0.225000  0.325000     0.000250
                             1288:  0.175000  0.225000  0.375000     0.000250
                             1289:  0.175000  0.225000  0.425000     0.000250
                             1290:  0.175000  0.225000  0.475000     0.000250
                             1291:  0.175000  0.225000  0.525000     0.000250
                             1292:  0.175000  0.225000  0.575000     0.000250
                             1293:  0.175000  0.225000  0.625000     0.000250
                             1294:  0.175000  0.225000  0.675000     0.000250
                             1295:  0.175000  0.225000  0.725000     0.000250
                             1296:  0.175000  0.225000  0.775000     0.000250
                             1297:  0.175000  0.225000  0.825000     0.000250
                             1298:  0.175000  0.225000  0.875000     0.000250
                             1299:  0.175000  0.225000  0.925000     0.000250
                             1300:  0.175000  0.225000  0.975000     0.000250
                             1301:  0.175000  0.275000  0.025000     0.000250
                             1302:  0.175000  0.275000  0.075000     0.000250
                             1303:  0.175000  0.275000  0.125000     0.000250
                             1304:  0.175000  0.275000  0.175000     0.000250
                             1305:  0.175000  0.275000  0.225000     0.000250
                             1306:  0.175000  0.275000  0.275000     0.000250
                             1307:  0.175000  0.275000  0.325000     0.000250
                             1308:  0.175000  0.275000  0.375000     0.000250
                             1309:  0.175000  0.275000  0.425000     0.000250
                             1310:  0.175000  0.275000  0.475000     0.000250
                             1311:  0.175000  0.275000  0.525000     0.000250
                             1312:  0.175000  0.275000  0.575000     0.000250
                             1313:  0.175000  0.275000  0.625000     0.000250
                             1314:  0.175000  0.275000  0.675000     0.000250
                             1315:  0.175000  0.275000  0.725000     0.000250
                             1316:  0.175000  0.275000  0.775000     0.000250
                             1317:  0.175000  0.275000  0.825000     0.000250
                             1318:  0.175000  0.275000  0.875000     0.000250
                             1319:  0.175000  0.275000  0.925000     0.000250
                             1320:  0.175000  0.275000  0.975000     0.000250
                             1321:  0.175000  0.325000  0.025000     0.000250
                             1322:  0.175000  0.325000  0.075000     0.000250
                             1323:  0.175000  0.325000  0.125000     0.000250
                             1324:  0.175000  0.325000  0.175000     0.000250
                             1325:  0.175000  0.325000  0.225000     0.000250
                             1326:  0.175000  0.325000  0.275000     0.000250
                             1327:  0.175000  0.325000  0.325000     0.000250
                             1328:  0.175000  0.325000  0.375000     0.000250
                             1329:  0.175000  0.325000  0.425000     0.000250
                             1330:  0.175000  0.325000  0.475000     0.000250
                             1331:  0.175000  0.325000  0.525000     0.000250
                             1332:  0.175000  0.325000  0.575000     0.000250
                             1333:  0.175000  0.325000  0.625000     0.000250
                             1334:  0.175000  0.325000  0.675000     0.000250
                             1335:  0.175000  0.325000  0.725000     0.000250
                             1336:  0.175000  0.325000  0.775000     0.000250
                             1337:  0.175000  0.325000  0.825000     0.000250
                             1338:  0.175000  0.325000  0.875000     0.000250
                             1339:  0.175000  0.325000  0.925000     0.000250
                             1340:  0.175000  0.325000  0.975000     0.000250
                             1341:  0.175000  0.375000  0.025000     0.000250
                             1342:  0.175000  0.375000  0.075000     0.000250
                             1343:  0.175000  0.375000  0.125000     0.000250
                             1344:  0.175000  0.375000  0.175000     0.000250
                             1345:  0.175000  0.375000  0.225000     0.000250
                             1346:  0.175000  0.375000  0.275000     0.000250
                             1347:  0.175000  0.375000  0.325000     0.000250
                             1348:  0.175000  0.375000  0.375000     0.000250
                             1349:  0.175000  0.375000  0.425000     0.000250
                             1350:  0.175000  0.375000  0.475000     0.000250
                             1351:  0.175000  0.375000  0.525000     0.000250
                             1352:  0.175000  0.375000  0.575000     0.000250
                             1353:  0.175000  0.375000  0.625000     0.000250
                             1354:  0.175000  0.375000  0.675000     0.000250
                             1355:  0.175000  0.375000  0.725000     0.000250
                             1356:  0.175000  0.375000  0.775000     0.000250
                             1357:  0.175000  0.375000  0.825000     0.000250
                             1358:  0.175000  0.375000  0.875000     0.000250
                             1359:  0.175000  0.375000  0.925000     0.000250
                             1360:  0.175000  0.375000  0.975000     0.000250
                             1361:  0.175000  0.425000  0.025000     0.000250
                             1362:  0.175000  0.425000  0.075000     0.000250
                             1363:  0.175000  0.425000  0.125000     0.000250
                             1364:  0.175000  0.425000  0.175000     0.000250
                             1365:  0.175000  0.425000  0.225000     0.000250
                             1366:  0.175000  0.425000  0.275000     0.000250
                             1367:  0.175000  0.425000  0.325000     0.000250
                             1368:  0.175000  0.425000  0.375000     0.000250
                             1369:  0.175000  0.425000  0.425000     0.000250
                             1370:  0.175000  0.425000  0.475000     0.000250
                             1371:  0.175000  0.425000  0.525000     0.000250
                             1372:  0.175000  0.425000  0.575000     0.000250
                             1373:  0.175000  0.425000  0.625000     0.000250
                             1374:  0.175000  0.425000  0.675000     0.000250
                             1375:  0.175000  0.425000  0.725000     0.000250
                             1376:  0.175000  0.425000  0.775000     0.000250
                             1377:  0.175000  0.425000  0.825000     0.000250
                             1378:  0.175000  0.425000  0.875000     0.000250
                             1379:  0.175000  0.425000  0.925000     0.000250
                             1380:  0.175000  0.425000  0.975000     0.000250
                             1381:  0.175000  0.475000  0.025000     0.000250
                             1382:  0.175000  0.475000  0.075000     0.000250
                             1383:  0.175000  0.475000  0.125000     0.000250
                             1384:  0.175000  0.475000  0.175000     0.000250
                             1385:  0.175000  0.475000  0.225000     0.000250
                             1386:  0.175000  0.475000  0.275000     0.000250
                             1387:  0.175000  0.475000  0.325000     0.000250
                             1388:  0.175000  0.475000  0.375000     0.000250
                             1389:  0.175000  0.475000  0.425000     0.000250
                             1390:  0.175000  0.475000  0.475000     0.000250
                             1391:  0.175000  0.475000  0.525000     0.000250
                             1392:  0.175000  0.475000  0.575000     0.000250
                             1393:  0.175000  0.475000  0.625000     0.000250
                             1394:  0.175000  0.475000  0.675000     0.000250
                             1395:  0.175000  0.475000  0.725000     0.000250
                             1396:  0.175000  0.475000  0.775000     0.000250
                             1397:  0.175000  0.475000  0.825000     0.000250
                             1398:  0.175000  0.475000  0.875000     0.000250
                             1399:  0.175000  0.475000  0.925000     0.000250
                             1400:  0.175000  0.475000  0.975000     0.000250
                             1401:  0.175000  0.525000  0.025000     0.000250
                             1402:  0.175000  0.525000  0.075000     0.000250
                             1403:  0.175000  0.525000  0.125000     0.000250
                             1404:  0.175000  0.525000  0.175000     0.000250
                             1405:  0.175000  0.525000  0.225000     0.000250
                             1406:  0.175000  0.525000  0.275000     0.000250
                             1407:  0.175000  0.525000  0.325000     0.000250
                             1408:  0.175000  0.525000  0.375000     0.000250
                             1409:  0.175000  0.525000  0.425000     0.000250
                             1410:  0.175000  0.525000  0.475000     0.000250
                             1411:  0.175000  0.525000  0.525000     0.000250
                             1412:  0.175000  0.525000  0.575000     0.000250
                             1413:  0.175000  0.525000  0.625000     0.000250
                             1414:  0.175000  0.525000  0.675000     0.000250
                             1415:  0.175000  0.525000  0.725000     0.000250
                             1416:  0.175000  0.525000  0.775000     0.000250
                             1417:  0.175000  0.525000  0.825000     0.000250
                             1418:  0.175000  0.525000  0.875000     0.000250
                             1419:  0.175000  0.525000  0.925000     0.000250
                             1420:  0.175000  0.525000  0.975000     0.000250
                             1421:  0.175000  0.575000  0.025000     0.000250
                             1422:  0.175000  0.575000  0.075000     0.000250
                             1423:  0.175000  0.575000  0.125000     0.000250
                             1424:  0.175000  0.575000  0.175000     0.000250
                             1425:  0.175000  0.575000  0.225000     0.000250
                             1426:  0.175000  0.575000  0.275000     0.000250
                             1427:  0.175000  0.575000  0.325000     0.000250
                             1428:  0.175000  0.575000  0.375000     0.000250
                             1429:  0.175000  0.575000  0.425000     0.000250
                             1430:  0.175000  0.575000  0.475000     0.000250
                             1431:  0.175000  0.575000  0.525000     0.000250
                             1432:  0.175000  0.575000  0.575000     0.000250
                             1433:  0.175000  0.575000  0.625000     0.000250
                             1434:  0.175000  0.575000  0.675000     0.000250
                             1435:  0.175000  0.575000  0.725000     0.000250
                             1436:  0.175000  0.575000  0.775000     0.000250
                             1437:  0.175000  0.575000  0.825000     0.000250
                             1438:  0.175000  0.575000  0.875000     0.000250
                             1439:  0.175000  0.575000  0.925000     0.000250
                             1440:  0.175000  0.575000  0.975000     0.000250
                             1441:  0.175000  0.625000  0.025000     0.000250
                             1442:  0.175000  0.625000  0.075000     0.000250
                             1443:  0.175000  0.625000  0.125000     0.000250
                             1444:  0.175000  0.625000  0.175000     0.000250
                             1445:  0.175000  0.625000  0.225000     0.000250
                             1446:  0.175000  0.625000  0.275000     0.000250
                             1447:  0.175000  0.625000  0.325000     0.000250
                             1448:  0.175000  0.625000  0.375000     0.000250
                             1449:  0.175000  0.625000  0.425000     0.000250
                             1450:  0.175000  0.625000  0.475000     0.000250
                             1451:  0.175000  0.625000  0.525000     0.000250
                             1452:  0.175000  0.625000  0.575000     0.000250
                             1453:  0.175000  0.625000  0.625000     0.000250
                             1454:  0.175000  0.625000  0.675000     0.000250
                             1455:  0.175000  0.625000  0.725000     0.000250
                             1456:  0.175000  0.625000  0.775000     0.000250
                             1457:  0.175000  0.625000  0.825000     0.000250
                             1458:  0.175000  0.625000  0.875000     0.000250
                             1459:  0.175000  0.625000  0.925000     0.000250
                             1460:  0.175000  0.625000  0.975000     0.000250
                             1461:  0.175000  0.675000  0.025000     0.000250
                             1462:  0.175000  0.675000  0.075000     0.000250
                             1463:  0.175000  0.675000  0.125000     0.000250
                             1464:  0.175000  0.675000  0.175000     0.000250
                             1465:  0.175000  0.675000  0.225000     0.000250
                             1466:  0.175000  0.675000  0.275000     0.000250
                             1467:  0.175000  0.675000  0.325000     0.000250
                             1468:  0.175000  0.675000  0.375000     0.000250
                             1469:  0.175000  0.675000  0.425000     0.000250
                             1470:  0.175000  0.675000  0.475000     0.000250
                             1471:  0.175000  0.675000  0.525000     0.000250
                             1472:  0.175000  0.675000  0.575000     0.000250
                             1473:  0.175000  0.675000  0.625000     0.000250
                             1474:  0.175000  0.675000  0.675000     0.000250
                             1475:  0.175000  0.675000  0.725000     0.000250
                             1476:  0.175000  0.675000  0.775000     0.000250
                             1477:  0.175000  0.675000  0.825000     0.000250
                             1478:  0.175000  0.675000  0.875000     0.000250
                             1479:  0.175000  0.675000  0.925000     0.000250
                             1480:  0.175000  0.675000  0.975000     0.000250
                             1481:  0.175000  0.725000  0.025000     0.000250
                             1482:  0.175000  0.725000  0.075000     0.000250
                             1483:  0.175000  0.725000  0.125000     0.000250
                             1484:  0.175000  0.725000  0.175000     0.000250
                             1485:  0.175000  0.725000  0.225000     0.000250
                             1486:  0.175000  0.725000  0.275000     0.000250
                             1487:  0.175000  0.725000  0.325000     0.000250
                             1488:  0.175000  0.725000  0.375000     0.000250
                             1489:  0.175000  0.725000  0.425000     0.000250
                             1490:  0.175000  0.725000  0.475000     0.000250
                             1491:  0.175000  0.725000  0.525000     0.000250
                             1492:  0.175000  0.725000  0.575000     0.000250
                             1493:  0.175000  0.725000  0.625000     0.000250
                             1494:  0.175000  0.725000  0.675000     0.000250
                             1495:  0.175000  0.725000  0.725000     0.000250
                             1496:  0.175000  0.725000  0.775000     0.000250
                             1497:  0.175000  0.725000  0.825000     0.000250
                             1498:  0.175000  0.725000  0.875000     0.000250
                             1499:  0.175000  0.725000  0.925000     0.000250
                             1500:  0.175000  0.725000  0.975000     0.000250
                             1501:  0.175000  0.775000  0.025000     0.000250
                             1502:  0.175000  0.775000  0.075000     0.000250
                             1503:  0.175000  0.775000  0.125000     0.000250
                             1504:  0.175000  0.775000  0.175000     0.000250
                             1505:  0.175000  0.775000  0.225000     0.000250
                             1506:  0.175000  0.775000  0.275000     0.000250
                             1507:  0.175000  0.775000  0.325000     0.000250
                             1508:  0.175000  0.775000  0.375000     0.000250
                             1509:  0.175000  0.775000  0.425000     0.000250
                             1510:  0.175000  0.775000  0.475000     0.000250
                             1511:  0.175000  0.775000  0.525000     0.000250
                             1512:  0.175000  0.775000  0.575000     0.000250
                             1513:  0.175000  0.775000  0.625000     0.000250
                             1514:  0.175000  0.775000  0.675000     0.000250
                             1515:  0.175000  0.775000  0.725000     0.000250
                             1516:  0.175000  0.775000  0.775000     0.000250
                             1517:  0.175000  0.775000  0.825000     0.000250
                             1518:  0.175000  0.775000  0.875000     0.000250
                             1519:  0.175000  0.775000  0.925000     0.000250
                             1520:  0.175000  0.775000  0.975000     0.000250
                             1521:  0.175000  0.825000  0.025000     0.000250
                             1522:  0.175000  0.825000  0.075000     0.000250
                             1523:  0.175000  0.825000  0.125000     0.000250
                             1524:  0.175000  0.825000  0.175000     0.000250
                             1525:  0.175000  0.825000  0.225000     0.000250
                             1526:  0.175000  0.825000  0.275000     0.000250
                             1527:  0.175000  0.825000  0.325000     0.000250
                             1528:  0.175000  0.825000  0.375000     0.000250
                             1529:  0.175000  0.825000  0.425000     0.000250
                             1530:  0.175000  0.825000  0.475000     0.000250
                             1531:  0.175000  0.825000  0.525000     0.000250
                             1532:  0.175000  0.825000  0.575000     0.000250
                             1533:  0.175000  0.825000  0.625000     0.000250
                             1534:  0.175000  0.825000  0.675000     0.000250
                             1535:  0.175000  0.825000  0.725000     0.000250
                             1536:  0.175000  0.825000  0.775000     0.000250
                             1537:  0.175000  0.825000  0.825000     0.000250
                             1538:  0.175000  0.825000  0.875000     0.000250
                             1539:  0.175000  0.825000  0.925000     0.000250
                             1540:  0.175000  0.825000  0.975000     0.000250
                             1541:  0.175000  0.875000  0.025000     0.000250
                             1542:  0.175000  0.875000  0.075000     0.000250
                             1543:  0.175000  0.875000  0.125000     0.000250
                             1544:  0.175000  0.875000  0.175000     0.000250
                             1545:  0.175000  0.875000  0.225000     0.000250
                             1546:  0.175000  0.875000  0.275000     0.000250
                             1547:  0.175000  0.875000  0.325000     0.000250
                             1548:  0.175000  0.875000  0.375000     0.000250
                             1549:  0.175000  0.875000  0.425000     0.000250
                             1550:  0.175000  0.875000  0.475000     0.000250
                             1551:  0.175000  0.875000  0.525000     0.000250
                             1552:  0.175000  0.875000  0.575000     0.000250
                             1553:  0.175000  0.875000  0.625000     0.000250
                             1554:  0.175000  0.875000  0.675000     0.000250
                             1555:  0.175000  0.875000  0.725000     0.000250
                             1556:  0.175000  0.875000  0.775000     0.000250
                             1557:  0.175000  0.875000  0.825000     0.000250
                             1558:  0.175000  0.875000  0.875000     0.000250
                             1559:  0.175000  0.875000  0.925000     0.000250
                             1560:  0.175000  0.875000  0.975000     0.000250
                             1561:  0.175000  0.925000  0.025000     0.000250
                             1562:  0.175000  0.925000  0.075000     0.000250
                             1563:  0.175000  0.925000  0.125000     0.000250
                             1564:  0.175000  0.925000  0.175000     0.000250
                             1565:  0.175000  0.925000  0.225000     0.000250
                             1566:  0.175000  0.925000  0.275000     0.000250
                             1567:  0.175000  0.925000  0.325000     0.000250
                             1568:  0.175000  0.925000  0.375000     0.000250
                             1569:  0.175000  0.925000  0.425000     0.000250
                             1570:  0.175000  0.925000  0.475000     0.000250
                             1571:  0.175000  0.925000  0.525000     0.000250
                             1572:  0.175000  0.925000  0.575000     0.000250
                             1573:  0.175000  0.925000  0.625000     0.000250
                             1574:  0.175000  0.925000  0.675000     0.000250
                             1575:  0.175000  0.925000  0.725000     0.000250
                             1576:  0.175000  0.925000  0.775000     0.000250
                             1577:  0.175000  0.925000  0.825000     0.000250
                             1578:  0.175000  0.925000  0.875000     0.000250
                             1579:  0.175000  0.925000  0.925000     0.000250
                             1580:  0.175000  0.925000  0.975000     0.000250
                             1581:  0.175000  0.975000  0.025000     0.000250
                             1582:  0.175000  0.975000  0.075000     0.000250
                             1583:  0.175000  0.975000  0.125000     0.000250
                             1584:  0.175000  0.975000  0.175000     0.000250
                             1585:  0.175000  0.975000  0.225000     0.000250
                             1586:  0.175000  0.975000  0.275000     0.000250
                             1587:  0.175000  0.975000  0.325000     0.000250
                             1588:  0.175000  0.975000  0.375000     0.000250
                             1589:  0.175000  0.975000  0.425000     0.000250
                             1590:  0.175000  0.975000  0.475000     0.000250
                             1591:  0.175000  0.975000  0.525000     0.000250
                             1592:  0.175000  0.975000  0.575000     0.000250
                             1593:  0.175000  0.975000  0.625000     0.000250
                             1594:  0.175000  0.975000  0.675000     0.000250
                             1595:  0.175000  0.975000  0.725000     0.000250
                             1596:  0.175000  0.975000  0.775000     0.000250
                             1597:  0.175000  0.975000  0.825000     0.000250
                             1598:  0.175000  0.975000  0.875000     0.000250
                             1599:  0.175000  0.975000  0.925000     0.000250
                             1600:  0.175000  0.975000  0.975000     0.000250
                             1601:  0.225000  0.025000  0.025000     0.000250
                             1602:  0.225000  0.025000  0.075000     0.000250
                             1603:  0.225000  0.025000  0.125000     0.000250
                             1604:  0.225000  0.025000  0.175000     0.000250
                             1605:  0.225000  0.025000  0.225000     0.000250
                             1606:  0.225000  0.025000  0.275000     0.000250
                             1607:  0.225000  0.025000  0.325000     0.000250
                             1608:  0.225000  0.025000  0.375000     0.000250
                             1609:  0.225000  0.025000  0.425000     0.000250
                             1610:  0.225000  0.025000  0.475000     0.000250
                             1611:  0.225000  0.025000  0.525000     0.000250
                             1612:  0.225000  0.025000  0.575000     0.000250
                             1613:  0.225000  0.025000  0.625000     0.000250
                             1614:  0.225000  0.025000  0.675000     0.000250
                             1615:  0.225000  0.025000  0.725000     0.000250
                             1616:  0.225000  0.025000  0.775000     0.000250
                             1617:  0.225000  0.025000  0.825000     0.000250
                             1618:  0.225000  0.025000  0.875000     0.000250
                             1619:  0.225000  0.025000  0.925000     0.000250
                             1620:  0.225000  0.025000  0.975000     0.000250
                             1621:  0.225000  0.075000  0.025000     0.000250
                             1622:  0.225000  0.075000  0.075000     0.000250
                             1623:  0.225000  0.075000  0.125000     0.000250
                             1624:  0.225000  0.075000  0.175000     0.000250
                             1625:  0.225000  0.075000  0.225000     0.000250
                             1626:  0.225000  0.075000  0.275000     0.000250
                             1627:  0.225000  0.075000  0.325000     0.000250
                             1628:  0.225000  0.075000  0.375000     0.000250
                             1629:  0.225000  0.075000  0.425000     0.000250
                             1630:  0.225000  0.075000  0.475000     0.000250
                             1631:  0.225000  0.075000  0.525000     0.000250
                             1632:  0.225000  0.075000  0.575000     0.000250
                             1633:  0.225000  0.075000  0.625000     0.000250
                             1634:  0.225000  0.075000  0.675000     0.000250
                             1635:  0.225000  0.075000  0.725000     0.000250
                             1636:  0.225000  0.075000  0.775000     0.000250
                             1637:  0.225000  0.075000  0.825000     0.000250
                             1638:  0.225000  0.075000  0.875000     0.000250
                             1639:  0.225000  0.075000  0.925000     0.000250
                             1640:  0.225000  0.075000  0.975000     0.000250
                             1641:  0.225000  0.125000  0.025000     0.000250
                             1642:  0.225000  0.125000  0.075000     0.000250
                             1643:  0.225000  0.125000  0.125000     0.000250
                             1644:  0.225000  0.125000  0.175000     0.000250
                             1645:  0.225000  0.125000  0.225000     0.000250
                             1646:  0.225000  0.125000  0.275000     0.000250
                             1647:  0.225000  0.125000  0.325000     0.000250
                             1648:  0.225000  0.125000  0.375000     0.000250
                             1649:  0.225000  0.125000  0.425000     0.000250
                             1650:  0.225000  0.125000  0.475000     0.000250
                             1651:  0.225000  0.125000  0.525000     0.000250
                             1652:  0.225000  0.125000  0.575000     0.000250
                             1653:  0.225000  0.125000  0.625000     0.000250
                             1654:  0.225000  0.125000  0.675000     0.000250
                             1655:  0.225000  0.125000  0.725000     0.000250
                             1656:  0.225000  0.125000  0.775000     0.000250
                             1657:  0.225000  0.125000  0.825000     0.000250
                             1658:  0.225000  0.125000  0.875000     0.000250
                             1659:  0.225000  0.125000  0.925000     0.000250
                             1660:  0.225000  0.125000  0.975000     0.000250
                             1661:  0.225000  0.175000  0.025000     0.000250
                             1662:  0.225000  0.175000  0.075000     0.000250
                             1663:  0.225000  0.175000  0.125000     0.000250
                             1664:  0.225000  0.175000  0.175000     0.000250
                             1665:  0.225000  0.175000  0.225000     0.000250
                             1666:  0.225000  0.175000  0.275000     0.000250
                             1667:  0.225000  0.175000  0.325000     0.000250
                             1668:  0.225000  0.175000  0.375000     0.000250
                             1669:  0.225000  0.175000  0.425000     0.000250
                             1670:  0.225000  0.175000  0.475000     0.000250
                             1671:  0.225000  0.175000  0.525000     0.000250
                             1672:  0.225000  0.175000  0.575000     0.000250
                             1673:  0.225000  0.175000  0.625000     0.000250
                             1674:  0.225000  0.175000  0.675000     0.000250
                             1675:  0.225000  0.175000  0.725000     0.000250
                             1676:  0.225000  0.175000  0.775000     0.000250
                             1677:  0.225000  0.175000  0.825000     0.000250
                             1678:  0.225000  0.175000  0.875000     0.000250
                             1679:  0.225000  0.175000  0.925000     0.000250
                             1680:  0.225000  0.175000  0.975000     0.000250
                             1681:  0.225000  0.225000  0.025000     0.000250
                             1682:  0.225000  0.225000  0.075000     0.000250
                             1683:  0.225000  0.225000  0.125000     0.000250
                             1684:  0.225000  0.225000  0.175000     0.000250
                             1685:  0.225000  0.225000  0.225000     0.000250
                             1686:  0.225000  0.225000  0.275000     0.000250
                             1687:  0.225000  0.225000  0.325000     0.000250
                             1688:  0.225000  0.225000  0.375000     0.000250
                             1689:  0.225000  0.225000  0.425000     0.000250
                             1690:  0.225000  0.225000  0.475000     0.000250
                             1691:  0.225000  0.225000  0.525000     0.000250
                             1692:  0.225000  0.225000  0.575000     0.000250
                             1693:  0.225000  0.225000  0.625000     0.000250
                             1694:  0.225000  0.225000  0.675000     0.000250
                             1695:  0.225000  0.225000  0.725000     0.000250
                             1696:  0.225000  0.225000  0.775000     0.000250
                             1697:  0.225000  0.225000  0.825000     0.000250
                             1698:  0.225000  0.225000  0.875000     0.000250
                             1699:  0.225000  0.225000  0.925000     0.000250
                             1700:  0.225000  0.225000  0.975000     0.000250
                             1701:  0.225000  0.275000  0.025000     0.000250
                             1702:  0.225000  0.275000  0.075000     0.000250
                             1703:  0.225000  0.275000  0.125000     0.000250
                             1704:  0.225000  0.275000  0.175000     0.000250
                             1705:  0.225000  0.275000  0.225000     0.000250
                             1706:  0.225000  0.275000  0.275000     0.000250
                             1707:  0.225000  0.275000  0.325000     0.000250
                             1708:  0.225000  0.275000  0.375000     0.000250
                             1709:  0.225000  0.275000  0.425000     0.000250
                             1710:  0.225000  0.275000  0.475000     0.000250
                             1711:  0.225000  0.275000  0.525000     0.000250
                             1712:  0.225000  0.275000  0.575000     0.000250
                             1713:  0.225000  0.275000  0.625000     0.000250
                             1714:  0.225000  0.275000  0.675000     0.000250
                             1715:  0.225000  0.275000  0.725000     0.000250
                             1716:  0.225000  0.275000  0.775000     0.000250
                             1717:  0.225000  0.275000  0.825000     0.000250
                             1718:  0.225000  0.275000  0.875000     0.000250
                             1719:  0.225000  0.275000  0.925000     0.000250
                             1720:  0.225000  0.275000  0.975000     0.000250
                             1721:  0.225000  0.325000  0.025000     0.000250
                             1722:  0.225000  0.325000  0.075000     0.000250
                             1723:  0.225000  0.325000  0.125000     0.000250
                             1724:  0.225000  0.325000  0.175000     0.000250
                             1725:  0.225000  0.325000  0.225000     0.000250
                             1726:  0.225000  0.325000  0.275000     0.000250
                             1727:  0.225000  0.325000  0.325000     0.000250
                             1728:  0.225000  0.325000  0.375000     0.000250
                             1729:  0.225000  0.325000  0.425000     0.000250
                             1730:  0.225000  0.325000  0.475000     0.000250
                             1731:  0.225000  0.325000  0.525000     0.000250
                             1732:  0.225000  0.325000  0.575000     0.000250
                             1733:  0.225000  0.325000  0.625000     0.000250
                             1734:  0.225000  0.325000  0.675000     0.000250
                             1735:  0.225000  0.325000  0.725000     0.000250
                             1736:  0.225000  0.325000  0.775000     0.000250
                             1737:  0.225000  0.325000  0.825000     0.000250
                             1738:  0.225000  0.325000  0.875000     0.000250
                             1739:  0.225000  0.325000  0.925000     0.000250
                             1740:  0.225000  0.325000  0.975000     0.000250
                             1741:  0.225000  0.375000  0.025000     0.000250
                             1742:  0.225000  0.375000  0.075000     0.000250
                             1743:  0.225000  0.375000  0.125000     0.000250
                             1744:  0.225000  0.375000  0.175000     0.000250
                             1745:  0.225000  0.375000  0.225000     0.000250
                             1746:  0.225000  0.375000  0.275000     0.000250
                             1747:  0.225000  0.375000  0.325000     0.000250
                             1748:  0.225000  0.375000  0.375000     0.000250
                             1749:  0.225000  0.375000  0.425000     0.000250
                             1750:  0.225000  0.375000  0.475000     0.000250
                             1751:  0.225000  0.375000  0.525000     0.000250
                             1752:  0.225000  0.375000  0.575000     0.000250
                             1753:  0.225000  0.375000  0.625000     0.000250
                             1754:  0.225000  0.375000  0.675000     0.000250
                             1755:  0.225000  0.375000  0.725000     0.000250
                             1756:  0.225000  0.375000  0.775000     0.000250
                             1757:  0.225000  0.375000  0.825000     0.000250
                             1758:  0.225000  0.375000  0.875000     0.000250
                             1759:  0.225000  0.375000  0.925000     0.000250
                             1760:  0.225000  0.375000  0.975000     0.000250
                             1761:  0.225000  0.425000  0.025000     0.000250
                             1762:  0.225000  0.425000  0.075000     0.000250
                             1763:  0.225000  0.425000  0.125000     0.000250
                             1764:  0.225000  0.425000  0.175000     0.000250
                             1765:  0.225000  0.425000  0.225000     0.000250
                             1766:  0.225000  0.425000  0.275000     0.000250
                             1767:  0.225000  0.425000  0.325000     0.000250
                             1768:  0.225000  0.425000  0.375000     0.000250
                             1769:  0.225000  0.425000  0.425000     0.000250
                             1770:  0.225000  0.425000  0.475000     0.000250
                             1771:  0.225000  0.425000  0.525000     0.000250
                             1772:  0.225000  0.425000  0.575000     0.000250
                             1773:  0.225000  0.425000  0.625000     0.000250
                             1774:  0.225000  0.425000  0.675000     0.000250
                             1775:  0.225000  0.425000  0.725000     0.000250
                             1776:  0.225000  0.425000  0.775000     0.000250
                             1777:  0.225000  0.425000  0.825000     0.000250
                             1778:  0.225000  0.425000  0.875000     0.000250
                             1779:  0.225000  0.425000  0.925000     0.000250
                             1780:  0.225000  0.425000  0.975000     0.000250
                             1781:  0.225000  0.475000  0.025000     0.000250
                             1782:  0.225000  0.475000  0.075000     0.000250
                             1783:  0.225000  0.475000  0.125000     0.000250
                             1784:  0.225000  0.475000  0.175000     0.000250
                             1785:  0.225000  0.475000  0.225000     0.000250
                             1786:  0.225000  0.475000  0.275000     0.000250
                             1787:  0.225000  0.475000  0.325000     0.000250
                             1788:  0.225000  0.475000  0.375000     0.000250
                             1789:  0.225000  0.475000  0.425000     0.000250
                             1790:  0.225000  0.475000  0.475000     0.000250
                             1791:  0.225000  0.475000  0.525000     0.000250
                             1792:  0.225000  0.475000  0.575000     0.000250
                             1793:  0.225000  0.475000  0.625000     0.000250
                             1794:  0.225000  0.475000  0.675000     0.000250
                             1795:  0.225000  0.475000  0.725000     0.000250
                             1796:  0.225000  0.475000  0.775000     0.000250
                             1797:  0.225000  0.475000  0.825000     0.000250
                             1798:  0.225000  0.475000  0.875000     0.000250
                             1799:  0.225000  0.475000  0.925000     0.000250
                             1800:  0.225000  0.475000  0.975000     0.000250
                             1801:  0.225000  0.525000  0.025000     0.000250
                             1802:  0.225000  0.525000  0.075000     0.000250
                             1803:  0.225000  0.525000  0.125000     0.000250
                             1804:  0.225000  0.525000  0.175000     0.000250
                             1805:  0.225000  0.525000  0.225000     0.000250
                             1806:  0.225000  0.525000  0.275000     0.000250
                             1807:  0.225000  0.525000  0.325000     0.000250
                             1808:  0.225000  0.525000  0.375000     0.000250
                             1809:  0.225000  0.525000  0.425000     0.000250
                             1810:  0.225000  0.525000  0.475000     0.000250
                             1811:  0.225000  0.525000  0.525000     0.000250
                             1812:  0.225000  0.525000  0.575000     0.000250
                             1813:  0.225000  0.525000  0.625000     0.000250
                             1814:  0.225000  0.525000  0.675000     0.000250
                             1815:  0.225000  0.525000  0.725000     0.000250
                             1816:  0.225000  0.525000  0.775000     0.000250
                             1817:  0.225000  0.525000  0.825000     0.000250
                             1818:  0.225000  0.525000  0.875000     0.000250
                             1819:  0.225000  0.525000  0.925000     0.000250
                             1820:  0.225000  0.525000  0.975000     0.000250
                             1821:  0.225000  0.575000  0.025000     0.000250
                             1822:  0.225000  0.575000  0.075000     0.000250
                             1823:  0.225000  0.575000  0.125000     0.000250
                             1824:  0.225000  0.575000  0.175000     0.000250
                             1825:  0.225000  0.575000  0.225000     0.000250
                             1826:  0.225000  0.575000  0.275000     0.000250
                             1827:  0.225000  0.575000  0.325000     0.000250
                             1828:  0.225000  0.575000  0.375000     0.000250
                             1829:  0.225000  0.575000  0.425000     0.000250
                             1830:  0.225000  0.575000  0.475000     0.000250
                             1831:  0.225000  0.575000  0.525000     0.000250
                             1832:  0.225000  0.575000  0.575000     0.000250
                             1833:  0.225000  0.575000  0.625000     0.000250
                             1834:  0.225000  0.575000  0.675000     0.000250
                             1835:  0.225000  0.575000  0.725000     0.000250
                             1836:  0.225000  0.575000  0.775000     0.000250
                             1837:  0.225000  0.575000  0.825000     0.000250
                             1838:  0.225000  0.575000  0.875000     0.000250
                             1839:  0.225000  0.575000  0.925000     0.000250
                             1840:  0.225000  0.575000  0.975000     0.000250
                             1841:  0.225000  0.625000  0.025000     0.000250
                             1842:  0.225000  0.625000  0.075000     0.000250
                             1843:  0.225000  0.625000  0.125000     0.000250
                             1844:  0.225000  0.625000  0.175000     0.000250
                             1845:  0.225000  0.625000  0.225000     0.000250
                             1846:  0.225000  0.625000  0.275000     0.000250
                             1847:  0.225000  0.625000  0.325000     0.000250
                             1848:  0.225000  0.625000  0.375000     0.000250
                             1849:  0.225000  0.625000  0.425000     0.000250
                             1850:  0.225000  0.625000  0.475000     0.000250
                             1851:  0.225000  0.625000  0.525000     0.000250
                             1852:  0.225000  0.625000  0.575000     0.000250
                             1853:  0.225000  0.625000  0.625000     0.000250
                             1854:  0.225000  0.625000  0.675000     0.000250
                             1855:  0.225000  0.625000  0.725000     0.000250
                             1856:  0.225000  0.625000  0.775000     0.000250
                             1857:  0.225000  0.625000  0.825000     0.000250
                             1858:  0.225000  0.625000  0.875000     0.000250
                             1859:  0.225000  0.625000  0.925000     0.000250
                             1860:  0.225000  0.625000  0.975000     0.000250
                             1861:  0.225000  0.675000  0.025000     0.000250
                             1862:  0.225000  0.675000  0.075000     0.000250
                             1863:  0.225000  0.675000  0.125000     0.000250
                             1864:  0.225000  0.675000  0.175000     0.000250
                             1865:  0.225000  0.675000  0.225000     0.000250
                             1866:  0.225000  0.675000  0.275000     0.000250
                             1867:  0.225000  0.675000  0.325000     0.000250
                             1868:  0.225000  0.675000  0.375000     0.000250
                             1869:  0.225000  0.675000  0.425000     0.000250
                             1870:  0.225000  0.675000  0.475000     0.000250
                             1871:  0.225000  0.675000  0.525000     0.000250
                             1872:  0.225000  0.675000  0.575000     0.000250
                             1873:  0.225000  0.675000  0.625000     0.000250
                             1874:  0.225000  0.675000  0.675000     0.000250
                             1875:  0.225000  0.675000  0.725000     0.000250
                             1876:  0.225000  0.675000  0.775000     0.000250
                             1877:  0.225000  0.675000  0.825000     0.000250
                             1878:  0.225000  0.675000  0.875000     0.000250
                             1879:  0.225000  0.675000  0.925000     0.000250
                             1880:  0.225000  0.675000  0.975000     0.000250
                             1881:  0.225000  0.725000  0.025000     0.000250
                             1882:  0.225000  0.725000  0.075000     0.000250
                             1883:  0.225000  0.725000  0.125000     0.000250
                             1884:  0.225000  0.725000  0.175000     0.000250
                             1885:  0.225000  0.725000  0.225000     0.000250
                             1886:  0.225000  0.725000  0.275000     0.000250
                             1887:  0.225000  0.725000  0.325000     0.000250
                             1888:  0.225000  0.725000  0.375000     0.000250
                             1889:  0.225000  0.725000  0.425000     0.000250
                             1890:  0.225000  0.725000  0.475000     0.000250
                             1891:  0.225000  0.725000  0.525000     0.000250
                             1892:  0.225000  0.725000  0.575000     0.000250
                             1893:  0.225000  0.725000  0.625000     0.000250
                             1894:  0.225000  0.725000  0.675000     0.000250
                             1895:  0.225000  0.725000  0.725000     0.000250
                             1896:  0.225000  0.725000  0.775000     0.000250
                             1897:  0.225000  0.725000  0.825000     0.000250
                             1898:  0.225000  0.725000  0.875000     0.000250
                             1899:  0.225000  0.725000  0.925000     0.000250
                             1900:  0.225000  0.725000  0.975000     0.000250
                             1901:  0.225000  0.775000  0.025000     0.000250
                             1902:  0.225000  0.775000  0.075000     0.000250
                             1903:  0.225000  0.775000  0.125000     0.000250
                             1904:  0.225000  0.775000  0.175000     0.000250
                             1905:  0.225000  0.775000  0.225000     0.000250
                             1906:  0.225000  0.775000  0.275000     0.000250
                             1907:  0.225000  0.775000  0.325000     0.000250
                             1908:  0.225000  0.775000  0.375000     0.000250
                             1909:  0.225000  0.775000  0.425000     0.000250
                             1910:  0.225000  0.775000  0.475000     0.000250
                             1911:  0.225000  0.775000  0.525000     0.000250
                             1912:  0.225000  0.775000  0.575000     0.000250
                             1913:  0.225000  0.775000  0.625000     0.000250
                             1914:  0.225000  0.775000  0.675000     0.000250
                             1915:  0.225000  0.775000  0.725000     0.000250
                             1916:  0.225000  0.775000  0.775000     0.000250
                             1917:  0.225000  0.775000  0.825000     0.000250
                             1918:  0.225000  0.775000  0.875000     0.000250
                             1919:  0.225000  0.775000  0.925000     0.000250
                             1920:  0.225000  0.775000  0.975000     0.000250
                             1921:  0.225000  0.825000  0.025000     0.000250
                             1922:  0.225000  0.825000  0.075000     0.000250
                             1923:  0.225000  0.825000  0.125000     0.000250
                             1924:  0.225000  0.825000  0.175000     0.000250
                             1925:  0.225000  0.825000  0.225000     0.000250
                             1926:  0.225000  0.825000  0.275000     0.000250
                             1927:  0.225000  0.825000  0.325000     0.000250
                             1928:  0.225000  0.825000  0.375000     0.000250
                             1929:  0.225000  0.825000  0.425000     0.000250
                             1930:  0.225000  0.825000  0.475000     0.000250
                             1931:  0.225000  0.825000  0.525000     0.000250
                             1932:  0.225000  0.825000  0.575000     0.000250
                             1933:  0.225000  0.825000  0.625000     0.000250
                             1934:  0.225000  0.825000  0.675000     0.000250
                             1935:  0.225000  0.825000  0.725000     0.000250
                             1936:  0.225000  0.825000  0.775000     0.000250
                             1937:  0.225000  0.825000  0.825000     0.000250
                             1938:  0.225000  0.825000  0.875000     0.000250
                             1939:  0.225000  0.825000  0.925000     0.000250
                             1940:  0.225000  0.825000  0.975000     0.000250
                             1941:  0.225000  0.875000  0.025000     0.000250
                             1942:  0.225000  0.875000  0.075000     0.000250
                             1943:  0.225000  0.875000  0.125000     0.000250
                             1944:  0.225000  0.875000  0.175000     0.000250
                             1945:  0.225000  0.875000  0.225000     0.000250
                             1946:  0.225000  0.875000  0.275000     0.000250
                             1947:  0.225000  0.875000  0.325000     0.000250
                             1948:  0.225000  0.875000  0.375000     0.000250
                             1949:  0.225000  0.875000  0.425000     0.000250
                             1950:  0.225000  0.875000  0.475000     0.000250
                             1951:  0.225000  0.875000  0.525000     0.000250
                             1952:  0.225000  0.875000  0.575000     0.000250
                             1953:  0.225000  0.875000  0.625000     0.000250
                             1954:  0.225000  0.875000  0.675000     0.000250
                             1955:  0.225000  0.875000  0.725000     0.000250
                             1956:  0.225000  0.875000  0.775000     0.000250
                             1957:  0.225000  0.875000  0.825000     0.000250
                             1958:  0.225000  0.875000  0.875000     0.000250
                             1959:  0.225000  0.875000  0.925000     0.000250
                             1960:  0.225000  0.875000  0.975000     0.000250
                             1961:  0.225000  0.925000  0.025000     0.000250
                             1962:  0.225000  0.925000  0.075000     0.000250
                             1963:  0.225000  0.925000  0.125000     0.000250
                             1964:  0.225000  0.925000  0.175000     0.000250
                             1965:  0.225000  0.925000  0.225000     0.000250
                             1966:  0.225000  0.925000  0.275000     0.000250
                             1967:  0.225000  0.925000  0.325000     0.000250
                             1968:  0.225000  0.925000  0.375000     0.000250
                             1969:  0.225000  0.925000  0.425000     0.000250
                             1970:  0.225000  0.925000  0.475000     0.000250
                             1971:  0.225000  0.925000  0.525000     0.000250
                             1972:  0.225000  0.925000  0.575000     0.000250
                             1973:  0.225000  0.925000  0.625000     0.000250
                             1974:  0.225000  0.925000  0.675000     0.000250
                             1975:  0.225000  0.925000  0.725000     0.000250
                             1976:  0.225000  0.925000  0.775000     0.000250
                             1977:  0.225000  0.925000  0.825000     0.000250
                             1978:  0.225000  0.925000  0.875000     0.000250
                             1979:  0.225000  0.925000  0.925000     0.000250
                             1980:  0.225000  0.925000  0.975000     0.000250
                             1981:  0.225000  0.975000  0.025000     0.000250
                             1982:  0.225000  0.975000  0.075000     0.000250
                             1983:  0.225000  0.975000  0.125000     0.000250
                             1984:  0.225000  0.975000  0.175000     0.000250
                             1985:  0.225000  0.975000  0.225000     0.000250
                             1986:  0.225000  0.975000  0.275000     0.000250
                             1987:  0.225000  0.975000  0.325000     0.000250
                             1988:  0.225000  0.975000  0.375000     0.000250
                             1989:  0.225000  0.975000  0.425000     0.000250
                             1990:  0.225000  0.975000  0.475000     0.000250
                             1991:  0.225000  0.975000  0.525000     0.000250
                             1992:  0.225000  0.975000  0.575000     0.000250
                             1993:  0.225000  0.975000  0.625000     0.000250
                             1994:  0.225000  0.975000  0.675000     0.000250
                             1995:  0.225000  0.975000  0.725000     0.000250
                             1996:  0.225000  0.975000  0.775000     0.000250
                             1997:  0.225000  0.975000  0.825000     0.000250
                             1998:  0.225000  0.975000  0.875000     0.000250
                             1999:  0.225000  0.975000  0.925000     0.000250
                             2000:  0.225000  0.975000  0.975000     0.000250
                             2001:  0.275000  0.025000  0.025000     0.000250
                             2002:  0.275000  0.025000  0.075000     0.000250
                             2003:  0.275000  0.025000  0.125000     0.000250
                             2004:  0.275000  0.025000  0.175000     0.000250
                             2005:  0.275000  0.025000  0.225000     0.000250
                             2006:  0.275000  0.025000  0.275000     0.000250
                             2007:  0.275000  0.025000  0.325000     0.000250
                             2008:  0.275000  0.025000  0.375000     0.000250
                             2009:  0.275000  0.025000  0.425000     0.000250
                             2010:  0.275000  0.025000  0.475000     0.000250
                             2011:  0.275000  0.025000  0.525000     0.000250
                             2012:  0.275000  0.025000  0.575000     0.000250
                             2013:  0.275000  0.025000  0.625000     0.000250
                             2014:  0.275000  0.025000  0.675000     0.000250
                             2015:  0.275000  0.025000  0.725000     0.000250
                             2016:  0.275000  0.025000  0.775000     0.000250
                             2017:  0.275000  0.025000  0.825000     0.000250
                             2018:  0.275000  0.025000  0.875000     0.000250
                             2019:  0.275000  0.025000  0.925000     0.000250
                             2020:  0.275000  0.025000  0.975000     0.000250
                             2021:  0.275000  0.075000  0.025000     0.000250
                             2022:  0.275000  0.075000  0.075000     0.000250
                             2023:  0.275000  0.075000  0.125000     0.000250
                             2024:  0.275000  0.075000  0.175000     0.000250
                             2025:  0.275000  0.075000  0.225000     0.000250
                             2026:  0.275000  0.075000  0.275000     0.000250
                             2027:  0.275000  0.075000  0.325000     0.000250
                             2028:  0.275000  0.075000  0.375000     0.000250
                             2029:  0.275000  0.075000  0.425000     0.000250
                             2030:  0.275000  0.075000  0.475000     0.000250
                             2031:  0.275000  0.075000  0.525000     0.000250
                             2032:  0.275000  0.075000  0.575000     0.000250
                             2033:  0.275000  0.075000  0.625000     0.000250
                             2034:  0.275000  0.075000  0.675000     0.000250
                             2035:  0.275000  0.075000  0.725000     0.000250
                             2036:  0.275000  0.075000  0.775000     0.000250
                             2037:  0.275000  0.075000  0.825000     0.000250
                             2038:  0.275000  0.075000  0.875000     0.000250
                             2039:  0.275000  0.075000  0.925000     0.000250
                             2040:  0.275000  0.075000  0.975000     0.000250
                             2041:  0.275000  0.125000  0.025000     0.000250
                             2042:  0.275000  0.125000  0.075000     0.000250
                             2043:  0.275000  0.125000  0.125000     0.000250
                             2044:  0.275000  0.125000  0.175000     0.000250
                             2045:  0.275000  0.125000  0.225000     0.000250
                             2046:  0.275000  0.125000  0.275000     0.000250
                             2047:  0.275000  0.125000  0.325000     0.000250
                             2048:  0.275000  0.125000  0.375000     0.000250
                             2049:  0.275000  0.125000  0.425000     0.000250
                             2050:  0.275000  0.125000  0.475000     0.000250
                             2051:  0.275000  0.125000  0.525000     0.000250
                             2052:  0.275000  0.125000  0.575000     0.000250
                             2053:  0.275000  0.125000  0.625000     0.000250
                             2054:  0.275000  0.125000  0.675000     0.000250
                             2055:  0.275000  0.125000  0.725000     0.000250
                             2056:  0.275000  0.125000  0.775000     0.000250
                             2057:  0.275000  0.125000  0.825000     0.000250
                             2058:  0.275000  0.125000  0.875000     0.000250
                             2059:  0.275000  0.125000  0.925000     0.000250
                             2060:  0.275000  0.125000  0.975000     0.000250
                             2061:  0.275000  0.175000  0.025000     0.000250
                             2062:  0.275000  0.175000  0.075000     0.000250
                             2063:  0.275000  0.175000  0.125000     0.000250
                             2064:  0.275000  0.175000  0.175000     0.000250
                             2065:  0.275000  0.175000  0.225000     0.000250
                             2066:  0.275000  0.175000  0.275000     0.000250
                             2067:  0.275000  0.175000  0.325000     0.000250
                             2068:  0.275000  0.175000  0.375000     0.000250
                             2069:  0.275000  0.175000  0.425000     0.000250
                             2070:  0.275000  0.175000  0.475000     0.000250
                             2071:  0.275000  0.175000  0.525000     0.000250
                             2072:  0.275000  0.175000  0.575000     0.000250
                             2073:  0.275000  0.175000  0.625000     0.000250
                             2074:  0.275000  0.175000  0.675000     0.000250
                             2075:  0.275000  0.175000  0.725000     0.000250
                             2076:  0.275000  0.175000  0.775000     0.000250
                             2077:  0.275000  0.175000  0.825000     0.000250
                             2078:  0.275000  0.175000  0.875000     0.000250
                             2079:  0.275000  0.175000  0.925000     0.000250
                             2080:  0.275000  0.175000  0.975000     0.000250
                             2081:  0.275000  0.225000  0.025000     0.000250
                             2082:  0.275000  0.225000  0.075000     0.000250
                             2083:  0.275000  0.225000  0.125000     0.000250
                             2084:  0.275000  0.225000  0.175000     0.000250
                             2085:  0.275000  0.225000  0.225000     0.000250
                             2086:  0.275000  0.225000  0.275000     0.000250
                             2087:  0.275000  0.225000  0.325000     0.000250
                             2088:  0.275000  0.225000  0.375000     0.000250
                             2089:  0.275000  0.225000  0.425000     0.000250
                             2090:  0.275000  0.225000  0.475000     0.000250
                             2091:  0.275000  0.225000  0.525000     0.000250
                             2092:  0.275000  0.225000  0.575000     0.000250
                             2093:  0.275000  0.225000  0.625000     0.000250
                             2094:  0.275000  0.225000  0.675000     0.000250
                             2095:  0.275000  0.225000  0.725000     0.000250
                             2096:  0.275000  0.225000  0.775000     0.000250
                             2097:  0.275000  0.225000  0.825000     0.000250
                             2098:  0.275000  0.225000  0.875000     0.000250
                             2099:  0.275000  0.225000  0.925000     0.000250
                             2100:  0.275000  0.225000  0.975000     0.000250
                             2101:  0.275000  0.275000  0.025000     0.000250
                             2102:  0.275000  0.275000  0.075000     0.000250
                             2103:  0.275000  0.275000  0.125000     0.000250
                             2104:  0.275000  0.275000  0.175000     0.000250
                             2105:  0.275000  0.275000  0.225000     0.000250
                             2106:  0.275000  0.275000  0.275000     0.000250
                             2107:  0.275000  0.275000  0.325000     0.000250
                             2108:  0.275000  0.275000  0.375000     0.000250
                             2109:  0.275000  0.275000  0.425000     0.000250
                             2110:  0.275000  0.275000  0.475000     0.000250
                             2111:  0.275000  0.275000  0.525000     0.000250
                             2112:  0.275000  0.275000  0.575000     0.000250
                             2113:  0.275000  0.275000  0.625000     0.000250
                             2114:  0.275000  0.275000  0.675000     0.000250
                             2115:  0.275000  0.275000  0.725000     0.000250
                             2116:  0.275000  0.275000  0.775000     0.000250
                             2117:  0.275000  0.275000  0.825000     0.000250
                             2118:  0.275000  0.275000  0.875000     0.000250
                             2119:  0.275000  0.275000  0.925000     0.000250
                             2120:  0.275000  0.275000  0.975000     0.000250
                             2121:  0.275000  0.325000  0.025000     0.000250
                             2122:  0.275000  0.325000  0.075000     0.000250
                             2123:  0.275000  0.325000  0.125000     0.000250
                             2124:  0.275000  0.325000  0.175000     0.000250
                             2125:  0.275000  0.325000  0.225000     0.000250
                             2126:  0.275000  0.325000  0.275000     0.000250
                             2127:  0.275000  0.325000  0.325000     0.000250
                             2128:  0.275000  0.325000  0.375000     0.000250
                             2129:  0.275000  0.325000  0.425000     0.000250
                             2130:  0.275000  0.325000  0.475000     0.000250
                             2131:  0.275000  0.325000  0.525000     0.000250
                             2132:  0.275000  0.325000  0.575000     0.000250
                             2133:  0.275000  0.325000  0.625000     0.000250
                             2134:  0.275000  0.325000  0.675000     0.000250
                             2135:  0.275000  0.325000  0.725000     0.000250
                             2136:  0.275000  0.325000  0.775000     0.000250
                             2137:  0.275000  0.325000  0.825000     0.000250
                             2138:  0.275000  0.325000  0.875000     0.000250
                             2139:  0.275000  0.325000  0.925000     0.000250
                             2140:  0.275000  0.325000  0.975000     0.000250
                             2141:  0.275000  0.375000  0.025000     0.000250
                             2142:  0.275000  0.375000  0.075000     0.000250
                             2143:  0.275000  0.375000  0.125000     0.000250
                             2144:  0.275000  0.375000  0.175000     0.000250
                             2145:  0.275000  0.375000  0.225000     0.000250
                             2146:  0.275000  0.375000  0.275000     0.000250
                             2147:  0.275000  0.375000  0.325000     0.000250
                             2148:  0.275000  0.375000  0.375000     0.000250
                             2149:  0.275000  0.375000  0.425000     0.000250
                             2150:  0.275000  0.375000  0.475000     0.000250
                             2151:  0.275000  0.375000  0.525000     0.000250
                             2152:  0.275000  0.375000  0.575000     0.000250
                             2153:  0.275000  0.375000  0.625000     0.000250
                             2154:  0.275000  0.375000  0.675000     0.000250
                             2155:  0.275000  0.375000  0.725000     0.000250
                             2156:  0.275000  0.375000  0.775000     0.000250
                             2157:  0.275000  0.375000  0.825000     0.000250
                             2158:  0.275000  0.375000  0.875000     0.000250
                             2159:  0.275000  0.375000  0.925000     0.000250
                             2160:  0.275000  0.375000  0.975000     0.000250
                             2161:  0.275000  0.425000  0.025000     0.000250
                             2162:  0.275000  0.425000  0.075000     0.000250
                             2163:  0.275000  0.425000  0.125000     0.000250
                             2164:  0.275000  0.425000  0.175000     0.000250
                             2165:  0.275000  0.425000  0.225000     0.000250
                             2166:  0.275000  0.425000  0.275000     0.000250
                             2167:  0.275000  0.425000  0.325000     0.000250
                             2168:  0.275000  0.425000  0.375000     0.000250
                             2169:  0.275000  0.425000  0.425000     0.000250
                             2170:  0.275000  0.425000  0.475000     0.000250
                             2171:  0.275000  0.425000  0.525000     0.000250
                             2172:  0.275000  0.425000  0.575000     0.000250
                             2173:  0.275000  0.425000  0.625000     0.000250
                             2174:  0.275000  0.425000  0.675000     0.000250
                             2175:  0.275000  0.425000  0.725000     0.000250
                             2176:  0.275000  0.425000  0.775000     0.000250
                             2177:  0.275000  0.425000  0.825000     0.000250
                             2178:  0.275000  0.425000  0.875000     0.000250
                             2179:  0.275000  0.425000  0.925000     0.000250
                             2180:  0.275000  0.425000  0.975000     0.000250
                             2181:  0.275000  0.475000  0.025000     0.000250
                             2182:  0.275000  0.475000  0.075000     0.000250
                             2183:  0.275000  0.475000  0.125000     0.000250
                             2184:  0.275000  0.475000  0.175000     0.000250
                             2185:  0.275000  0.475000  0.225000     0.000250
                             2186:  0.275000  0.475000  0.275000     0.000250
                             2187:  0.275000  0.475000  0.325000     0.000250
                             2188:  0.275000  0.475000  0.375000     0.000250
                             2189:  0.275000  0.475000  0.425000     0.000250
                             2190:  0.275000  0.475000  0.475000     0.000250
                             2191:  0.275000  0.475000  0.525000     0.000250
                             2192:  0.275000  0.475000  0.575000     0.000250
                             2193:  0.275000  0.475000  0.625000     0.000250
                             2194:  0.275000  0.475000  0.675000     0.000250
                             2195:  0.275000  0.475000  0.725000     0.000250
                             2196:  0.275000  0.475000  0.775000     0.000250
                             2197:  0.275000  0.475000  0.825000     0.000250
                             2198:  0.275000  0.475000  0.875000     0.000250
                             2199:  0.275000  0.475000  0.925000     0.000250
                             2200:  0.275000  0.475000  0.975000     0.000250
                             2201:  0.275000  0.525000  0.025000     0.000250
                             2202:  0.275000  0.525000  0.075000     0.000250
                             2203:  0.275000  0.525000  0.125000     0.000250
                             2204:  0.275000  0.525000  0.175000     0.000250
                             2205:  0.275000  0.525000  0.225000     0.000250
                             2206:  0.275000  0.525000  0.275000     0.000250
                             2207:  0.275000  0.525000  0.325000     0.000250
                             2208:  0.275000  0.525000  0.375000     0.000250
                             2209:  0.275000  0.525000  0.425000     0.000250
                             2210:  0.275000  0.525000  0.475000     0.000250
                             2211:  0.275000  0.525000  0.525000     0.000250
                             2212:  0.275000  0.525000  0.575000     0.000250
                             2213:  0.275000  0.525000  0.625000     0.000250
                             2214:  0.275000  0.525000  0.675000     0.000250
                             2215:  0.275000  0.525000  0.725000     0.000250
                             2216:  0.275000  0.525000  0.775000     0.000250
                             2217:  0.275000  0.525000  0.825000     0.000250
                             2218:  0.275000  0.525000  0.875000     0.000250
                             2219:  0.275000  0.525000  0.925000     0.000250
                             2220:  0.275000  0.525000  0.975000     0.000250
                             2221:  0.275000  0.575000  0.025000     0.000250
                             2222:  0.275000  0.575000  0.075000     0.000250
                             2223:  0.275000  0.575000  0.125000     0.000250
                             2224:  0.275000  0.575000  0.175000     0.000250
                             2225:  0.275000  0.575000  0.225000     0.000250
                             2226:  0.275000  0.575000  0.275000     0.000250
                             2227:  0.275000  0.575000  0.325000     0.000250
                             2228:  0.275000  0.575000  0.375000     0.000250
                             2229:  0.275000  0.575000  0.425000     0.000250
                             2230:  0.275000  0.575000  0.475000     0.000250
                             2231:  0.275000  0.575000  0.525000     0.000250
                             2232:  0.275000  0.575000  0.575000     0.000250
                             2233:  0.275000  0.575000  0.625000     0.000250
                             2234:  0.275000  0.575000  0.675000     0.000250
                             2235:  0.275000  0.575000  0.725000     0.000250
                             2236:  0.275000  0.575000  0.775000     0.000250
                             2237:  0.275000  0.575000  0.825000     0.000250
                             2238:  0.275000  0.575000  0.875000     0.000250
                             2239:  0.275000  0.575000  0.925000     0.000250
                             2240:  0.275000  0.575000  0.975000     0.000250
                             2241:  0.275000  0.625000  0.025000     0.000250
                             2242:  0.275000  0.625000  0.075000     0.000250
                             2243:  0.275000  0.625000  0.125000     0.000250
                             2244:  0.275000  0.625000  0.175000     0.000250
                             2245:  0.275000  0.625000  0.225000     0.000250
                             2246:  0.275000  0.625000  0.275000     0.000250
                             2247:  0.275000  0.625000  0.325000     0.000250
                             2248:  0.275000  0.625000  0.375000     0.000250
                             2249:  0.275000  0.625000  0.425000     0.000250
                             2250:  0.275000  0.625000  0.475000     0.000250
                             2251:  0.275000  0.625000  0.525000     0.000250
                             2252:  0.275000  0.625000  0.575000     0.000250
                             2253:  0.275000  0.625000  0.625000     0.000250
                             2254:  0.275000  0.625000  0.675000     0.000250
                             2255:  0.275000  0.625000  0.725000     0.000250
                             2256:  0.275000  0.625000  0.775000     0.000250
                             2257:  0.275000  0.625000  0.825000     0.000250
                             2258:  0.275000  0.625000  0.875000     0.000250
                             2259:  0.275000  0.625000  0.925000     0.000250
                             2260:  0.275000  0.625000  0.975000     0.000250
                             2261:  0.275000  0.675000  0.025000     0.000250
                             2262:  0.275000  0.675000  0.075000     0.000250
                             2263:  0.275000  0.675000  0.125000     0.000250
                             2264:  0.275000  0.675000  0.175000     0.000250
                             2265:  0.275000  0.675000  0.225000     0.000250
                             2266:  0.275000  0.675000  0.275000     0.000250
                             2267:  0.275000  0.675000  0.325000     0.000250
                             2268:  0.275000  0.675000  0.375000     0.000250
                             2269:  0.275000  0.675000  0.425000     0.000250
                             2270:  0.275000  0.675000  0.475000     0.000250
                             2271:  0.275000  0.675000  0.525000     0.000250
                             2272:  0.275000  0.675000  0.575000     0.000250
                             2273:  0.275000  0.675000  0.625000     0.000250
                             2274:  0.275000  0.675000  0.675000     0.000250
                             2275:  0.275000  0.675000  0.725000     0.000250
                             2276:  0.275000  0.675000  0.775000     0.000250
                             2277:  0.275000  0.675000  0.825000     0.000250
                             2278:  0.275000  0.675000  0.875000     0.000250
                             2279:  0.275000  0.675000  0.925000     0.000250
                             2280:  0.275000  0.675000  0.975000     0.000250
                             2281:  0.275000  0.725000  0.025000     0.000250
                             2282:  0.275000  0.725000  0.075000     0.000250
                             2283:  0.275000  0.725000  0.125000     0.000250
                             2284:  0.275000  0.725000  0.175000     0.000250
                             2285:  0.275000  0.725000  0.225000     0.000250
                             2286:  0.275000  0.725000  0.275000     0.000250
                             2287:  0.275000  0.725000  0.325000     0.000250
                             2288:  0.275000  0.725000  0.375000     0.000250
                             2289:  0.275000  0.725000  0.425000     0.000250
                             2290:  0.275000  0.725000  0.475000     0.000250
                             2291:  0.275000  0.725000  0.525000     0.000250
                             2292:  0.275000  0.725000  0.575000     0.000250
                             2293:  0.275000  0.725000  0.625000     0.000250
                             2294:  0.275000  0.725000  0.675000     0.000250
                             2295:  0.275000  0.725000  0.725000     0.000250
                             2296:  0.275000  0.725000  0.775000     0.000250
                             2297:  0.275000  0.725000  0.825000     0.000250
                             2298:  0.275000  0.725000  0.875000     0.000250
                             2299:  0.275000  0.725000  0.925000     0.000250
                             2300:  0.275000  0.725000  0.975000     0.000250
                             2301:  0.275000  0.775000  0.025000     0.000250
                             2302:  0.275000  0.775000  0.075000     0.000250
                             2303:  0.275000  0.775000  0.125000     0.000250
                             2304:  0.275000  0.775000  0.175000     0.000250
                             2305:  0.275000  0.775000  0.225000     0.000250
                             2306:  0.275000  0.775000  0.275000     0.000250
                             2307:  0.275000  0.775000  0.325000     0.000250
                             2308:  0.275000  0.775000  0.375000     0.000250
                             2309:  0.275000  0.775000  0.425000     0.000250
                             2310:  0.275000  0.775000  0.475000     0.000250
                             2311:  0.275000  0.775000  0.525000     0.000250
                             2312:  0.275000  0.775000  0.575000     0.000250
                             2313:  0.275000  0.775000  0.625000     0.000250
                             2314:  0.275000  0.775000  0.675000     0.000250
                             2315:  0.275000  0.775000  0.725000     0.000250
                             2316:  0.275000  0.775000  0.775000     0.000250
                             2317:  0.275000  0.775000  0.825000     0.000250
                             2318:  0.275000  0.775000  0.875000     0.000250
                             2319:  0.275000  0.775000  0.925000     0.000250
                             2320:  0.275000  0.775000  0.975000     0.000250
                             2321:  0.275000  0.825000  0.025000     0.000250
                             2322:  0.275000  0.825000  0.075000     0.000250
                             2323:  0.275000  0.825000  0.125000     0.000250
                             2324:  0.275000  0.825000  0.175000     0.000250
                             2325:  0.275000  0.825000  0.225000     0.000250
                             2326:  0.275000  0.825000  0.275000     0.000250
                             2327:  0.275000  0.825000  0.325000     0.000250
                             2328:  0.275000  0.825000  0.375000     0.000250
                             2329:  0.275000  0.825000  0.425000     0.000250
                             2330:  0.275000  0.825000  0.475000     0.000250
                             2331:  0.275000  0.825000  0.525000     0.000250
                             2332:  0.275000  0.825000  0.575000     0.000250
                             2333:  0.275000  0.825000  0.625000     0.000250
                             2334:  0.275000  0.825000  0.675000     0.000250
                             2335:  0.275000  0.825000  0.725000     0.000250
                             2336:  0.275000  0.825000  0.775000     0.000250
                             2337:  0.275000  0.825000  0.825000     0.000250
                             2338:  0.275000  0.825000  0.875000     0.000250
                             2339:  0.275000  0.825000  0.925000     0.000250
                             2340:  0.275000  0.825000  0.975000     0.000250
                             2341:  0.275000  0.875000  0.025000     0.000250
                             2342:  0.275000  0.875000  0.075000     0.000250
                             2343:  0.275000  0.875000  0.125000     0.000250
                             2344:  0.275000  0.875000  0.175000     0.000250
                             2345:  0.275000  0.875000  0.225000     0.000250
                             2346:  0.275000  0.875000  0.275000     0.000250
                             2347:  0.275000  0.875000  0.325000     0.000250
                             2348:  0.275000  0.875000  0.375000     0.000250
                             2349:  0.275000  0.875000  0.425000     0.000250
                             2350:  0.275000  0.875000  0.475000     0.000250
                             2351:  0.275000  0.875000  0.525000     0.000250
                             2352:  0.275000  0.875000  0.575000     0.000250
                             2353:  0.275000  0.875000  0.625000     0.000250
                             2354:  0.275000  0.875000  0.675000     0.000250
                             2355:  0.275000  0.875000  0.725000     0.000250
                             2356:  0.275000  0.875000  0.775000     0.000250
                             2357:  0.275000  0.875000  0.825000     0.000250
                             2358:  0.275000  0.875000  0.875000     0.000250
                             2359:  0.275000  0.875000  0.925000     0.000250
                             2360:  0.275000  0.875000  0.975000     0.000250
                             2361:  0.275000  0.925000  0.025000     0.000250
                             2362:  0.275000  0.925000  0.075000     0.000250
                             2363:  0.275000  0.925000  0.125000     0.000250
                             2364:  0.275000  0.925000  0.175000     0.000250
                             2365:  0.275000  0.925000  0.225000     0.000250
                             2366:  0.275000  0.925000  0.275000     0.000250
                             2367:  0.275000  0.925000  0.325000     0.000250
                             2368:  0.275000  0.925000  0.375000     0.000250
                             2369:  0.275000  0.925000  0.425000     0.000250
                             2370:  0.275000  0.925000  0.475000     0.000250
                             2371:  0.275000  0.925000  0.525000     0.000250
                             2372:  0.275000  0.925000  0.575000     0.000250
                             2373:  0.275000  0.925000  0.625000     0.000250
                             2374:  0.275000  0.925000  0.675000     0.000250
                             2375:  0.275000  0.925000  0.725000     0.000250
                             2376:  0.275000  0.925000  0.775000     0.000250
                             2377:  0.275000  0.925000  0.825000     0.000250
                             2378:  0.275000  0.925000  0.875000     0.000250
                             2379:  0.275000  0.925000  0.925000     0.000250
                             2380:  0.275000  0.925000  0.975000     0.000250
                             2381:  0.275000  0.975000  0.025000     0.000250
                             2382:  0.275000  0.975000  0.075000     0.000250
                             2383:  0.275000  0.975000  0.125000     0.000250
                             2384:  0.275000  0.975000  0.175000     0.000250
                             2385:  0.275000  0.975000  0.225000     0.000250
                             2386:  0.275000  0.975000  0.275000     0.000250
                             2387:  0.275000  0.975000  0.325000     0.000250
                             2388:  0.275000  0.975000  0.375000     0.000250
                             2389:  0.275000  0.975000  0.425000     0.000250
                             2390:  0.275000  0.975000  0.475000     0.000250
                             2391:  0.275000  0.975000  0.525000     0.000250
                             2392:  0.275000  0.975000  0.575000     0.000250
                             2393:  0.275000  0.975000  0.625000     0.000250
                             2394:  0.275000  0.975000  0.675000     0.000250
                             2395:  0.275000  0.975000  0.725000     0.000250
                             2396:  0.275000  0.975000  0.775000     0.000250
                             2397:  0.275000  0.975000  0.825000     0.000250
                             2398:  0.275000  0.975000  0.875000     0.000250
                             2399:  0.275000  0.975000  0.925000     0.000250
                             2400:  0.275000  0.975000  0.975000     0.000250
                             2401:  0.325000  0.025000  0.025000     0.000250
                             2402:  0.325000  0.025000  0.075000     0.000250
                             2403:  0.325000  0.025000  0.125000     0.000250
                             2404:  0.325000  0.025000  0.175000     0.000250
                             2405:  0.325000  0.025000  0.225000     0.000250
                             2406:  0.325000  0.025000  0.275000     0.000250
                             2407:  0.325000  0.025000  0.325000     0.000250
                             2408:  0.325000  0.025000  0.375000     0.000250
                             2409:  0.325000  0.025000  0.425000     0.000250
                             2410:  0.325000  0.025000  0.475000     0.000250
                             2411:  0.325000  0.025000  0.525000     0.000250
                             2412:  0.325000  0.025000  0.575000     0.000250
                             2413:  0.325000  0.025000  0.625000     0.000250
                             2414:  0.325000  0.025000  0.675000     0.000250
                             2415:  0.325000  0.025000  0.725000     0.000250
                             2416:  0.325000  0.025000  0.775000     0.000250
                             2417:  0.325000  0.025000  0.825000     0.000250
                             2418:  0.325000  0.025000  0.875000     0.000250
                             2419:  0.325000  0.025000  0.925000     0.000250
                             2420:  0.325000  0.025000  0.975000     0.000250
                             2421:  0.325000  0.075000  0.025000     0.000250
                             2422:  0.325000  0.075000  0.075000     0.000250
                             2423:  0.325000  0.075000  0.125000     0.000250
                             2424:  0.325000  0.075000  0.175000     0.000250
                             2425:  0.325000  0.075000  0.225000     0.000250
                             2426:  0.325000  0.075000  0.275000     0.000250
                             2427:  0.325000  0.075000  0.325000     0.000250
                             2428:  0.325000  0.075000  0.375000     0.000250
                             2429:  0.325000  0.075000  0.425000     0.000250
                             2430:  0.325000  0.075000  0.475000     0.000250
                             2431:  0.325000  0.075000  0.525000     0.000250
                             2432:  0.325000  0.075000  0.575000     0.000250
                             2433:  0.325000  0.075000  0.625000     0.000250
                             2434:  0.325000  0.075000  0.675000     0.000250
                             2435:  0.325000  0.075000  0.725000     0.000250
                             2436:  0.325000  0.075000  0.775000     0.000250
                             2437:  0.325000  0.075000  0.825000     0.000250
                             2438:  0.325000  0.075000  0.875000     0.000250
                             2439:  0.325000  0.075000  0.925000     0.000250
                             2440:  0.325000  0.075000  0.975000     0.000250
                             2441:  0.325000  0.125000  0.025000     0.000250
                             2442:  0.325000  0.125000  0.075000     0.000250
                             2443:  0.325000  0.125000  0.125000     0.000250
                             2444:  0.325000  0.125000  0.175000     0.000250
                             2445:  0.325000  0.125000  0.225000     0.000250
                             2446:  0.325000  0.125000  0.275000     0.000250
                             2447:  0.325000  0.125000  0.325000     0.000250
                             2448:  0.325000  0.125000  0.375000     0.000250
                             2449:  0.325000  0.125000  0.425000     0.000250
                             2450:  0.325000  0.125000  0.475000     0.000250
                             2451:  0.325000  0.125000  0.525000     0.000250
                             2452:  0.325000  0.125000  0.575000     0.000250
                             2453:  0.325000  0.125000  0.625000     0.000250
                             2454:  0.325000  0.125000  0.675000     0.000250
                             2455:  0.325000  0.125000  0.725000     0.000250
                             2456:  0.325000  0.125000  0.775000     0.000250
                             2457:  0.325000  0.125000  0.825000     0.000250
                             2458:  0.325000  0.125000  0.875000     0.000250
                             2459:  0.325000  0.125000  0.925000     0.000250
                             2460:  0.325000  0.125000  0.975000     0.000250
                             2461:  0.325000  0.175000  0.025000     0.000250
                             2462:  0.325000  0.175000  0.075000     0.000250
                             2463:  0.325000  0.175000  0.125000     0.000250
                             2464:  0.325000  0.175000  0.175000     0.000250
                             2465:  0.325000  0.175000  0.225000     0.000250
                             2466:  0.325000  0.175000  0.275000     0.000250
                             2467:  0.325000  0.175000  0.325000     0.000250
                             2468:  0.325000  0.175000  0.375000     0.000250
                             2469:  0.325000  0.175000  0.425000     0.000250
                             2470:  0.325000  0.175000  0.475000     0.000250
                             2471:  0.325000  0.175000  0.525000     0.000250
                             2472:  0.325000  0.175000  0.575000     0.000250
                             2473:  0.325000  0.175000  0.625000     0.000250
                             2474:  0.325000  0.175000  0.675000     0.000250
                             2475:  0.325000  0.175000  0.725000     0.000250
                             2476:  0.325000  0.175000  0.775000     0.000250
                             2477:  0.325000  0.175000  0.825000     0.000250
                             2478:  0.325000  0.175000  0.875000     0.000250
                             2479:  0.325000  0.175000  0.925000     0.000250
                             2480:  0.325000  0.175000  0.975000     0.000250
                             2481:  0.325000  0.225000  0.025000     0.000250
                             2482:  0.325000  0.225000  0.075000     0.000250
                             2483:  0.325000  0.225000  0.125000     0.000250
                             2484:  0.325000  0.225000  0.175000     0.000250
                             2485:  0.325000  0.225000  0.225000     0.000250
                             2486:  0.325000  0.225000  0.275000     0.000250
                             2487:  0.325000  0.225000  0.325000     0.000250
                             2488:  0.325000  0.225000  0.375000     0.000250
                             2489:  0.325000  0.225000  0.425000     0.000250
                             2490:  0.325000  0.225000  0.475000     0.000250
                             2491:  0.325000  0.225000  0.525000     0.000250
                             2492:  0.325000  0.225000  0.575000     0.000250
                             2493:  0.325000  0.225000  0.625000     0.000250
                             2494:  0.325000  0.225000  0.675000     0.000250
                             2495:  0.325000  0.225000  0.725000     0.000250
                             2496:  0.325000  0.225000  0.775000     0.000250
                             2497:  0.325000  0.225000  0.825000     0.000250
                             2498:  0.325000  0.225000  0.875000     0.000250
                             2499:  0.325000  0.225000  0.925000     0.000250
                             2500:  0.325000  0.225000  0.975000     0.000250
                             2501:  0.325000  0.275000  0.025000     0.000250
                             2502:  0.325000  0.275000  0.075000     0.000250
                             2503:  0.325000  0.275000  0.125000     0.000250
                             2504:  0.325000  0.275000  0.175000     0.000250
                             2505:  0.325000  0.275000  0.225000     0.000250
                             2506:  0.325000  0.275000  0.275000     0.000250
                             2507:  0.325000  0.275000  0.325000     0.000250
                             2508:  0.325000  0.275000  0.375000     0.000250
                             2509:  0.325000  0.275000  0.425000     0.000250
                             2510:  0.325000  0.275000  0.475000     0.000250
                             2511:  0.325000  0.275000  0.525000     0.000250
                             2512:  0.325000  0.275000  0.575000     0.000250
                             2513:  0.325000  0.275000  0.625000     0.000250
                             2514:  0.325000  0.275000  0.675000     0.000250
                             2515:  0.325000  0.275000  0.725000     0.000250
                             2516:  0.325000  0.275000  0.775000     0.000250
                             2517:  0.325000  0.275000  0.825000     0.000250
                             2518:  0.325000  0.275000  0.875000     0.000250
                             2519:  0.325000  0.275000  0.925000     0.000250
                             2520:  0.325000  0.275000  0.975000     0.000250
                             2521:  0.325000  0.325000  0.025000     0.000250
                             2522:  0.325000  0.325000  0.075000     0.000250
                             2523:  0.325000  0.325000  0.125000     0.000250
                             2524:  0.325000  0.325000  0.175000     0.000250
                             2525:  0.325000  0.325000  0.225000     0.000250
                             2526:  0.325000  0.325000  0.275000     0.000250
                             2527:  0.325000  0.325000  0.325000     0.000250
                             2528:  0.325000  0.325000  0.375000     0.000250
                             2529:  0.325000  0.325000  0.425000     0.000250
                             2530:  0.325000  0.325000  0.475000     0.000250
                             2531:  0.325000  0.325000  0.525000     0.000250
                             2532:  0.325000  0.325000  0.575000     0.000250
                             2533:  0.325000  0.325000  0.625000     0.000250
                             2534:  0.325000  0.325000  0.675000     0.000250
                             2535:  0.325000  0.325000  0.725000     0.000250
                             2536:  0.325000  0.325000  0.775000     0.000250
                             2537:  0.325000  0.325000  0.825000     0.000250
                             2538:  0.325000  0.325000  0.875000     0.000250
                             2539:  0.325000  0.325000  0.925000     0.000250
                             2540:  0.325000  0.325000  0.975000     0.000250
                             2541:  0.325000  0.375000  0.025000     0.000250
                             2542:  0.325000  0.375000  0.075000     0.000250
                             2543:  0.325000  0.375000  0.125000     0.000250
                             2544:  0.325000  0.375000  0.175000     0.000250
                             2545:  0.325000  0.375000  0.225000     0.000250
                             2546:  0.325000  0.375000  0.275000     0.000250
                             2547:  0.325000  0.375000  0.325000     0.000250
                             2548:  0.325000  0.375000  0.375000     0.000250
                             2549:  0.325000  0.375000  0.425000     0.000250
                             2550:  0.325000  0.375000  0.475000     0.000250
                             2551:  0.325000  0.375000  0.525000     0.000250
                             2552:  0.325000  0.375000  0.575000     0.000250
                             2553:  0.325000  0.375000  0.625000     0.000250
                             2554:  0.325000  0.375000  0.675000     0.000250
                             2555:  0.325000  0.375000  0.725000     0.000250
                             2556:  0.325000  0.375000  0.775000     0.000250
                             2557:  0.325000  0.375000  0.825000     0.000250
                             2558:  0.325000  0.375000  0.875000     0.000250
                             2559:  0.325000  0.375000  0.925000     0.000250
                             2560:  0.325000  0.375000  0.975000     0.000250
                             2561:  0.325000  0.425000  0.025000     0.000250
                             2562:  0.325000  0.425000  0.075000     0.000250
                             2563:  0.325000  0.425000  0.125000     0.000250
                             2564:  0.325000  0.425000  0.175000     0.000250
                             2565:  0.325000  0.425000  0.225000     0.000250
                             2566:  0.325000  0.425000  0.275000     0.000250
                             2567:  0.325000  0.425000  0.325000     0.000250
                             2568:  0.325000  0.425000  0.375000     0.000250
                             2569:  0.325000  0.425000  0.425000     0.000250
                             2570:  0.325000  0.425000  0.475000     0.000250
                             2571:  0.325000  0.425000  0.525000     0.000250
                             2572:  0.325000  0.425000  0.575000     0.000250
                             2573:  0.325000  0.425000  0.625000     0.000250
                             2574:  0.325000  0.425000  0.675000     0.000250
                             2575:  0.325000  0.425000  0.725000     0.000250
                             2576:  0.325000  0.425000  0.775000     0.000250
                             2577:  0.325000  0.425000  0.825000     0.000250
                             2578:  0.325000  0.425000  0.875000     0.000250
                             2579:  0.325000  0.425000  0.925000     0.000250
                             2580:  0.325000  0.425000  0.975000     0.000250
                             2581:  0.325000  0.475000  0.025000     0.000250
                             2582:  0.325000  0.475000  0.075000     0.000250
                             2583:  0.325000  0.475000  0.125000     0.000250
                             2584:  0.325000  0.475000  0.175000     0.000250
                             2585:  0.325000  0.475000  0.225000     0.000250
                             2586:  0.325000  0.475000  0.275000     0.000250
                             2587:  0.325000  0.475000  0.325000     0.000250
                             2588:  0.325000  0.475000  0.375000     0.000250
                             2589:  0.325000  0.475000  0.425000     0.000250
                             2590:  0.325000  0.475000  0.475000     0.000250
                             2591:  0.325000  0.475000  0.525000     0.000250
                             2592:  0.325000  0.475000  0.575000     0.000250
                             2593:  0.325000  0.475000  0.625000     0.000250
                             2594:  0.325000  0.475000  0.675000     0.000250
                             2595:  0.325000  0.475000  0.725000     0.000250
                             2596:  0.325000  0.475000  0.775000     0.000250
                             2597:  0.325000  0.475000  0.825000     0.000250
                             2598:  0.325000  0.475000  0.875000     0.000250
                             2599:  0.325000  0.475000  0.925000     0.000250
                             2600:  0.325000  0.475000  0.975000     0.000250
                             2601:  0.325000  0.525000  0.025000     0.000250
                             2602:  0.325000  0.525000  0.075000     0.000250
                             2603:  0.325000  0.525000  0.125000     0.000250
                             2604:  0.325000  0.525000  0.175000     0.000250
                             2605:  0.325000  0.525000  0.225000     0.000250
                             2606:  0.325000  0.525000  0.275000     0.000250
                             2607:  0.325000  0.525000  0.325000     0.000250
                             2608:  0.325000  0.525000  0.375000     0.000250
                             2609:  0.325000  0.525000  0.425000     0.000250
                             2610:  0.325000  0.525000  0.475000     0.000250
                             2611:  0.325000  0.525000  0.525000     0.000250
                             2612:  0.325000  0.525000  0.575000     0.000250
                             2613:  0.325000  0.525000  0.625000     0.000250
                             2614:  0.325000  0.525000  0.675000     0.000250
                             2615:  0.325000  0.525000  0.725000     0.000250
                             2616:  0.325000  0.525000  0.775000     0.000250
                             2617:  0.325000  0.525000  0.825000     0.000250
                             2618:  0.325000  0.525000  0.875000     0.000250
                             2619:  0.325000  0.525000  0.925000     0.000250
                             2620:  0.325000  0.525000  0.975000     0.000250
                             2621:  0.325000  0.575000  0.025000     0.000250
                             2622:  0.325000  0.575000  0.075000     0.000250
                             2623:  0.325000  0.575000  0.125000     0.000250
                             2624:  0.325000  0.575000  0.175000     0.000250
                             2625:  0.325000  0.575000  0.225000     0.000250
                             2626:  0.325000  0.575000  0.275000     0.000250
                             2627:  0.325000  0.575000  0.325000     0.000250
                             2628:  0.325000  0.575000  0.375000     0.000250
                             2629:  0.325000  0.575000  0.425000     0.000250
                             2630:  0.325000  0.575000  0.475000     0.000250
                             2631:  0.325000  0.575000  0.525000     0.000250
                             2632:  0.325000  0.575000  0.575000     0.000250
                             2633:  0.325000  0.575000  0.625000     0.000250
                             2634:  0.325000  0.575000  0.675000     0.000250
                             2635:  0.325000  0.575000  0.725000     0.000250
                             2636:  0.325000  0.575000  0.775000     0.000250
                             2637:  0.325000  0.575000  0.825000     0.000250
                             2638:  0.325000  0.575000  0.875000     0.000250
                             2639:  0.325000  0.575000  0.925000     0.000250
                             2640:  0.325000  0.575000  0.975000     0.000250
                             2641:  0.325000  0.625000  0.025000     0.000250
                             2642:  0.325000  0.625000  0.075000     0.000250
                             2643:  0.325000  0.625000  0.125000     0.000250
                             2644:  0.325000  0.625000  0.175000     0.000250
                             2645:  0.325000  0.625000  0.225000     0.000250
                             2646:  0.325000  0.625000  0.275000     0.000250
                             2647:  0.325000  0.625000  0.325000     0.000250
                             2648:  0.325000  0.625000  0.375000     0.000250
                             2649:  0.325000  0.625000  0.425000     0.000250
                             2650:  0.325000  0.625000  0.475000     0.000250
                             2651:  0.325000  0.625000  0.525000     0.000250
                             2652:  0.325000  0.625000  0.575000     0.000250
                             2653:  0.325000  0.625000  0.625000     0.000250
                             2654:  0.325000  0.625000  0.675000     0.000250
                             2655:  0.325000  0.625000  0.725000     0.000250
                             2656:  0.325000  0.625000  0.775000     0.000250
                             2657:  0.325000  0.625000  0.825000     0.000250
                             2658:  0.325000  0.625000  0.875000     0.000250
                             2659:  0.325000  0.625000  0.925000     0.000250
                             2660:  0.325000  0.625000  0.975000     0.000250
                             2661:  0.325000  0.675000  0.025000     0.000250
                             2662:  0.325000  0.675000  0.075000     0.000250
                             2663:  0.325000  0.675000  0.125000     0.000250
                             2664:  0.325000  0.675000  0.175000     0.000250
                             2665:  0.325000  0.675000  0.225000     0.000250
                             2666:  0.325000  0.675000  0.275000     0.000250
                             2667:  0.325000  0.675000  0.325000     0.000250
                             2668:  0.325000  0.675000  0.375000     0.000250
                             2669:  0.325000  0.675000  0.425000     0.000250
                             2670:  0.325000  0.675000  0.475000     0.000250
                             2671:  0.325000  0.675000  0.525000     0.000250
                             2672:  0.325000  0.675000  0.575000     0.000250
                             2673:  0.325000  0.675000  0.625000     0.000250
                             2674:  0.325000  0.675000  0.675000     0.000250
                             2675:  0.325000  0.675000  0.725000     0.000250
                             2676:  0.325000  0.675000  0.775000     0.000250
                             2677:  0.325000  0.675000  0.825000     0.000250
                             2678:  0.325000  0.675000  0.875000     0.000250
                             2679:  0.325000  0.675000  0.925000     0.000250
                             2680:  0.325000  0.675000  0.975000     0.000250
                             2681:  0.325000  0.725000  0.025000     0.000250
                             2682:  0.325000  0.725000  0.075000     0.000250
                             2683:  0.325000  0.725000  0.125000     0.000250
                             2684:  0.325000  0.725000  0.175000     0.000250
                             2685:  0.325000  0.725000  0.225000     0.000250
                             2686:  0.325000  0.725000  0.275000     0.000250
                             2687:  0.325000  0.725000  0.325000     0.000250
                             2688:  0.325000  0.725000  0.375000     0.000250
                             2689:  0.325000  0.725000  0.425000     0.000250
                             2690:  0.325000  0.725000  0.475000     0.000250
                             2691:  0.325000  0.725000  0.525000     0.000250
                             2692:  0.325000  0.725000  0.575000     0.000250
                             2693:  0.325000  0.725000  0.625000     0.000250
                             2694:  0.325000  0.725000  0.675000     0.000250
                             2695:  0.325000  0.725000  0.725000     0.000250
                             2696:  0.325000  0.725000  0.775000     0.000250
                             2697:  0.325000  0.725000  0.825000     0.000250
                             2698:  0.325000  0.725000  0.875000     0.000250
                             2699:  0.325000  0.725000  0.925000     0.000250
                             2700:  0.325000  0.725000  0.975000     0.000250
                             2701:  0.325000  0.775000  0.025000     0.000250
                             2702:  0.325000  0.775000  0.075000     0.000250
                             2703:  0.325000  0.775000  0.125000     0.000250
                             2704:  0.325000  0.775000  0.175000     0.000250
                             2705:  0.325000  0.775000  0.225000     0.000250
                             2706:  0.325000  0.775000  0.275000     0.000250
                             2707:  0.325000  0.775000  0.325000     0.000250
                             2708:  0.325000  0.775000  0.375000     0.000250
                             2709:  0.325000  0.775000  0.425000     0.000250
                             2710:  0.325000  0.775000  0.475000     0.000250
                             2711:  0.325000  0.775000  0.525000     0.000250
                             2712:  0.325000  0.775000  0.575000     0.000250
                             2713:  0.325000  0.775000  0.625000     0.000250
                             2714:  0.325000  0.775000  0.675000     0.000250
                             2715:  0.325000  0.775000  0.725000     0.000250
                             2716:  0.325000  0.775000  0.775000     0.000250
                             2717:  0.325000  0.775000  0.825000     0.000250
                             2718:  0.325000  0.775000  0.875000     0.000250
                             2719:  0.325000  0.775000  0.925000     0.000250
                             2720:  0.325000  0.775000  0.975000     0.000250
                             2721:  0.325000  0.825000  0.025000     0.000250
                             2722:  0.325000  0.825000  0.075000     0.000250
                             2723:  0.325000  0.825000  0.125000     0.000250
                             2724:  0.325000  0.825000  0.175000     0.000250
                             2725:  0.325000  0.825000  0.225000     0.000250
                             2726:  0.325000  0.825000  0.275000     0.000250
                             2727:  0.325000  0.825000  0.325000     0.000250
                             2728:  0.325000  0.825000  0.375000     0.000250
                             2729:  0.325000  0.825000  0.425000     0.000250
                             2730:  0.325000  0.825000  0.475000     0.000250
                             2731:  0.325000  0.825000  0.525000     0.000250
                             2732:  0.325000  0.825000  0.575000     0.000250
                             2733:  0.325000  0.825000  0.625000     0.000250
                             2734:  0.325000  0.825000  0.675000     0.000250
                             2735:  0.325000  0.825000  0.725000     0.000250
                             2736:  0.325000  0.825000  0.775000     0.000250
                             2737:  0.325000  0.825000  0.825000     0.000250
                             2738:  0.325000  0.825000  0.875000     0.000250
                             2739:  0.325000  0.825000  0.925000     0.000250
                             2740:  0.325000  0.825000  0.975000     0.000250
                             2741:  0.325000  0.875000  0.025000     0.000250
                             2742:  0.325000  0.875000  0.075000     0.000250
                             2743:  0.325000  0.875000  0.125000     0.000250
                             2744:  0.325000  0.875000  0.175000     0.000250
                             2745:  0.325000  0.875000  0.225000     0.000250
                             2746:  0.325000  0.875000  0.275000     0.000250
                             2747:  0.325000  0.875000  0.325000     0.000250
                             2748:  0.325000  0.875000  0.375000     0.000250
                             2749:  0.325000  0.875000  0.425000     0.000250
                             2750:  0.325000  0.875000  0.475000     0.000250
                             2751:  0.325000  0.875000  0.525000     0.000250
                             2752:  0.325000  0.875000  0.575000     0.000250
                             2753:  0.325000  0.875000  0.625000     0.000250
                             2754:  0.325000  0.875000  0.675000     0.000250
                             2755:  0.325000  0.875000  0.725000     0.000250
                             2756:  0.325000  0.875000  0.775000     0.000250
                             2757:  0.325000  0.875000  0.825000     0.000250
                             2758:  0.325000  0.875000  0.875000     0.000250
                             2759:  0.325000  0.875000  0.925000     0.000250
                             2760:  0.325000  0.875000  0.975000     0.000250
                             2761:  0.325000  0.925000  0.025000     0.000250
                             2762:  0.325000  0.925000  0.075000     0.000250
                             2763:  0.325000  0.925000  0.125000     0.000250
                             2764:  0.325000  0.925000  0.175000     0.000250
                             2765:  0.325000  0.925000  0.225000     0.000250
                             2766:  0.325000  0.925000  0.275000     0.000250
                             2767:  0.325000  0.925000  0.325000     0.000250
                             2768:  0.325000  0.925000  0.375000     0.000250
                             2769:  0.325000  0.925000  0.425000     0.000250
                             2770:  0.325000  0.925000  0.475000     0.000250
                             2771:  0.325000  0.925000  0.525000     0.000250
                             2772:  0.325000  0.925000  0.575000     0.000250
                             2773:  0.325000  0.925000  0.625000     0.000250
                             2774:  0.325000  0.925000  0.675000     0.000250
                             2775:  0.325000  0.925000  0.725000     0.000250
                             2776:  0.325000  0.925000  0.775000     0.000250
                             2777:  0.325000  0.925000  0.825000     0.000250
                             2778:  0.325000  0.925000  0.875000     0.000250
                             2779:  0.325000  0.925000  0.925000     0.000250
                             2780:  0.325000  0.925000  0.975000     0.000250
                             2781:  0.325000  0.975000  0.025000     0.000250
                             2782:  0.325000  0.975000  0.075000     0.000250
                             2783:  0.325000  0.975000  0.125000     0.000250
                             2784:  0.325000  0.975000  0.175000     0.000250
                             2785:  0.325000  0.975000  0.225000     0.000250
                             2786:  0.325000  0.975000  0.275000     0.000250
                             2787:  0.325000  0.975000  0.325000     0.000250
                             2788:  0.325000  0.975000  0.375000     0.000250
                             2789:  0.325000  0.975000  0.425000     0.000250
                             2790:  0.325000  0.975000  0.475000     0.000250
                             2791:  0.325000  0.975000  0.525000     0.000250
                             2792:  0.325000  0.975000  0.575000     0.000250
                             2793:  0.325000  0.975000  0.625000     0.000250
                             2794:  0.325000  0.975000  0.675000     0.000250
                             2795:  0.325000  0.975000  0.725000     0.000250
                             2796:  0.325000  0.975000  0.775000     0.000250
                             2797:  0.325000  0.975000  0.825000     0.000250
                             2798:  0.325000  0.975000  0.875000     0.000250
                             2799:  0.325000  0.975000  0.925000     0.000250
                             2800:  0.325000  0.975000  0.975000     0.000250
                             2801:  0.375000  0.025000  0.025000     0.000250
                             2802:  0.375000  0.025000  0.075000     0.000250
                             2803:  0.375000  0.025000  0.125000     0.000250
                             2804:  0.375000  0.025000  0.175000     0.000250
                             2805:  0.375000  0.025000  0.225000     0.000250
                             2806:  0.375000  0.025000  0.275000     0.000250
                             2807:  0.375000  0.025000  0.325000     0.000250
                             2808:  0.375000  0.025000  0.375000     0.000250
                             2809:  0.375000  0.025000  0.425000     0.000250
                             2810:  0.375000  0.025000  0.475000     0.000250
                             2811:  0.375000  0.025000  0.525000     0.000250
                             2812:  0.375000  0.025000  0.575000     0.000250
                             2813:  0.375000  0.025000  0.625000     0.000250
                             2814:  0.375000  0.025000  0.675000     0.000250
                             2815:  0.375000  0.025000  0.725000     0.000250
                             2816:  0.375000  0.025000  0.775000     0.000250
                             2817:  0.375000  0.025000  0.825000     0.000250
                             2818:  0.375000  0.025000  0.875000     0.000250
                             2819:  0.375000  0.025000  0.925000     0.000250
                             2820:  0.375000  0.025000  0.975000     0.000250
                             2821:  0.375000  0.075000  0.025000     0.000250
                             2822:  0.375000  0.075000  0.075000     0.000250
                             2823:  0.375000  0.075000  0.125000     0.000250
                             2824:  0.375000  0.075000  0.175000     0.000250
                             2825:  0.375000  0.075000  0.225000     0.000250
                             2826:  0.375000  0.075000  0.275000     0.000250
                             2827:  0.375000  0.075000  0.325000     0.000250
                             2828:  0.375000  0.075000  0.375000     0.000250
                             2829:  0.375000  0.075000  0.425000     0.000250
                             2830:  0.375000  0.075000  0.475000     0.000250
                             2831:  0.375000  0.075000  0.525000     0.000250
                             2832:  0.375000  0.075000  0.575000     0.000250
                             2833:  0.375000  0.075000  0.625000     0.000250
                             2834:  0.375000  0.075000  0.675000     0.000250
                             2835:  0.375000  0.075000  0.725000     0.000250
                             2836:  0.375000  0.075000  0.775000     0.000250
                             2837:  0.375000  0.075000  0.825000     0.000250
                             2838:  0.375000  0.075000  0.875000     0.000250
                             2839:  0.375000  0.075000  0.925000     0.000250
                             2840:  0.375000  0.075000  0.975000     0.000250
                             2841:  0.375000  0.125000  0.025000     0.000250
                             2842:  0.375000  0.125000  0.075000     0.000250
                             2843:  0.375000  0.125000  0.125000     0.000250
                             2844:  0.375000  0.125000  0.175000     0.000250
                             2845:  0.375000  0.125000  0.225000     0.000250
                             2846:  0.375000  0.125000  0.275000     0.000250
                             2847:  0.375000  0.125000  0.325000     0.000250
                             2848:  0.375000  0.125000  0.375000     0.000250
                             2849:  0.375000  0.125000  0.425000     0.000250
                             2850:  0.375000  0.125000  0.475000     0.000250
                             2851:  0.375000  0.125000  0.525000     0.000250
                             2852:  0.375000  0.125000  0.575000     0.000250
                             2853:  0.375000  0.125000  0.625000     0.000250
                             2854:  0.375000  0.125000  0.675000     0.000250
                             2855:  0.375000  0.125000  0.725000     0.000250
                             2856:  0.375000  0.125000  0.775000     0.000250
                             2857:  0.375000  0.125000  0.825000     0.000250
                             2858:  0.375000  0.125000  0.875000     0.000250
                             2859:  0.375000  0.125000  0.925000     0.000250
                             2860:  0.375000  0.125000  0.975000     0.000250
                             2861:  0.375000  0.175000  0.025000     0.000250
                             2862:  0.375000  0.175000  0.075000     0.000250
                             2863:  0.375000  0.175000  0.125000     0.000250
                             2864:  0.375000  0.175000  0.175000     0.000250
                             2865:  0.375000  0.175000  0.225000     0.000250
                             2866:  0.375000  0.175000  0.275000     0.000250
                             2867:  0.375000  0.175000  0.325000     0.000250
                             2868:  0.375000  0.175000  0.375000     0.000250
                             2869:  0.375000  0.175000  0.425000     0.000250
                             2870:  0.375000  0.175000  0.475000     0.000250
                             2871:  0.375000  0.175000  0.525000     0.000250
                             2872:  0.375000  0.175000  0.575000     0.000250
                             2873:  0.375000  0.175000  0.625000     0.000250
                             2874:  0.375000  0.175000  0.675000     0.000250
                             2875:  0.375000  0.175000  0.725000     0.000250
                             2876:  0.375000  0.175000  0.775000     0.000250
                             2877:  0.375000  0.175000  0.825000     0.000250
                             2878:  0.375000  0.175000  0.875000     0.000250
                             2879:  0.375000  0.175000  0.925000     0.000250
                             2880:  0.375000  0.175000  0.975000     0.000250
                             2881:  0.375000  0.225000  0.025000     0.000250
                             2882:  0.375000  0.225000  0.075000     0.000250
                             2883:  0.375000  0.225000  0.125000     0.000250
                             2884:  0.375000  0.225000  0.175000     0.000250
                             2885:  0.375000  0.225000  0.225000     0.000250
                             2886:  0.375000  0.225000  0.275000     0.000250
                             2887:  0.375000  0.225000  0.325000     0.000250
                             2888:  0.375000  0.225000  0.375000     0.000250
                             2889:  0.375000  0.225000  0.425000     0.000250
                             2890:  0.375000  0.225000  0.475000     0.000250
                             2891:  0.375000  0.225000  0.525000     0.000250
                             2892:  0.375000  0.225000  0.575000     0.000250
                             2893:  0.375000  0.225000  0.625000     0.000250
                             2894:  0.375000  0.225000  0.675000     0.000250
                             2895:  0.375000  0.225000  0.725000     0.000250
                             2896:  0.375000  0.225000  0.775000     0.000250
                             2897:  0.375000  0.225000  0.825000     0.000250
                             2898:  0.375000  0.225000  0.875000     0.000250
                             2899:  0.375000  0.225000  0.925000     0.000250
                             2900:  0.375000  0.225000  0.975000     0.000250
                             2901:  0.375000  0.275000  0.025000     0.000250
                             2902:  0.375000  0.275000  0.075000     0.000250
                             2903:  0.375000  0.275000  0.125000     0.000250
                             2904:  0.375000  0.275000  0.175000     0.000250
                             2905:  0.375000  0.275000  0.225000     0.000250
                             2906:  0.375000  0.275000  0.275000     0.000250
                             2907:  0.375000  0.275000  0.325000     0.000250
                             2908:  0.375000  0.275000  0.375000     0.000250
                             2909:  0.375000  0.275000  0.425000     0.000250
                             2910:  0.375000  0.275000  0.475000     0.000250
                             2911:  0.375000  0.275000  0.525000     0.000250
                             2912:  0.375000  0.275000  0.575000     0.000250
                             2913:  0.375000  0.275000  0.625000     0.000250
                             2914:  0.375000  0.275000  0.675000     0.000250
                             2915:  0.375000  0.275000  0.725000     0.000250
                             2916:  0.375000  0.275000  0.775000     0.000250
                             2917:  0.375000  0.275000  0.825000     0.000250
                             2918:  0.375000  0.275000  0.875000     0.000250
                             2919:  0.375000  0.275000  0.925000     0.000250
                             2920:  0.375000  0.275000  0.975000     0.000250
                             2921:  0.375000  0.325000  0.025000     0.000250
                             2922:  0.375000  0.325000  0.075000     0.000250
                             2923:  0.375000  0.325000  0.125000     0.000250
                             2924:  0.375000  0.325000  0.175000     0.000250
                             2925:  0.375000  0.325000  0.225000     0.000250
                             2926:  0.375000  0.325000  0.275000     0.000250
                             2927:  0.375000  0.325000  0.325000     0.000250
                             2928:  0.375000  0.325000  0.375000     0.000250
                             2929:  0.375000  0.325000  0.425000     0.000250
                             2930:  0.375000  0.325000  0.475000     0.000250
                             2931:  0.375000  0.325000  0.525000     0.000250
                             2932:  0.375000  0.325000  0.575000     0.000250
                             2933:  0.375000  0.325000  0.625000     0.000250
                             2934:  0.375000  0.325000  0.675000     0.000250
                             2935:  0.375000  0.325000  0.725000     0.000250
                             2936:  0.375000  0.325000  0.775000     0.000250
                             2937:  0.375000  0.325000  0.825000     0.000250
                             2938:  0.375000  0.325000  0.875000     0.000250
                             2939:  0.375000  0.325000  0.925000     0.000250
                             2940:  0.375000  0.325000  0.975000     0.000250
                             2941:  0.375000  0.375000  0.025000     0.000250
                             2942:  0.375000  0.375000  0.075000     0.000250
                             2943:  0.375000  0.375000  0.125000     0.000250
                             2944:  0.375000  0.375000  0.175000     0.000250
                             2945:  0.375000  0.375000  0.225000     0.000250
                             2946:  0.375000  0.375000  0.275000     0.000250
                             2947:  0.375000  0.375000  0.325000     0.000250
                             2948:  0.375000  0.375000  0.375000     0.000250
                             2949:  0.375000  0.375000  0.425000     0.000250
                             2950:  0.375000  0.375000  0.475000     0.000250
                             2951:  0.375000  0.375000  0.525000     0.000250
                             2952:  0.375000  0.375000  0.575000     0.000250
                             2953:  0.375000  0.375000  0.625000     0.000250
                             2954:  0.375000  0.375000  0.675000     0.000250
                             2955:  0.375000  0.375000  0.725000     0.000250
                             2956:  0.375000  0.375000  0.775000     0.000250
                             2957:  0.375000  0.375000  0.825000     0.000250
                             2958:  0.375000  0.375000  0.875000     0.000250
                             2959:  0.375000  0.375000  0.925000     0.000250
                             2960:  0.375000  0.375000  0.975000     0.000250
                             2961:  0.375000  0.425000  0.025000     0.000250
                             2962:  0.375000  0.425000  0.075000     0.000250
                             2963:  0.375000  0.425000  0.125000     0.000250
                             2964:  0.375000  0.425000  0.175000     0.000250
                             2965:  0.375000  0.425000  0.225000     0.000250
                             2966:  0.375000  0.425000  0.275000     0.000250
                             2967:  0.375000  0.425000  0.325000     0.000250
                             2968:  0.375000  0.425000  0.375000     0.000250
                             2969:  0.375000  0.425000  0.425000     0.000250
                             2970:  0.375000  0.425000  0.475000     0.000250
                             2971:  0.375000  0.425000  0.525000     0.000250
                             2972:  0.375000  0.425000  0.575000     0.000250
                             2973:  0.375000  0.425000  0.625000     0.000250
                             2974:  0.375000  0.425000  0.675000     0.000250
                             2975:  0.375000  0.425000  0.725000     0.000250
                             2976:  0.375000  0.425000  0.775000     0.000250
                             2977:  0.375000  0.425000  0.825000     0.000250
                             2978:  0.375000  0.425000  0.875000     0.000250
                             2979:  0.375000  0.425000  0.925000     0.000250
                             2980:  0.375000  0.425000  0.975000     0.000250
                             2981:  0.375000  0.475000  0.025000     0.000250
                             2982:  0.375000  0.475000  0.075000     0.000250
                             2983:  0.375000  0.475000  0.125000     0.000250
                             2984:  0.375000  0.475000  0.175000     0.000250
                             2985:  0.375000  0.475000  0.225000     0.000250
                             2986:  0.375000  0.475000  0.275000     0.000250
                             2987:  0.375000  0.475000  0.325000     0.000250
                             2988:  0.375000  0.475000  0.375000     0.000250
                             2989:  0.375000  0.475000  0.425000     0.000250
                             2990:  0.375000  0.475000  0.475000     0.000250
                             2991:  0.375000  0.475000  0.525000     0.000250
                             2992:  0.375000  0.475000  0.575000     0.000250
                             2993:  0.375000  0.475000  0.625000     0.000250
                             2994:  0.375000  0.475000  0.675000     0.000250
                             2995:  0.375000  0.475000  0.725000     0.000250
                             2996:  0.375000  0.475000  0.775000     0.000250
                             2997:  0.375000  0.475000  0.825000     0.000250
                             2998:  0.375000  0.475000  0.875000     0.000250
                             2999:  0.375000  0.475000  0.925000     0.000250
                             3000:  0.375000  0.475000  0.975000     0.000250
                             3001:  0.375000  0.525000  0.025000     0.000250
                             3002:  0.375000  0.525000  0.075000     0.000250
                             3003:  0.375000  0.525000  0.125000     0.000250
                             3004:  0.375000  0.525000  0.175000     0.000250
                             3005:  0.375000  0.525000  0.225000     0.000250
                             3006:  0.375000  0.525000  0.275000     0.000250
                             3007:  0.375000  0.525000  0.325000     0.000250
                             3008:  0.375000  0.525000  0.375000     0.000250
                             3009:  0.375000  0.525000  0.425000     0.000250
                             3010:  0.375000  0.525000  0.475000     0.000250
                             3011:  0.375000  0.525000  0.525000     0.000250
                             3012:  0.375000  0.525000  0.575000     0.000250
                             3013:  0.375000  0.525000  0.625000     0.000250
                             3014:  0.375000  0.525000  0.675000     0.000250
                             3015:  0.375000  0.525000  0.725000     0.000250
                             3016:  0.375000  0.525000  0.775000     0.000250
                             3017:  0.375000  0.525000  0.825000     0.000250
                             3018:  0.375000  0.525000  0.875000     0.000250
                             3019:  0.375000  0.525000  0.925000     0.000250
                             3020:  0.375000  0.525000  0.975000     0.000250
                             3021:  0.375000  0.575000  0.025000     0.000250
                             3022:  0.375000  0.575000  0.075000     0.000250
                             3023:  0.375000  0.575000  0.125000     0.000250
                             3024:  0.375000  0.575000  0.175000     0.000250
                             3025:  0.375000  0.575000  0.225000     0.000250
                             3026:  0.375000  0.575000  0.275000     0.000250
                             3027:  0.375000  0.575000  0.325000     0.000250
                             3028:  0.375000  0.575000  0.375000     0.000250
                             3029:  0.375000  0.575000  0.425000     0.000250
                             3030:  0.375000  0.575000  0.475000     0.000250
                             3031:  0.375000  0.575000  0.525000     0.000250
                             3032:  0.375000  0.575000  0.575000     0.000250
                             3033:  0.375000  0.575000  0.625000     0.000250
                             3034:  0.375000  0.575000  0.675000     0.000250
                             3035:  0.375000  0.575000  0.725000     0.000250
                             3036:  0.375000  0.575000  0.775000     0.000250
                             3037:  0.375000  0.575000  0.825000     0.000250
                             3038:  0.375000  0.575000  0.875000     0.000250
                             3039:  0.375000  0.575000  0.925000     0.000250
                             3040:  0.375000  0.575000  0.975000     0.000250
                             3041:  0.375000  0.625000  0.025000     0.000250
                             3042:  0.375000  0.625000  0.075000     0.000250
                             3043:  0.375000  0.625000  0.125000     0.000250
                             3044:  0.375000  0.625000  0.175000     0.000250
                             3045:  0.375000  0.625000  0.225000     0.000250
                             3046:  0.375000  0.625000  0.275000     0.000250
                             3047:  0.375000  0.625000  0.325000     0.000250
                             3048:  0.375000  0.625000  0.375000     0.000250
                             3049:  0.375000  0.625000  0.425000     0.000250
                             3050:  0.375000  0.625000  0.475000     0.000250
                             3051:  0.375000  0.625000  0.525000     0.000250
                             3052:  0.375000  0.625000  0.575000     0.000250
                             3053:  0.375000  0.625000  0.625000     0.000250
                             3054:  0.375000  0.625000  0.675000     0.000250
                             3055:  0.375000  0.625000  0.725000     0.000250
                             3056:  0.375000  0.625000  0.775000     0.000250
                             3057:  0.375000  0.625000  0.825000     0.000250
                             3058:  0.375000  0.625000  0.875000     0.000250
                             3059:  0.375000  0.625000  0.925000     0.000250
                             3060:  0.375000  0.625000  0.975000     0.000250
                             3061:  0.375000  0.675000  0.025000     0.000250
                             3062:  0.375000  0.675000  0.075000     0.000250
                             3063:  0.375000  0.675000  0.125000     0.000250
                             3064:  0.375000  0.675000  0.175000     0.000250
                             3065:  0.375000  0.675000  0.225000     0.000250
                             3066:  0.375000  0.675000  0.275000     0.000250
                             3067:  0.375000  0.675000  0.325000     0.000250
                             3068:  0.375000  0.675000  0.375000     0.000250
                             3069:  0.375000  0.675000  0.425000     0.000250
                             3070:  0.375000  0.675000  0.475000     0.000250
                             3071:  0.375000  0.675000  0.525000     0.000250
                             3072:  0.375000  0.675000  0.575000     0.000250
                             3073:  0.375000  0.675000  0.625000     0.000250
                             3074:  0.375000  0.675000  0.675000     0.000250
                             3075:  0.375000  0.675000  0.725000     0.000250
                             3076:  0.375000  0.675000  0.775000     0.000250
                             3077:  0.375000  0.675000  0.825000     0.000250
                             3078:  0.375000  0.675000  0.875000     0.000250
                             3079:  0.375000  0.675000  0.925000     0.000250
                             3080:  0.375000  0.675000  0.975000     0.000250
                             3081:  0.375000  0.725000  0.025000     0.000250
                             3082:  0.375000  0.725000  0.075000     0.000250
                             3083:  0.375000  0.725000  0.125000     0.000250
                             3084:  0.375000  0.725000  0.175000     0.000250
                             3085:  0.375000  0.725000  0.225000     0.000250
                             3086:  0.375000  0.725000  0.275000     0.000250
                             3087:  0.375000  0.725000  0.325000     0.000250
                             3088:  0.375000  0.725000  0.375000     0.000250
                             3089:  0.375000  0.725000  0.425000     0.000250
                             3090:  0.375000  0.725000  0.475000     0.000250
                             3091:  0.375000  0.725000  0.525000     0.000250
                             3092:  0.375000  0.725000  0.575000     0.000250
                             3093:  0.375000  0.725000  0.625000     0.000250
                             3094:  0.375000  0.725000  0.675000     0.000250
                             3095:  0.375000  0.725000  0.725000     0.000250
                             3096:  0.375000  0.725000  0.775000     0.000250
                             3097:  0.375000  0.725000  0.825000     0.000250
                             3098:  0.375000  0.725000  0.875000     0.000250
                             3099:  0.375000  0.725000  0.925000     0.000250
                             3100:  0.375000  0.725000  0.975000     0.000250
                             3101:  0.375000  0.775000  0.025000     0.000250
                             3102:  0.375000  0.775000  0.075000     0.000250
                             3103:  0.375000  0.775000  0.125000     0.000250
                             3104:  0.375000  0.775000  0.175000     0.000250
                             3105:  0.375000  0.775000  0.225000     0.000250
                             3106:  0.375000  0.775000  0.275000     0.000250
                             3107:  0.375000  0.775000  0.325000     0.000250
                             3108:  0.375000  0.775000  0.375000     0.000250
                             3109:  0.375000  0.775000  0.425000     0.000250
                             3110:  0.375000  0.775000  0.475000     0.000250
                             3111:  0.375000  0.775000  0.525000     0.000250
                             3112:  0.375000  0.775000  0.575000     0.000250
                             3113:  0.375000  0.775000  0.625000     0.000250
                             3114:  0.375000  0.775000  0.675000     0.000250
                             3115:  0.375000  0.775000  0.725000     0.000250
                             3116:  0.375000  0.775000  0.775000     0.000250
                             3117:  0.375000  0.775000  0.825000     0.000250
                             3118:  0.375000  0.775000  0.875000     0.000250
                             3119:  0.375000  0.775000  0.925000     0.000250
                             3120:  0.375000  0.775000  0.975000     0.000250
                             3121:  0.375000  0.825000  0.025000     0.000250
                             3122:  0.375000  0.825000  0.075000     0.000250
                             3123:  0.375000  0.825000  0.125000     0.000250
                             3124:  0.375000  0.825000  0.175000     0.000250
                             3125:  0.375000  0.825000  0.225000     0.000250
                             3126:  0.375000  0.825000  0.275000     0.000250
                             3127:  0.375000  0.825000  0.325000     0.000250
                             3128:  0.375000  0.825000  0.375000     0.000250
                             3129:  0.375000  0.825000  0.425000     0.000250
                             3130:  0.375000  0.825000  0.475000     0.000250
                             3131:  0.375000  0.825000  0.525000     0.000250
                             3132:  0.375000  0.825000  0.575000     0.000250
                             3133:  0.375000  0.825000  0.625000     0.000250
                             3134:  0.375000  0.825000  0.675000     0.000250
                             3135:  0.375000  0.825000  0.725000     0.000250
                             3136:  0.375000  0.825000  0.775000     0.000250
                             3137:  0.375000  0.825000  0.825000     0.000250
                             3138:  0.375000  0.825000  0.875000     0.000250
                             3139:  0.375000  0.825000  0.925000     0.000250
                             3140:  0.375000  0.825000  0.975000     0.000250
                             3141:  0.375000  0.875000  0.025000     0.000250
                             3142:  0.375000  0.875000  0.075000     0.000250
                             3143:  0.375000  0.875000  0.125000     0.000250
                             3144:  0.375000  0.875000  0.175000     0.000250
                             3145:  0.375000  0.875000  0.225000     0.000250
                             3146:  0.375000  0.875000  0.275000     0.000250
                             3147:  0.375000  0.875000  0.325000     0.000250
                             3148:  0.375000  0.875000  0.375000     0.000250
                             3149:  0.375000  0.875000  0.425000     0.000250
                             3150:  0.375000  0.875000  0.475000     0.000250
                             3151:  0.375000  0.875000  0.525000     0.000250
                             3152:  0.375000  0.875000  0.575000     0.000250
                             3153:  0.375000  0.875000  0.625000     0.000250
                             3154:  0.375000  0.875000  0.675000     0.000250
                             3155:  0.375000  0.875000  0.725000     0.000250
                             3156:  0.375000  0.875000  0.775000     0.000250
                             3157:  0.375000  0.875000  0.825000     0.000250
                             3158:  0.375000  0.875000  0.875000     0.000250
                             3159:  0.375000  0.875000  0.925000     0.000250
                             3160:  0.375000  0.875000  0.975000     0.000250
                             3161:  0.375000  0.925000  0.025000     0.000250
                             3162:  0.375000  0.925000  0.075000     0.000250
                             3163:  0.375000  0.925000  0.125000     0.000250
                             3164:  0.375000  0.925000  0.175000     0.000250
                             3165:  0.375000  0.925000  0.225000     0.000250
                             3166:  0.375000  0.925000  0.275000     0.000250
                             3167:  0.375000  0.925000  0.325000     0.000250
                             3168:  0.375000  0.925000  0.375000     0.000250
                             3169:  0.375000  0.925000  0.425000     0.000250
                             3170:  0.375000  0.925000  0.475000     0.000250
                             3171:  0.375000  0.925000  0.525000     0.000250
                             3172:  0.375000  0.925000  0.575000     0.000250
                             3173:  0.375000  0.925000  0.625000     0.000250
                             3174:  0.375000  0.925000  0.675000     0.000250
                             3175:  0.375000  0.925000  0.725000     0.000250
                             3176:  0.375000  0.925000  0.775000     0.000250
                             3177:  0.375000  0.925000  0.825000     0.000250
                             3178:  0.375000  0.925000  0.875000     0.000250
                             3179:  0.375000  0.925000  0.925000     0.000250
                             3180:  0.375000  0.925000  0.975000     0.000250
                             3181:  0.375000  0.975000  0.025000     0.000250
                             3182:  0.375000  0.975000  0.075000     0.000250
                             3183:  0.375000  0.975000  0.125000     0.000250
                             3184:  0.375000  0.975000  0.175000     0.000250
                             3185:  0.375000  0.975000  0.225000     0.000250
                             3186:  0.375000  0.975000  0.275000     0.000250
                             3187:  0.375000  0.975000  0.325000     0.000250
                             3188:  0.375000  0.975000  0.375000     0.000250
                             3189:  0.375000  0.975000  0.425000     0.000250
                             3190:  0.375000  0.975000  0.475000     0.000250
                             3191:  0.375000  0.975000  0.525000     0.000250
                             3192:  0.375000  0.975000  0.575000     0.000250
                             3193:  0.375000  0.975000  0.625000     0.000250
                             3194:  0.375000  0.975000  0.675000     0.000250
                             3195:  0.375000  0.975000  0.725000     0.000250
                             3196:  0.375000  0.975000  0.775000     0.000250
                             3197:  0.375000  0.975000  0.825000     0.000250
                             3198:  0.375000  0.975000  0.875000     0.000250
                             3199:  0.375000  0.975000  0.925000     0.000250
                             3200:  0.375000  0.975000  0.975000     0.000250
                             3201:  0.425000  0.025000  0.025000     0.000250
                             3202:  0.425000  0.025000  0.075000     0.000250
                             3203:  0.425000  0.025000  0.125000     0.000250
                             3204:  0.425000  0.025000  0.175000     0.000250
                             3205:  0.425000  0.025000  0.225000     0.000250
                             3206:  0.425000  0.025000  0.275000     0.000250
                             3207:  0.425000  0.025000  0.325000     0.000250
                             3208:  0.425000  0.025000  0.375000     0.000250
                             3209:  0.425000  0.025000  0.425000     0.000250
                             3210:  0.425000  0.025000  0.475000     0.000250
                             3211:  0.425000  0.025000  0.525000     0.000250
                             3212:  0.425000  0.025000  0.575000     0.000250
                             3213:  0.425000  0.025000  0.625000     0.000250
                             3214:  0.425000  0.025000  0.675000     0.000250
                             3215:  0.425000  0.025000  0.725000     0.000250
                             3216:  0.425000  0.025000  0.775000     0.000250
                             3217:  0.425000  0.025000  0.825000     0.000250
                             3218:  0.425000  0.025000  0.875000     0.000250
                             3219:  0.425000  0.025000  0.925000     0.000250
                             3220:  0.425000  0.025000  0.975000     0.000250
                             3221:  0.425000  0.075000  0.025000     0.000250
                             3222:  0.425000  0.075000  0.075000     0.000250
                             3223:  0.425000  0.075000  0.125000     0.000250
                             3224:  0.425000  0.075000  0.175000     0.000250
                             3225:  0.425000  0.075000  0.225000     0.000250
                             3226:  0.425000  0.075000  0.275000     0.000250
                             3227:  0.425000  0.075000  0.325000     0.000250
                             3228:  0.425000  0.075000  0.375000     0.000250
                             3229:  0.425000  0.075000  0.425000     0.000250
                             3230:  0.425000  0.075000  0.475000     0.000250
                             3231:  0.425000  0.075000  0.525000     0.000250
                             3232:  0.425000  0.075000  0.575000     0.000250
                             3233:  0.425000  0.075000  0.625000     0.000250
                             3234:  0.425000  0.075000  0.675000     0.000250
                             3235:  0.425000  0.075000  0.725000     0.000250
                             3236:  0.425000  0.075000  0.775000     0.000250
                             3237:  0.425000  0.075000  0.825000     0.000250
                             3238:  0.425000  0.075000  0.875000     0.000250
                             3239:  0.425000  0.075000  0.925000     0.000250
                             3240:  0.425000  0.075000  0.975000     0.000250
                             3241:  0.425000  0.125000  0.025000     0.000250
                             3242:  0.425000  0.125000  0.075000     0.000250
                             3243:  0.425000  0.125000  0.125000     0.000250
                             3244:  0.425000  0.125000  0.175000     0.000250
                             3245:  0.425000  0.125000  0.225000     0.000250
                             3246:  0.425000  0.125000  0.275000     0.000250
                             3247:  0.425000  0.125000  0.325000     0.000250
                             3248:  0.425000  0.125000  0.375000     0.000250
                             3249:  0.425000  0.125000  0.425000     0.000250
                             3250:  0.425000  0.125000  0.475000     0.000250
                             3251:  0.425000  0.125000  0.525000     0.000250
                             3252:  0.425000  0.125000  0.575000     0.000250
                             3253:  0.425000  0.125000  0.625000     0.000250
                             3254:  0.425000  0.125000  0.675000     0.000250
                             3255:  0.425000  0.125000  0.725000     0.000250
                             3256:  0.425000  0.125000  0.775000     0.000250
                             3257:  0.425000  0.125000  0.825000     0.000250
                             3258:  0.425000  0.125000  0.875000     0.000250
                             3259:  0.425000  0.125000  0.925000     0.000250
                             3260:  0.425000  0.125000  0.975000     0.000250
                             3261:  0.425000  0.175000  0.025000     0.000250
                             3262:  0.425000  0.175000  0.075000     0.000250
                             3263:  0.425000  0.175000  0.125000     0.000250
                             3264:  0.425000  0.175000  0.175000     0.000250
                             3265:  0.425000  0.175000  0.225000     0.000250
                             3266:  0.425000  0.175000  0.275000     0.000250
                             3267:  0.425000  0.175000  0.325000     0.000250
                             3268:  0.425000  0.175000  0.375000     0.000250
                             3269:  0.425000  0.175000  0.425000     0.000250
                             3270:  0.425000  0.175000  0.475000     0.000250
                             3271:  0.425000  0.175000  0.525000     0.000250
                             3272:  0.425000  0.175000  0.575000     0.000250
                             3273:  0.425000  0.175000  0.625000     0.000250
                             3274:  0.425000  0.175000  0.675000     0.000250
                             3275:  0.425000  0.175000  0.725000     0.000250
                             3276:  0.425000  0.175000  0.775000     0.000250
                             3277:  0.425000  0.175000  0.825000     0.000250
                             3278:  0.425000  0.175000  0.875000     0.000250
                             3279:  0.425000  0.175000  0.925000     0.000250
                             3280:  0.425000  0.175000  0.975000     0.000250
                             3281:  0.425000  0.225000  0.025000     0.000250
                             3282:  0.425000  0.225000  0.075000     0.000250
                             3283:  0.425000  0.225000  0.125000     0.000250
                             3284:  0.425000  0.225000  0.175000     0.000250
                             3285:  0.425000  0.225000  0.225000     0.000250
                             3286:  0.425000  0.225000  0.275000     0.000250
                             3287:  0.425000  0.225000  0.325000     0.000250
                             3288:  0.425000  0.225000  0.375000     0.000250
                             3289:  0.425000  0.225000  0.425000     0.000250
                             3290:  0.425000  0.225000  0.475000     0.000250
                             3291:  0.425000  0.225000  0.525000     0.000250
                             3292:  0.425000  0.225000  0.575000     0.000250
                             3293:  0.425000  0.225000  0.625000     0.000250
                             3294:  0.425000  0.225000  0.675000     0.000250
                             3295:  0.425000  0.225000  0.725000     0.000250
                             3296:  0.425000  0.225000  0.775000     0.000250
                             3297:  0.425000  0.225000  0.825000     0.000250
                             3298:  0.425000  0.225000  0.875000     0.000250
                             3299:  0.425000  0.225000  0.925000     0.000250
                             3300:  0.425000  0.225000  0.975000     0.000250
                             3301:  0.425000  0.275000  0.025000     0.000250
                             3302:  0.425000  0.275000  0.075000     0.000250
                             3303:  0.425000  0.275000  0.125000     0.000250
                             3304:  0.425000  0.275000  0.175000     0.000250
                             3305:  0.425000  0.275000  0.225000     0.000250
                             3306:  0.425000  0.275000  0.275000     0.000250
                             3307:  0.425000  0.275000  0.325000     0.000250
                             3308:  0.425000  0.275000  0.375000     0.000250
                             3309:  0.425000  0.275000  0.425000     0.000250
                             3310:  0.425000  0.275000  0.475000     0.000250
                             3311:  0.425000  0.275000  0.525000     0.000250
                             3312:  0.425000  0.275000  0.575000     0.000250
                             3313:  0.425000  0.275000  0.625000     0.000250
                             3314:  0.425000  0.275000  0.675000     0.000250
                             3315:  0.425000  0.275000  0.725000     0.000250
                             3316:  0.425000  0.275000  0.775000     0.000250
                             3317:  0.425000  0.275000  0.825000     0.000250
                             3318:  0.425000  0.275000  0.875000     0.000250
                             3319:  0.425000  0.275000  0.925000     0.000250
                             3320:  0.425000  0.275000  0.975000     0.000250
                             3321:  0.425000  0.325000  0.025000     0.000250
                             3322:  0.425000  0.325000  0.075000     0.000250
                             3323:  0.425000  0.325000  0.125000     0.000250
                             3324:  0.425000  0.325000  0.175000     0.000250
                             3325:  0.425000  0.325000  0.225000     0.000250
                             3326:  0.425000  0.325000  0.275000     0.000250
                             3327:  0.425000  0.325000  0.325000     0.000250
                             3328:  0.425000  0.325000  0.375000     0.000250
                             3329:  0.425000  0.325000  0.425000     0.000250
                             3330:  0.425000  0.325000  0.475000     0.000250
                             3331:  0.425000  0.325000  0.525000     0.000250
                             3332:  0.425000  0.325000  0.575000     0.000250
                             3333:  0.425000  0.325000  0.625000     0.000250
                             3334:  0.425000  0.325000  0.675000     0.000250
                             3335:  0.425000  0.325000  0.725000     0.000250
                             3336:  0.425000  0.325000  0.775000     0.000250
                             3337:  0.425000  0.325000  0.825000     0.000250
                             3338:  0.425000  0.325000  0.875000     0.000250
                             3339:  0.425000  0.325000  0.925000     0.000250
                             3340:  0.425000  0.325000  0.975000     0.000250
                             3341:  0.425000  0.375000  0.025000     0.000250
                             3342:  0.425000  0.375000  0.075000     0.000250
                             3343:  0.425000  0.375000  0.125000     0.000250
                             3344:  0.425000  0.375000  0.175000     0.000250
                             3345:  0.425000  0.375000  0.225000     0.000250
                             3346:  0.425000  0.375000  0.275000     0.000250
                             3347:  0.425000  0.375000  0.325000     0.000250
                             3348:  0.425000  0.375000  0.375000     0.000250
                             3349:  0.425000  0.375000  0.425000     0.000250
                             3350:  0.425000  0.375000  0.475000     0.000250
                             3351:  0.425000  0.375000  0.525000     0.000250
                             3352:  0.425000  0.375000  0.575000     0.000250
                             3353:  0.425000  0.375000  0.625000     0.000250
                             3354:  0.425000  0.375000  0.675000     0.000250
                             3355:  0.425000  0.375000  0.725000     0.000250
                             3356:  0.425000  0.375000  0.775000     0.000250
                             3357:  0.425000  0.375000  0.825000     0.000250
                             3358:  0.425000  0.375000  0.875000     0.000250
                             3359:  0.425000  0.375000  0.925000     0.000250
                             3360:  0.425000  0.375000  0.975000     0.000250
                             3361:  0.425000  0.425000  0.025000     0.000250
                             3362:  0.425000  0.425000  0.075000     0.000250
                             3363:  0.425000  0.425000  0.125000     0.000250
                             3364:  0.425000  0.425000  0.175000     0.000250
                             3365:  0.425000  0.425000  0.225000     0.000250
                             3366:  0.425000  0.425000  0.275000     0.000250
                             3367:  0.425000  0.425000  0.325000     0.000250
                             3368:  0.425000  0.425000  0.375000     0.000250
                             3369:  0.425000  0.425000  0.425000     0.000250
                             3370:  0.425000  0.425000  0.475000     0.000250
                             3371:  0.425000  0.425000  0.525000     0.000250
                             3372:  0.425000  0.425000  0.575000     0.000250
                             3373:  0.425000  0.425000  0.625000     0.000250
                             3374:  0.425000  0.425000  0.675000     0.000250
                             3375:  0.425000  0.425000  0.725000     0.000250
                             3376:  0.425000  0.425000  0.775000     0.000250
                             3377:  0.425000  0.425000  0.825000     0.000250
                             3378:  0.425000  0.425000  0.875000     0.000250
                             3379:  0.425000  0.425000  0.925000     0.000250
                             3380:  0.425000  0.425000  0.975000     0.000250
                             3381:  0.425000  0.475000  0.025000     0.000250
                             3382:  0.425000  0.475000  0.075000     0.000250
                             3383:  0.425000  0.475000  0.125000     0.000250
                             3384:  0.425000  0.475000  0.175000     0.000250
                             3385:  0.425000  0.475000  0.225000     0.000250
                             3386:  0.425000  0.475000  0.275000     0.000250
                             3387:  0.425000  0.475000  0.325000     0.000250
                             3388:  0.425000  0.475000  0.375000     0.000250
                             3389:  0.425000  0.475000  0.425000     0.000250
                             3390:  0.425000  0.475000  0.475000     0.000250
                             3391:  0.425000  0.475000  0.525000     0.000250
                             3392:  0.425000  0.475000  0.575000     0.000250
                             3393:  0.425000  0.475000  0.625000     0.000250
                             3394:  0.425000  0.475000  0.675000     0.000250
                             3395:  0.425000  0.475000  0.725000     0.000250
                             3396:  0.425000  0.475000  0.775000     0.000250
                             3397:  0.425000  0.475000  0.825000     0.000250
                             3398:  0.425000  0.475000  0.875000     0.000250
                             3399:  0.425000  0.475000  0.925000     0.000250
                             3400:  0.425000  0.475000  0.975000     0.000250
                             3401:  0.425000  0.525000  0.025000     0.000250
                             3402:  0.425000  0.525000  0.075000     0.000250
                             3403:  0.425000  0.525000  0.125000     0.000250
                             3404:  0.425000  0.525000  0.175000     0.000250
                             3405:  0.425000  0.525000  0.225000     0.000250
                             3406:  0.425000  0.525000  0.275000     0.000250
                             3407:  0.425000  0.525000  0.325000     0.000250
                             3408:  0.425000  0.525000  0.375000     0.000250
                             3409:  0.425000  0.525000  0.425000     0.000250
                             3410:  0.425000  0.525000  0.475000     0.000250
                             3411:  0.425000  0.525000  0.525000     0.000250
                             3412:  0.425000  0.525000  0.575000     0.000250
                             3413:  0.425000  0.525000  0.625000     0.000250
                             3414:  0.425000  0.525000  0.675000     0.000250
                             3415:  0.425000  0.525000  0.725000     0.000250
                             3416:  0.425000  0.525000  0.775000     0.000250
                             3417:  0.425000  0.525000  0.825000     0.000250
                             3418:  0.425000  0.525000  0.875000     0.000250
                             3419:  0.425000  0.525000  0.925000     0.000250
                             3420:  0.425000  0.525000  0.975000     0.000250
                             3421:  0.425000  0.575000  0.025000     0.000250
                             3422:  0.425000  0.575000  0.075000     0.000250
                             3423:  0.425000  0.575000  0.125000     0.000250
                             3424:  0.425000  0.575000  0.175000     0.000250
                             3425:  0.425000  0.575000  0.225000     0.000250
                             3426:  0.425000  0.575000  0.275000     0.000250
                             3427:  0.425000  0.575000  0.325000     0.000250
                             3428:  0.425000  0.575000  0.375000     0.000250
                             3429:  0.425000  0.575000  0.425000     0.000250
                             3430:  0.425000  0.575000  0.475000     0.000250
                             3431:  0.425000  0.575000  0.525000     0.000250
                             3432:  0.425000  0.575000  0.575000     0.000250
                             3433:  0.425000  0.575000  0.625000     0.000250
                             3434:  0.425000  0.575000  0.675000     0.000250
                             3435:  0.425000  0.575000  0.725000     0.000250
                             3436:  0.425000  0.575000  0.775000     0.000250
                             3437:  0.425000  0.575000  0.825000     0.000250
                             3438:  0.425000  0.575000  0.875000     0.000250
                             3439:  0.425000  0.575000  0.925000     0.000250
                             3440:  0.425000  0.575000  0.975000     0.000250
                             3441:  0.425000  0.625000  0.025000     0.000250
                             3442:  0.425000  0.625000  0.075000     0.000250
                             3443:  0.425000  0.625000  0.125000     0.000250
                             3444:  0.425000  0.625000  0.175000     0.000250
                             3445:  0.425000  0.625000  0.225000     0.000250
                             3446:  0.425000  0.625000  0.275000     0.000250
                             3447:  0.425000  0.625000  0.325000     0.000250
                             3448:  0.425000  0.625000  0.375000     0.000250
                             3449:  0.425000  0.625000  0.425000     0.000250
                             3450:  0.425000  0.625000  0.475000     0.000250
                             3451:  0.425000  0.625000  0.525000     0.000250
                             3452:  0.425000  0.625000  0.575000     0.000250
                             3453:  0.425000  0.625000  0.625000     0.000250
                             3454:  0.425000  0.625000  0.675000     0.000250
                             3455:  0.425000  0.625000  0.725000     0.000250
                             3456:  0.425000  0.625000  0.775000     0.000250
                             3457:  0.425000  0.625000  0.825000     0.000250
                             3458:  0.425000  0.625000  0.875000     0.000250
                             3459:  0.425000  0.625000  0.925000     0.000250
                             3460:  0.425000  0.625000  0.975000     0.000250
                             3461:  0.425000  0.675000  0.025000     0.000250
                             3462:  0.425000  0.675000  0.075000     0.000250
                             3463:  0.425000  0.675000  0.125000     0.000250
                             3464:  0.425000  0.675000  0.175000     0.000250
                             3465:  0.425000  0.675000  0.225000     0.000250
                             3466:  0.425000  0.675000  0.275000     0.000250
                             3467:  0.425000  0.675000  0.325000     0.000250
                             3468:  0.425000  0.675000  0.375000     0.000250
                             3469:  0.425000  0.675000  0.425000     0.000250
                             3470:  0.425000  0.675000  0.475000     0.000250
                             3471:  0.425000  0.675000  0.525000     0.000250
                             3472:  0.425000  0.675000  0.575000     0.000250
                             3473:  0.425000  0.675000  0.625000     0.000250
                             3474:  0.425000  0.675000  0.675000     0.000250
                             3475:  0.425000  0.675000  0.725000     0.000250
                             3476:  0.425000  0.675000  0.775000     0.000250
                             3477:  0.425000  0.675000  0.825000     0.000250
                             3478:  0.425000  0.675000  0.875000     0.000250
                             3479:  0.425000  0.675000  0.925000     0.000250
                             3480:  0.425000  0.675000  0.975000     0.000250
                             3481:  0.425000  0.725000  0.025000     0.000250
                             3482:  0.425000  0.725000  0.075000     0.000250
                             3483:  0.425000  0.725000  0.125000     0.000250
                             3484:  0.425000  0.725000  0.175000     0.000250
                             3485:  0.425000  0.725000  0.225000     0.000250
                             3486:  0.425000  0.725000  0.275000     0.000250
                             3487:  0.425000  0.725000  0.325000     0.000250
                             3488:  0.425000  0.725000  0.375000     0.000250
                             3489:  0.425000  0.725000  0.425000     0.000250
                             3490:  0.425000  0.725000  0.475000     0.000250
                             3491:  0.425000  0.725000  0.525000     0.000250
                             3492:  0.425000  0.725000  0.575000     0.000250
                             3493:  0.425000  0.725000  0.625000     0.000250
                             3494:  0.425000  0.725000  0.675000     0.000250
                             3495:  0.425000  0.725000  0.725000     0.000250
                             3496:  0.425000  0.725000  0.775000     0.000250
                             3497:  0.425000  0.725000  0.825000     0.000250
                             3498:  0.425000  0.725000  0.875000     0.000250
                             3499:  0.425000  0.725000  0.925000     0.000250
                             3500:  0.425000  0.725000  0.975000     0.000250
                             3501:  0.425000  0.775000  0.025000     0.000250
                             3502:  0.425000  0.775000  0.075000     0.000250
                             3503:  0.425000  0.775000  0.125000     0.000250
                             3504:  0.425000  0.775000  0.175000     0.000250
                             3505:  0.425000  0.775000  0.225000     0.000250
                             3506:  0.425000  0.775000  0.275000     0.000250
                             3507:  0.425000  0.775000  0.325000     0.000250
                             3508:  0.425000  0.775000  0.375000     0.000250
                             3509:  0.425000  0.775000  0.425000     0.000250
                             3510:  0.425000  0.775000  0.475000     0.000250
                             3511:  0.425000  0.775000  0.525000     0.000250
                             3512:  0.425000  0.775000  0.575000     0.000250
                             3513:  0.425000  0.775000  0.625000     0.000250
                             3514:  0.425000  0.775000  0.675000     0.000250
                             3515:  0.425000  0.775000  0.725000     0.000250
                             3516:  0.425000  0.775000  0.775000     0.000250
                             3517:  0.425000  0.775000  0.825000     0.000250
                             3518:  0.425000  0.775000  0.875000     0.000250
                             3519:  0.425000  0.775000  0.925000     0.000250
                             3520:  0.425000  0.775000  0.975000     0.000250
                             3521:  0.425000  0.825000  0.025000     0.000250
                             3522:  0.425000  0.825000  0.075000     0.000250
                             3523:  0.425000  0.825000  0.125000     0.000250
                             3524:  0.425000  0.825000  0.175000     0.000250
                             3525:  0.425000  0.825000  0.225000     0.000250
                             3526:  0.425000  0.825000  0.275000     0.000250
                             3527:  0.425000  0.825000  0.325000     0.000250
                             3528:  0.425000  0.825000  0.375000     0.000250
                             3529:  0.425000  0.825000  0.425000     0.000250
                             3530:  0.425000  0.825000  0.475000     0.000250
                             3531:  0.425000  0.825000  0.525000     0.000250
                             3532:  0.425000  0.825000  0.575000     0.000250
                             3533:  0.425000  0.825000  0.625000     0.000250
                             3534:  0.425000  0.825000  0.675000     0.000250
                             3535:  0.425000  0.825000  0.725000     0.000250
                             3536:  0.425000  0.825000  0.775000     0.000250
                             3537:  0.425000  0.825000  0.825000     0.000250
                             3538:  0.425000  0.825000  0.875000     0.000250
                             3539:  0.425000  0.825000  0.925000     0.000250
                             3540:  0.425000  0.825000  0.975000     0.000250
                             3541:  0.425000  0.875000  0.025000     0.000250
                             3542:  0.425000  0.875000  0.075000     0.000250
                             3543:  0.425000  0.875000  0.125000     0.000250
                             3544:  0.425000  0.875000  0.175000     0.000250
                             3545:  0.425000  0.875000  0.225000     0.000250
                             3546:  0.425000  0.875000  0.275000     0.000250
                             3547:  0.425000  0.875000  0.325000     0.000250
                             3548:  0.425000  0.875000  0.375000     0.000250
                             3549:  0.425000  0.875000  0.425000     0.000250
                             3550:  0.425000  0.875000  0.475000     0.000250
                             3551:  0.425000  0.875000  0.525000     0.000250
                             3552:  0.425000  0.875000  0.575000     0.000250
                             3553:  0.425000  0.875000  0.625000     0.000250
                             3554:  0.425000  0.875000  0.675000     0.000250
                             3555:  0.425000  0.875000  0.725000     0.000250
                             3556:  0.425000  0.875000  0.775000     0.000250
                             3557:  0.425000  0.875000  0.825000     0.000250
                             3558:  0.425000  0.875000  0.875000     0.000250
                             3559:  0.425000  0.875000  0.925000     0.000250
                             3560:  0.425000  0.875000  0.975000     0.000250
                             3561:  0.425000  0.925000  0.025000     0.000250
                             3562:  0.425000  0.925000  0.075000     0.000250
                             3563:  0.425000  0.925000  0.125000     0.000250
                             3564:  0.425000  0.925000  0.175000     0.000250
                             3565:  0.425000  0.925000  0.225000     0.000250
                             3566:  0.425000  0.925000  0.275000     0.000250
                             3567:  0.425000  0.925000  0.325000     0.000250
                             3568:  0.425000  0.925000  0.375000     0.000250
                             3569:  0.425000  0.925000  0.425000     0.000250
                             3570:  0.425000  0.925000  0.475000     0.000250
                             3571:  0.425000  0.925000  0.525000     0.000250
                             3572:  0.425000  0.925000  0.575000     0.000250
                             3573:  0.425000  0.925000  0.625000     0.000250
                             3574:  0.425000  0.925000  0.675000     0.000250
                             3575:  0.425000  0.925000  0.725000     0.000250
                             3576:  0.425000  0.925000  0.775000     0.000250
                             3577:  0.425000  0.925000  0.825000     0.000250
                             3578:  0.425000  0.925000  0.875000     0.000250
                             3579:  0.425000  0.925000  0.925000     0.000250
                             3580:  0.425000  0.925000  0.975000     0.000250
                             3581:  0.425000  0.975000  0.025000     0.000250
                             3582:  0.425000  0.975000  0.075000     0.000250
                             3583:  0.425000  0.975000  0.125000     0.000250
                             3584:  0.425000  0.975000  0.175000     0.000250
                             3585:  0.425000  0.975000  0.225000     0.000250
                             3586:  0.425000  0.975000  0.275000     0.000250
                             3587:  0.425000  0.975000  0.325000     0.000250
                             3588:  0.425000  0.975000  0.375000     0.000250
                             3589:  0.425000  0.975000  0.425000     0.000250
                             3590:  0.425000  0.975000  0.475000     0.000250
                             3591:  0.425000  0.975000  0.525000     0.000250
                             3592:  0.425000  0.975000  0.575000     0.000250
                             3593:  0.425000  0.975000  0.625000     0.000250
                             3594:  0.425000  0.975000  0.675000     0.000250
                             3595:  0.425000  0.975000  0.725000     0.000250
                             3596:  0.425000  0.975000  0.775000     0.000250
                             3597:  0.425000  0.975000  0.825000     0.000250
                             3598:  0.425000  0.975000  0.875000     0.000250
                             3599:  0.425000  0.975000  0.925000     0.000250
                             3600:  0.425000  0.975000  0.975000     0.000250
                             3601:  0.475000  0.025000  0.025000     0.000250
                             3602:  0.475000  0.025000  0.075000     0.000250
                             3603:  0.475000  0.025000  0.125000     0.000250
                             3604:  0.475000  0.025000  0.175000     0.000250
                             3605:  0.475000  0.025000  0.225000     0.000250
                             3606:  0.475000  0.025000  0.275000     0.000250
                             3607:  0.475000  0.025000  0.325000     0.000250
                             3608:  0.475000  0.025000  0.375000     0.000250
                             3609:  0.475000  0.025000  0.425000     0.000250
                             3610:  0.475000  0.025000  0.475000     0.000250
                             3611:  0.475000  0.025000  0.525000     0.000250
                             3612:  0.475000  0.025000  0.575000     0.000250
                             3613:  0.475000  0.025000  0.625000     0.000250
                             3614:  0.475000  0.025000  0.675000     0.000250
                             3615:  0.475000  0.025000  0.725000     0.000250
                             3616:  0.475000  0.025000  0.775000     0.000250
                             3617:  0.475000  0.025000  0.825000     0.000250
                             3618:  0.475000  0.025000  0.875000     0.000250
                             3619:  0.475000  0.025000  0.925000     0.000250
                             3620:  0.475000  0.025000  0.975000     0.000250
                             3621:  0.475000  0.075000  0.025000     0.000250
                             3622:  0.475000  0.075000  0.075000     0.000250
                             3623:  0.475000  0.075000  0.125000     0.000250
                             3624:  0.475000  0.075000  0.175000     0.000250
                             3625:  0.475000  0.075000  0.225000     0.000250
                             3626:  0.475000  0.075000  0.275000     0.000250
                             3627:  0.475000  0.075000  0.325000     0.000250
                             3628:  0.475000  0.075000  0.375000     0.000250
                             3629:  0.475000  0.075000  0.425000     0.000250
                             3630:  0.475000  0.075000  0.475000     0.000250
                             3631:  0.475000  0.075000  0.525000     0.000250
                             3632:  0.475000  0.075000  0.575000     0.000250
                             3633:  0.475000  0.075000  0.625000     0.000250
                             3634:  0.475000  0.075000  0.675000     0.000250
                             3635:  0.475000  0.075000  0.725000     0.000250
                             3636:  0.475000  0.075000  0.775000     0.000250
                             3637:  0.475000  0.075000  0.825000     0.000250
                             3638:  0.475000  0.075000  0.875000     0.000250
                             3639:  0.475000  0.075000  0.925000     0.000250
                             3640:  0.475000  0.075000  0.975000     0.000250
                             3641:  0.475000  0.125000  0.025000     0.000250
                             3642:  0.475000  0.125000  0.075000     0.000250
                             3643:  0.475000  0.125000  0.125000     0.000250
                             3644:  0.475000  0.125000  0.175000     0.000250
                             3645:  0.475000  0.125000  0.225000     0.000250
                             3646:  0.475000  0.125000  0.275000     0.000250
                             3647:  0.475000  0.125000  0.325000     0.000250
                             3648:  0.475000  0.125000  0.375000     0.000250
                             3649:  0.475000  0.125000  0.425000     0.000250
                             3650:  0.475000  0.125000  0.475000     0.000250
                             3651:  0.475000  0.125000  0.525000     0.000250
                             3652:  0.475000  0.125000  0.575000     0.000250
                             3653:  0.475000  0.125000  0.625000     0.000250
                             3654:  0.475000  0.125000  0.675000     0.000250
                             3655:  0.475000  0.125000  0.725000     0.000250
                             3656:  0.475000  0.125000  0.775000     0.000250
                             3657:  0.475000  0.125000  0.825000     0.000250
                             3658:  0.475000  0.125000  0.875000     0.000250
                             3659:  0.475000  0.125000  0.925000     0.000250
                             3660:  0.475000  0.125000  0.975000     0.000250
                             3661:  0.475000  0.175000  0.025000     0.000250
                             3662:  0.475000  0.175000  0.075000     0.000250
                             3663:  0.475000  0.175000  0.125000     0.000250
                             3664:  0.475000  0.175000  0.175000     0.000250
                             3665:  0.475000  0.175000  0.225000     0.000250
                             3666:  0.475000  0.175000  0.275000     0.000250
                             3667:  0.475000  0.175000  0.325000     0.000250
                             3668:  0.475000  0.175000  0.375000     0.000250
                             3669:  0.475000  0.175000  0.425000     0.000250
                             3670:  0.475000  0.175000  0.475000     0.000250
                             3671:  0.475000  0.175000  0.525000     0.000250
                             3672:  0.475000  0.175000  0.575000     0.000250
                             3673:  0.475000  0.175000  0.625000     0.000250
                             3674:  0.475000  0.175000  0.675000     0.000250
                             3675:  0.475000  0.175000  0.725000     0.000250
                             3676:  0.475000  0.175000  0.775000     0.000250
                             3677:  0.475000  0.175000  0.825000     0.000250
                             3678:  0.475000  0.175000  0.875000     0.000250
                             3679:  0.475000  0.175000  0.925000     0.000250
                             3680:  0.475000  0.175000  0.975000     0.000250
                             3681:  0.475000  0.225000  0.025000     0.000250
                             3682:  0.475000  0.225000  0.075000     0.000250
                             3683:  0.475000  0.225000  0.125000     0.000250
                             3684:  0.475000  0.225000  0.175000     0.000250
                             3685:  0.475000  0.225000  0.225000     0.000250
                             3686:  0.475000  0.225000  0.275000     0.000250
                             3687:  0.475000  0.225000  0.325000     0.000250
                             3688:  0.475000  0.225000  0.375000     0.000250
                             3689:  0.475000  0.225000  0.425000     0.000250
                             3690:  0.475000  0.225000  0.475000     0.000250
                             3691:  0.475000  0.225000  0.525000     0.000250
                             3692:  0.475000  0.225000  0.575000     0.000250
                             3693:  0.475000  0.225000  0.625000     0.000250
                             3694:  0.475000  0.225000  0.675000     0.000250
                             3695:  0.475000  0.225000  0.725000     0.000250
                             3696:  0.475000  0.225000  0.775000     0.000250
                             3697:  0.475000  0.225000  0.825000     0.000250
                             3698:  0.475000  0.225000  0.875000     0.000250
                             3699:  0.475000  0.225000  0.925000     0.000250
                             3700:  0.475000  0.225000  0.975000     0.000250
                             3701:  0.475000  0.275000  0.025000     0.000250
                             3702:  0.475000  0.275000  0.075000     0.000250
                             3703:  0.475000  0.275000  0.125000     0.000250
                             3704:  0.475000  0.275000  0.175000     0.000250
                             3705:  0.475000  0.275000  0.225000     0.000250
                             3706:  0.475000  0.275000  0.275000     0.000250
                             3707:  0.475000  0.275000  0.325000     0.000250
                             3708:  0.475000  0.275000  0.375000     0.000250
                             3709:  0.475000  0.275000  0.425000     0.000250
                             3710:  0.475000  0.275000  0.475000     0.000250
                             3711:  0.475000  0.275000  0.525000     0.000250
                             3712:  0.475000  0.275000  0.575000     0.000250
                             3713:  0.475000  0.275000  0.625000     0.000250
                             3714:  0.475000  0.275000  0.675000     0.000250
                             3715:  0.475000  0.275000  0.725000     0.000250
                             3716:  0.475000  0.275000  0.775000     0.000250
                             3717:  0.475000  0.275000  0.825000     0.000250
                             3718:  0.475000  0.275000  0.875000     0.000250
                             3719:  0.475000  0.275000  0.925000     0.000250
                             3720:  0.475000  0.275000  0.975000     0.000250
                             3721:  0.475000  0.325000  0.025000     0.000250
                             3722:  0.475000  0.325000  0.075000     0.000250
                             3723:  0.475000  0.325000  0.125000     0.000250
                             3724:  0.475000  0.325000  0.175000     0.000250
                             3725:  0.475000  0.325000  0.225000     0.000250
                             3726:  0.475000  0.325000  0.275000     0.000250
                             3727:  0.475000  0.325000  0.325000     0.000250
                             3728:  0.475000  0.325000  0.375000     0.000250
                             3729:  0.475000  0.325000  0.425000     0.000250
                             3730:  0.475000  0.325000  0.475000     0.000250
                             3731:  0.475000  0.325000  0.525000     0.000250
                             3732:  0.475000  0.325000  0.575000     0.000250
                             3733:  0.475000  0.325000  0.625000     0.000250
                             3734:  0.475000  0.325000  0.675000     0.000250
                             3735:  0.475000  0.325000  0.725000     0.000250
                             3736:  0.475000  0.325000  0.775000     0.000250
                             3737:  0.475000  0.325000  0.825000     0.000250
                             3738:  0.475000  0.325000  0.875000     0.000250
                             3739:  0.475000  0.325000  0.925000     0.000250
                             3740:  0.475000  0.325000  0.975000     0.000250
                             3741:  0.475000  0.375000  0.025000     0.000250
                             3742:  0.475000  0.375000  0.075000     0.000250
                             3743:  0.475000  0.375000  0.125000     0.000250
                             3744:  0.475000  0.375000  0.175000     0.000250
                             3745:  0.475000  0.375000  0.225000     0.000250
                             3746:  0.475000  0.375000  0.275000     0.000250
                             3747:  0.475000  0.375000  0.325000     0.000250
                             3748:  0.475000  0.375000  0.375000     0.000250
                             3749:  0.475000  0.375000  0.425000     0.000250
                             3750:  0.475000  0.375000  0.475000     0.000250
                             3751:  0.475000  0.375000  0.525000     0.000250
                             3752:  0.475000  0.375000  0.575000     0.000250
                             3753:  0.475000  0.375000  0.625000     0.000250
                             3754:  0.475000  0.375000  0.675000     0.000250
                             3755:  0.475000  0.375000  0.725000     0.000250
                             3756:  0.475000  0.375000  0.775000     0.000250
                             3757:  0.475000  0.375000  0.825000     0.000250
                             3758:  0.475000  0.375000  0.875000     0.000250
                             3759:  0.475000  0.375000  0.925000     0.000250
                             3760:  0.475000  0.375000  0.975000     0.000250
                             3761:  0.475000  0.425000  0.025000     0.000250
                             3762:  0.475000  0.425000  0.075000     0.000250
                             3763:  0.475000  0.425000  0.125000     0.000250
                             3764:  0.475000  0.425000  0.175000     0.000250
                             3765:  0.475000  0.425000  0.225000     0.000250
                             3766:  0.475000  0.425000  0.275000     0.000250
                             3767:  0.475000  0.425000  0.325000     0.000250
                             3768:  0.475000  0.425000  0.375000     0.000250
                             3769:  0.475000  0.425000  0.425000     0.000250
                             3770:  0.475000  0.425000  0.475000     0.000250
                             3771:  0.475000  0.425000  0.525000     0.000250
                             3772:  0.475000  0.425000  0.575000     0.000250
                             3773:  0.475000  0.425000  0.625000     0.000250
                             3774:  0.475000  0.425000  0.675000     0.000250
                             3775:  0.475000  0.425000  0.725000     0.000250
                             3776:  0.475000  0.425000  0.775000     0.000250
                             3777:  0.475000  0.425000  0.825000     0.000250
                             3778:  0.475000  0.425000  0.875000     0.000250
                             3779:  0.475000  0.425000  0.925000     0.000250
                             3780:  0.475000  0.425000  0.975000     0.000250
                             3781:  0.475000  0.475000  0.025000     0.000250
                             3782:  0.475000  0.475000  0.075000     0.000250
                             3783:  0.475000  0.475000  0.125000     0.000250
                             3784:  0.475000  0.475000  0.175000     0.000250
                             3785:  0.475000  0.475000  0.225000     0.000250
                             3786:  0.475000  0.475000  0.275000     0.000250
                             3787:  0.475000  0.475000  0.325000     0.000250
                             3788:  0.475000  0.475000  0.375000     0.000250
                             3789:  0.475000  0.475000  0.425000     0.000250
                             3790:  0.475000  0.475000  0.475000     0.000250
                             3791:  0.475000  0.475000  0.525000     0.000250
                             3792:  0.475000  0.475000  0.575000     0.000250
                             3793:  0.475000  0.475000  0.625000     0.000250
                             3794:  0.475000  0.475000  0.675000     0.000250
                             3795:  0.475000  0.475000  0.725000     0.000250
                             3796:  0.475000  0.475000  0.775000     0.000250
                             3797:  0.475000  0.475000  0.825000     0.000250
                             3798:  0.475000  0.475000  0.875000     0.000250
                             3799:  0.475000  0.475000  0.925000     0.000250
                             3800:  0.475000  0.475000  0.975000     0.000250
                             3801:  0.475000  0.525000  0.025000     0.000250
                             3802:  0.475000  0.525000  0.075000     0.000250
                             3803:  0.475000  0.525000  0.125000     0.000250
                             3804:  0.475000  0.525000  0.175000     0.000250
                             3805:  0.475000  0.525000  0.225000     0.000250
                             3806:  0.475000  0.525000  0.275000     0.000250
                             3807:  0.475000  0.525000  0.325000     0.000250
                             3808:  0.475000  0.525000  0.375000     0.000250
                             3809:  0.475000  0.525000  0.425000     0.000250
                             3810:  0.475000  0.525000  0.475000     0.000250
                             3811:  0.475000  0.525000  0.525000     0.000250
                             3812:  0.475000  0.525000  0.575000     0.000250
                             3813:  0.475000  0.525000  0.625000     0.000250
                             3814:  0.475000  0.525000  0.675000     0.000250
                             3815:  0.475000  0.525000  0.725000     0.000250
                             3816:  0.475000  0.525000  0.775000     0.000250
                             3817:  0.475000  0.525000  0.825000     0.000250
                             3818:  0.475000  0.525000  0.875000     0.000250
                             3819:  0.475000  0.525000  0.925000     0.000250
                             3820:  0.475000  0.525000  0.975000     0.000250
                             3821:  0.475000  0.575000  0.025000     0.000250
                             3822:  0.475000  0.575000  0.075000     0.000250
                             3823:  0.475000  0.575000  0.125000     0.000250
                             3824:  0.475000  0.575000  0.175000     0.000250
                             3825:  0.475000  0.575000  0.225000     0.000250
                             3826:  0.475000  0.575000  0.275000     0.000250
                             3827:  0.475000  0.575000  0.325000     0.000250
                             3828:  0.475000  0.575000  0.375000     0.000250
                             3829:  0.475000  0.575000  0.425000     0.000250
                             3830:  0.475000  0.575000  0.475000     0.000250
                             3831:  0.475000  0.575000  0.525000     0.000250
                             3832:  0.475000  0.575000  0.575000     0.000250
                             3833:  0.475000  0.575000  0.625000     0.000250
                             3834:  0.475000  0.575000  0.675000     0.000250
                             3835:  0.475000  0.575000  0.725000     0.000250
                             3836:  0.475000  0.575000  0.775000     0.000250
                             3837:  0.475000  0.575000  0.825000     0.000250
                             3838:  0.475000  0.575000  0.875000     0.000250
                             3839:  0.475000  0.575000  0.925000     0.000250
                             3840:  0.475000  0.575000  0.975000     0.000250
                             3841:  0.475000  0.625000  0.025000     0.000250
                             3842:  0.475000  0.625000  0.075000     0.000250
                             3843:  0.475000  0.625000  0.125000     0.000250
                             3844:  0.475000  0.625000  0.175000     0.000250
                             3845:  0.475000  0.625000  0.225000     0.000250
                             3846:  0.475000  0.625000  0.275000     0.000250
                             3847:  0.475000  0.625000  0.325000     0.000250
                             3848:  0.475000  0.625000  0.375000     0.000250
                             3849:  0.475000  0.625000  0.425000     0.000250
                             3850:  0.475000  0.625000  0.475000     0.000250
                             3851:  0.475000  0.625000  0.525000     0.000250
                             3852:  0.475000  0.625000  0.575000     0.000250
                             3853:  0.475000  0.625000  0.625000     0.000250
                             3854:  0.475000  0.625000  0.675000     0.000250
                             3855:  0.475000  0.625000  0.725000     0.000250
                             3856:  0.475000  0.625000  0.775000     0.000250
                             3857:  0.475000  0.625000  0.825000     0.000250
                             3858:  0.475000  0.625000  0.875000     0.000250
                             3859:  0.475000  0.625000  0.925000     0.000250
                             3860:  0.475000  0.625000  0.975000     0.000250
                             3861:  0.475000  0.675000  0.025000     0.000250
                             3862:  0.475000  0.675000  0.075000     0.000250
                             3863:  0.475000  0.675000  0.125000     0.000250
                             3864:  0.475000  0.675000  0.175000     0.000250
                             3865:  0.475000  0.675000  0.225000     0.000250
                             3866:  0.475000  0.675000  0.275000     0.000250
                             3867:  0.475000  0.675000  0.325000     0.000250
                             3868:  0.475000  0.675000  0.375000     0.000250
                             3869:  0.475000  0.675000  0.425000     0.000250
                             3870:  0.475000  0.675000  0.475000     0.000250
                             3871:  0.475000  0.675000  0.525000     0.000250
                             3872:  0.475000  0.675000  0.575000     0.000250
                             3873:  0.475000  0.675000  0.625000     0.000250
                             3874:  0.475000  0.675000  0.675000     0.000250
                             3875:  0.475000  0.675000  0.725000     0.000250
                             3876:  0.475000  0.675000  0.775000     0.000250
                             3877:  0.475000  0.675000  0.825000     0.000250
                             3878:  0.475000  0.675000  0.875000     0.000250
                             3879:  0.475000  0.675000  0.925000     0.000250
                             3880:  0.475000  0.675000  0.975000     0.000250
                             3881:  0.475000  0.725000  0.025000     0.000250
                             3882:  0.475000  0.725000  0.075000     0.000250
                             3883:  0.475000  0.725000  0.125000     0.000250
                             3884:  0.475000  0.725000  0.175000     0.000250
                             3885:  0.475000  0.725000  0.225000     0.000250
                             3886:  0.475000  0.725000  0.275000     0.000250
                             3887:  0.475000  0.725000  0.325000     0.000250
                             3888:  0.475000  0.725000  0.375000     0.000250
                             3889:  0.475000  0.725000  0.425000     0.000250
                             3890:  0.475000  0.725000  0.475000     0.000250
                             3891:  0.475000  0.725000  0.525000     0.000250
                             3892:  0.475000  0.725000  0.575000     0.000250
                             3893:  0.475000  0.725000  0.625000     0.000250
                             3894:  0.475000  0.725000  0.675000     0.000250
                             3895:  0.475000  0.725000  0.725000     0.000250
                             3896:  0.475000  0.725000  0.775000     0.000250
                             3897:  0.475000  0.725000  0.825000     0.000250
                             3898:  0.475000  0.725000  0.875000     0.000250
                             3899:  0.475000  0.725000  0.925000     0.000250
                             3900:  0.475000  0.725000  0.975000     0.000250
                             3901:  0.475000  0.775000  0.025000     0.000250
                             3902:  0.475000  0.775000  0.075000     0.000250
                             3903:  0.475000  0.775000  0.125000     0.000250
                             3904:  0.475000  0.775000  0.175000     0.000250
                             3905:  0.475000  0.775000  0.225000     0.000250
                             3906:  0.475000  0.775000  0.275000     0.000250
                             3907:  0.475000  0.775000  0.325000     0.000250
                             3908:  0.475000  0.775000  0.375000     0.000250
                             3909:  0.475000  0.775000  0.425000     0.000250
                             3910:  0.475000  0.775000  0.475000     0.000250
                             3911:  0.475000  0.775000  0.525000     0.000250
                             3912:  0.475000  0.775000  0.575000     0.000250
                             3913:  0.475000  0.775000  0.625000     0.000250
                             3914:  0.475000  0.775000  0.675000     0.000250
                             3915:  0.475000  0.775000  0.725000     0.000250
                             3916:  0.475000  0.775000  0.775000     0.000250
                             3917:  0.475000  0.775000  0.825000     0.000250
                             3918:  0.475000  0.775000  0.875000     0.000250
                             3919:  0.475000  0.775000  0.925000     0.000250
                             3920:  0.475000  0.775000  0.975000     0.000250
                             3921:  0.475000  0.825000  0.025000     0.000250
                             3922:  0.475000  0.825000  0.075000     0.000250
                             3923:  0.475000  0.825000  0.125000     0.000250
                             3924:  0.475000  0.825000  0.175000     0.000250
                             3925:  0.475000  0.825000  0.225000     0.000250
                             3926:  0.475000  0.825000  0.275000     0.000250
                             3927:  0.475000  0.825000  0.325000     0.000250
                             3928:  0.475000  0.825000  0.375000     0.000250
                             3929:  0.475000  0.825000  0.425000     0.000250
                             3930:  0.475000  0.825000  0.475000     0.000250
                             3931:  0.475000  0.825000  0.525000     0.000250
                             3932:  0.475000  0.825000  0.575000     0.000250
                             3933:  0.475000  0.825000  0.625000     0.000250
                             3934:  0.475000  0.825000  0.675000     0.000250
                             3935:  0.475000  0.825000  0.725000     0.000250
                             3936:  0.475000  0.825000  0.775000     0.000250
                             3937:  0.475000  0.825000  0.825000     0.000250
                             3938:  0.475000  0.825000  0.875000     0.000250
                             3939:  0.475000  0.825000  0.925000     0.000250
                             3940:  0.475000  0.825000  0.975000     0.000250
                             3941:  0.475000  0.875000  0.025000     0.000250
                             3942:  0.475000  0.875000  0.075000     0.000250
                             3943:  0.475000  0.875000  0.125000     0.000250
                             3944:  0.475000  0.875000  0.175000     0.000250
                             3945:  0.475000  0.875000  0.225000     0.000250
                             3946:  0.475000  0.875000  0.275000     0.000250
                             3947:  0.475000  0.875000  0.325000     0.000250
                             3948:  0.475000  0.875000  0.375000     0.000250
                             3949:  0.475000  0.875000  0.425000     0.000250
                             3950:  0.475000  0.875000  0.475000     0.000250
                             3951:  0.475000  0.875000  0.525000     0.000250
                             3952:  0.475000  0.875000  0.575000     0.000250
                             3953:  0.475000  0.875000  0.625000     0.000250
                             3954:  0.475000  0.875000  0.675000     0.000250
                             3955:  0.475000  0.875000  0.725000     0.000250
                             3956:  0.475000  0.875000  0.775000     0.000250
                             3957:  0.475000  0.875000  0.825000     0.000250
                             3958:  0.475000  0.875000  0.875000     0.000250
                             3959:  0.475000  0.875000  0.925000     0.000250
                             3960:  0.475000  0.875000  0.975000     0.000250
                             3961:  0.475000  0.925000  0.025000     0.000250
                             3962:  0.475000  0.925000  0.075000     0.000250
                             3963:  0.475000  0.925000  0.125000     0.000250
                             3964:  0.475000  0.925000  0.175000     0.000250
                             3965:  0.475000  0.925000  0.225000     0.000250
                             3966:  0.475000  0.925000  0.275000     0.000250
                             3967:  0.475000  0.925000  0.325000     0.000250
                             3968:  0.475000  0.925000  0.375000     0.000250
                             3969:  0.475000  0.925000  0.425000     0.000250
                             3970:  0.475000  0.925000  0.475000     0.000250
                             3971:  0.475000  0.925000  0.525000     0.000250
                             3972:  0.475000  0.925000  0.575000     0.000250
                             3973:  0.475000  0.925000  0.625000     0.000250
                             3974:  0.475000  0.925000  0.675000     0.000250
                             3975:  0.475000  0.925000  0.725000     0.000250
                             3976:  0.475000  0.925000  0.775000     0.000250
                             3977:  0.475000  0.925000  0.825000     0.000250
                             3978:  0.475000  0.925000  0.875000     0.000250
                             3979:  0.475000  0.925000  0.925000     0.000250
                             3980:  0.475000  0.925000  0.975000     0.000250
                             3981:  0.475000  0.975000  0.025000     0.000250
                             3982:  0.475000  0.975000  0.075000     0.000250
                             3983:  0.475000  0.975000  0.125000     0.000250
                             3984:  0.475000  0.975000  0.175000     0.000250
                             3985:  0.475000  0.975000  0.225000     0.000250
                             3986:  0.475000  0.975000  0.275000     0.000250
                             3987:  0.475000  0.975000  0.325000     0.000250
                             3988:  0.475000  0.975000  0.375000     0.000250
                             3989:  0.475000  0.975000  0.425000     0.000250
                             3990:  0.475000  0.975000  0.475000     0.000250
                             3991:  0.475000  0.975000  0.525000     0.000250
                             3992:  0.475000  0.975000  0.575000     0.000250
                             3993:  0.475000  0.975000  0.625000     0.000250
                             3994:  0.475000  0.975000  0.675000     0.000250
                             3995:  0.475000  0.975000  0.725000     0.000250
                             3996:  0.475000  0.975000  0.775000     0.000250
                             3997:  0.475000  0.975000  0.825000     0.000250
                             3998:  0.475000  0.975000  0.875000     0.000250
                             3999:  0.475000  0.975000  0.925000     0.000250
                             4000:  0.475000  0.975000  0.975000     0.000250

K-points in absolute space:     1:  0.001966  0.001390  0.003406
                                2: -0.001966 -0.001390  0.010217
                                3: -0.005899 -0.004171  0.017028
                                4: -0.009831 -0.006952  0.023839
                                5: -0.013764 -0.009732  0.030651
                                6: -0.017696 -0.012513  0.037462
                                7: -0.021629 -0.015294  0.044273
                                8: -0.025561 -0.018074  0.051084
                                9: -0.029493 -0.020855  0.057895
                               10: -0.033426 -0.023636  0.064707
                               11: -0.037358 -0.026416  0.071518
                               12: -0.041291 -0.029197  0.078329
                               13: -0.045223 -0.031978  0.085140
                               14: -0.049156 -0.034758  0.091952
                               15: -0.053088 -0.037539  0.098763
                               16: -0.057021 -0.040320  0.105574
                               17: -0.060953 -0.043100  0.112385
                               18: -0.064886 -0.045881  0.119197
                               19: -0.068818 -0.048662  0.126008
                               20: -0.072751 -0.051442  0.132819
                               21:  0.001966  0.009732  0.003406
                               22: -0.001966  0.006952  0.010217
                               23: -0.005899  0.004171  0.017028
                               24: -0.009831  0.001390  0.023839
                               25: -0.013764 -0.001390  0.030651
                               26: -0.017696 -0.004171  0.037462
                               27: -0.021629 -0.006952  0.044273
                               28: -0.025561 -0.009732  0.051084
                               29: -0.029493 -0.012513  0.057895
                               30: -0.033426 -0.015294  0.064707
                               31: -0.037358 -0.018074  0.071518
                               32: -0.041291 -0.020855  0.078329
                               33: -0.045223 -0.023636  0.085140
                               34: -0.049156 -0.026416  0.091952
                               35: -0.053088 -0.029197  0.098763
                               36: -0.057021 -0.031978  0.105574
                               37: -0.060953 -0.034758  0.112385
                               38: -0.064886 -0.037539  0.119197
                               39: -0.068818 -0.040320  0.126008
                               40: -0.072751 -0.043100  0.132819
                               41:  0.001966  0.018074  0.003406
                               42: -0.001966  0.015294  0.010217
                               43: -0.005899  0.012513  0.017028
                               44: -0.009831  0.009732  0.023839
                               45: -0.013764  0.006952  0.030651
                               46: -0.017696  0.004171  0.037462
                               47: -0.021629  0.001390  0.044273
                               48: -0.025561 -0.001390  0.051084
                               49: -0.029493 -0.004171  0.057895
                               50: -0.033426 -0.006952  0.064707
                               51: -0.037358 -0.009732  0.071518
                               52: -0.041291 -0.012513  0.078329
                               53: -0.045223 -0.015294  0.085140
                               54: -0.049156 -0.018074  0.091952
                               55: -0.053088 -0.020855  0.098763
                               56: -0.057021 -0.023636  0.105574
                               57: -0.060953 -0.026416  0.112385
                               58: -0.064886 -0.029197  0.119197
                               59: -0.068818 -0.031978  0.126008
                               60: -0.072751 -0.034758  0.132819
                               61:  0.001966  0.026416  0.003406
                               62: -0.001966  0.023636  0.010217
                               63: -0.005899  0.020855  0.017028
                               64: -0.009831  0.018074  0.023839
                               65: -0.013764  0.015294  0.030651
                               66: -0.017696  0.012513  0.037462
                               67: -0.021629  0.009732  0.044273
                               68: -0.025561  0.006952  0.051084
                               69: -0.029493  0.004171  0.057895
                               70: -0.033426  0.001390  0.064707
                               71: -0.037358 -0.001390  0.071518
                               72: -0.041291 -0.004171  0.078329
                               73: -0.045223 -0.006952  0.085140
                               74: -0.049156 -0.009732  0.091952
                               75: -0.053088 -0.012513  0.098763
                               76: -0.057021 -0.015294  0.105574
                               77: -0.060953 -0.018074  0.112385
                               78: -0.064886 -0.020855  0.119197
                               79: -0.068818 -0.023636  0.126008
                               80: -0.072751 -0.026416  0.132819
                               81:  0.001966  0.034758  0.003406
                               82: -0.001966  0.031978  0.010217
                               83: -0.005899  0.029197  0.017028
                               84: -0.009831  0.026416  0.023839
                               85: -0.013764  0.023636  0.030651
                               86: -0.017696  0.020855  0.037462
                               87: -0.021629  0.018074  0.044273
                               88: -0.025561  0.015294  0.051084
                               89: -0.029493  0.012513  0.057895
                               90: -0.033426  0.009732  0.064707
                               91: -0.037358  0.006952  0.071518
                               92: -0.041291  0.004171  0.078329
                               93: -0.045223  0.001390  0.085140
                               94: -0.049156 -0.001390  0.091952
                               95: -0.053088 -0.004171  0.098763
                               96: -0.057021 -0.006952  0.105574
                               97: -0.060953 -0.009732  0.112385
                               98: -0.064886 -0.012513  0.119197
                               99: -0.068818 -0.015294  0.126008
                              100: -0.072751 -0.018074  0.132819
                              101:  0.001966  0.043100  0.003406
                              102: -0.001966  0.040320  0.010217
                              103: -0.005899  0.037539  0.017028
                              104: -0.009831  0.034758  0.023839
                              105: -0.013764  0.031978  0.030651
                              106: -0.017696  0.029197  0.037462
                              107: -0.021629  0.026416  0.044273
                              108: -0.025561  0.023636  0.051084
                              109: -0.029493  0.020855  0.057895
                              110: -0.033426  0.018074  0.064707
                              111: -0.037358  0.015294  0.071518
                              112: -0.041291  0.012513  0.078329
                              113: -0.045223  0.009732  0.085140
                              114: -0.049156  0.006952  0.091952
                              115: -0.053088  0.004171  0.098763
                              116: -0.057021  0.001390  0.105574
                              117: -0.060953 -0.001390  0.112385
                              118: -0.064886 -0.004171  0.119197
                              119: -0.068818 -0.006952  0.126008
                              120: -0.072751 -0.009732  0.132819
                              121:  0.001966  0.051442  0.003406
                              122: -0.001966  0.048662  0.010217
                              123: -0.005899  0.045881  0.017028
                              124: -0.009831  0.043100  0.023839
                              125: -0.013764  0.040320  0.030651
                              126: -0.017696  0.037539  0.037462
                              127: -0.021629  0.034758  0.044273
                              128: -0.025561  0.031978  0.051084
                              129: -0.029493  0.029197  0.057895
                              130: -0.033426  0.026416  0.064707
                              131: -0.037358  0.023636  0.071518
                              132: -0.041291  0.020855  0.078329
                              133: -0.045223  0.018074  0.085140
                              134: -0.049156  0.015294  0.091952
                              135: -0.053088  0.012513  0.098763
                              136: -0.057021  0.009732  0.105574
                              137: -0.060953  0.006952  0.112385
                              138: -0.064886  0.004171  0.119197
                              139: -0.068818  0.001390  0.126008
                              140: -0.072751 -0.001390  0.132819
                              141:  0.001966  0.059785  0.003406
                              142: -0.001966  0.057004  0.010217
                              143: -0.005899  0.054223  0.017028
                              144: -0.009831  0.051442  0.023839
                              145: -0.013764  0.048662  0.030651
                              146: -0.017696  0.045881  0.037462
                              147: -0.021629  0.043100  0.044273
                              148: -0.025561  0.040320  0.051084
                              149: -0.029493  0.037539  0.057895
                              150: -0.033426  0.034758  0.064707
                              151: -0.037358  0.031978  0.071518
                              152: -0.041291  0.029197  0.078329
                              153: -0.045223  0.026416  0.085140
                              154: -0.049156  0.023636  0.091952
                              155: -0.053088  0.020855  0.098763
                              156: -0.057021  0.018074  0.105574
                              157: -0.060953  0.015294  0.112385
                              158: -0.064886  0.012513  0.119197
                              159: -0.068818  0.009732  0.126008
                              160: -0.072751  0.006952  0.132819
                              161:  0.001966  0.068127  0.003406
                              162: -0.001966  0.065346  0.010217
                              163: -0.005899  0.062565  0.017028
                              164: -0.009831  0.059785  0.023839
                              165: -0.013764  0.057004  0.030651
                              166: -0.017696  0.054223  0.037462
                              167: -0.021629  0.051442  0.044273
                              168: -0.025561  0.048662  0.051084
                              169: -0.029493  0.045881  0.057895
                              170: -0.033426  0.043100  0.064707
                              171: -0.037358  0.040320  0.071518
                              172: -0.041291  0.037539  0.078329
                              173: -0.045223  0.034758  0.085140
                              174: -0.049156  0.031978  0.091952
                              175: -0.053088  0.029197  0.098763
                              176: -0.057021  0.026416  0.105574
                              177: -0.060953  0.023636  0.112385
                              178: -0.064886  0.020855  0.119197
                              179: -0.068818  0.018074  0.126008
                              180: -0.072751  0.015294  0.132819
                              181:  0.001966  0.076469  0.003406
                              182: -0.001966  0.073688  0.010217
                              183: -0.005899  0.070907  0.017028
                              184: -0.009831  0.068127  0.023839
                              185: -0.013764  0.065346  0.030651
                              186: -0.017696  0.062565  0.037462
                              187: -0.021629  0.059785  0.044273
                              188: -0.025561  0.057004  0.051084
                              189: -0.029493  0.054223  0.057895
                              190: -0.033426  0.051442  0.064707
                              191: -0.037358  0.048662  0.071518
                              192: -0.041291  0.045881  0.078329
                              193: -0.045223  0.043100  0.085140
                              194: -0.049156  0.040320  0.091952
                              195: -0.053088  0.037539  0.098763
                              196: -0.057021  0.034758  0.105574
                              197: -0.060953  0.031978  0.112385
                              198: -0.064886  0.029197  0.119197
                              199: -0.068818  0.026416  0.126008
                              200: -0.072751  0.023636  0.132819
                              201:  0.001966  0.084811  0.003406
                              202: -0.001966  0.082030  0.010217
                              203: -0.005899  0.079249  0.017028
                              204: -0.009831  0.076469  0.023839
                              205: -0.013764  0.073688  0.030651
                              206: -0.017696  0.070907  0.037462
                              207: -0.021629  0.068127  0.044273
                              208: -0.025561  0.065346  0.051084
                              209: -0.029493  0.062565  0.057895
                              210: -0.033426  0.059785  0.064707
                              211: -0.037358  0.057004  0.071518
                              212: -0.041291  0.054223  0.078329
                              213: -0.045223  0.051442  0.085140
                              214: -0.049156  0.048662  0.091952
                              215: -0.053088  0.045881  0.098763
                              216: -0.057021  0.043100  0.105574
                              217: -0.060953  0.040320  0.112385
                              218: -0.064886  0.037539  0.119197
                              219: -0.068818  0.034758  0.126008
                              220: -0.072751  0.031978  0.132819
                              221:  0.001966  0.093153  0.003406
                              222: -0.001966  0.090372  0.010217
                              223: -0.005899  0.087591  0.017028
                              224: -0.009831  0.084811  0.023839
                              225: -0.013764  0.082030  0.030651
                              226: -0.017696  0.079249  0.037462
                              227: -0.021629  0.076469  0.044273
                              228: -0.025561  0.073688  0.051084
                              229: -0.029493  0.070907  0.057895
                              230: -0.033426  0.068127  0.064707
                              231: -0.037358  0.065346  0.071518
                              232: -0.041291  0.062565  0.078329
                              233: -0.045223  0.059785  0.085140
                              234: -0.049156  0.057004  0.091952
                              235: -0.053088  0.054223  0.098763
                              236: -0.057021  0.051442  0.105574
                              237: -0.060953  0.048662  0.112385
                              238: -0.064886  0.045881  0.119197
                              239: -0.068818  0.043100  0.126008
                              240: -0.072751  0.040320  0.132819
                              241:  0.001966  0.101495  0.003406
                              242: -0.001966  0.098714  0.010217
                              243: -0.005899  0.095933  0.017028
                              244: -0.009831  0.093153  0.023839
                              245: -0.013764  0.090372  0.030651
                              246: -0.017696  0.087591  0.037462
                              247: -0.021629  0.084811  0.044273
                              248: -0.025561  0.082030  0.051084
                              249: -0.029493  0.079249  0.057895
                              250: -0.033426  0.076469  0.064707
                              251: -0.037358  0.073688  0.071518
                              252: -0.041291  0.070907  0.078329
                              253: -0.045223  0.068127  0.085140
                              254: -0.049156  0.065346  0.091952
                              255: -0.053088  0.062565  0.098763
                              256: -0.057021  0.059785  0.105574
                              257: -0.060953  0.057004  0.112385
                              258: -0.064886  0.054223  0.119197
                              259: -0.068818  0.051443  0.126008
                              260: -0.072751  0.048662  0.132819
                              261:  0.001966  0.109837  0.003406
                              262: -0.001966  0.107056  0.010217
                              263: -0.005899  0.104275  0.017028
                              264: -0.009831  0.101495  0.023839
                              265: -0.013764  0.098714  0.030651
                              266: -0.017696  0.095933  0.037462
                              267: -0.021629  0.093153  0.044273
                              268: -0.025561  0.090372  0.051084
                              269: -0.029493  0.087591  0.057895
                              270: -0.033426  0.084811  0.064707
                              271: -0.037358  0.082030  0.071518
                              272: -0.041291  0.079249  0.078329
                              273: -0.045223  0.076469  0.085140
                              274: -0.049156  0.073688  0.091952
                              275: -0.053088  0.070907  0.098763
                              276: -0.057021  0.068127  0.105574
                              277: -0.060953  0.065346  0.112385
                              278: -0.064886  0.062565  0.119197
                              279: -0.068818  0.059785  0.126008
                              280: -0.072751  0.057004  0.132819
                              281:  0.001966  0.118179  0.003406
                              282: -0.001966  0.115398  0.010217
                              283: -0.005899  0.112617  0.017028
                              284: -0.009831  0.109837  0.023839
                              285: -0.013764  0.107056  0.030651
                              286: -0.017696  0.104275  0.037462
                              287: -0.021629  0.101495  0.044273
                              288: -0.025561  0.098714  0.051084
                              289: -0.029493  0.095933  0.057895
                              290: -0.033426  0.093153  0.064707
                              291: -0.037358  0.090372  0.071518
                              292: -0.041291  0.087591  0.078329
                              293: -0.045223  0.084811  0.085140
                              294: -0.049156  0.082030  0.091952
                              295: -0.053088  0.079249  0.098763
                              296: -0.057021  0.076469  0.105574
                              297: -0.060953  0.073688  0.112385
                              298: -0.064886  0.070907  0.119197
                              299: -0.068818  0.068127  0.126008
                              300: -0.072751  0.065346  0.132819
                              301:  0.001966  0.126521  0.003406
                              302: -0.001966  0.123740  0.010217
                              303: -0.005899  0.120959  0.017028
                              304: -0.009831  0.118179  0.023839
                              305: -0.013764  0.115398  0.030651
                              306: -0.017696  0.112617  0.037462
                              307: -0.021629  0.109837  0.044273
                              308: -0.025561  0.107056  0.051084
                              309: -0.029493  0.104275  0.057895
                              310: -0.033426  0.101495  0.064707
                              311: -0.037358  0.098714  0.071518
                              312: -0.041291  0.095933  0.078329
                              313: -0.045223  0.093153  0.085140
                              314: -0.049156  0.090372  0.091952
                              315: -0.053088  0.087591  0.098763
                              316: -0.057021  0.084811  0.105574
                              317: -0.060953  0.082030  0.112385
                              318: -0.064886  0.079249  0.119197
                              319: -0.068818  0.076469  0.126008
                              320: -0.072751  0.073688  0.132819
                              321:  0.001966  0.134863  0.003406
                              322: -0.001966  0.132082  0.010217
                              323: -0.005899  0.129301  0.017028
                              324: -0.009831  0.126521  0.023839
                              325: -0.013764  0.123740  0.030651
                              326: -0.017696  0.120959  0.037462
                              327: -0.021629  0.118179  0.044273
                              328: -0.025561  0.115398  0.051084
                              329: -0.029493  0.112617  0.057895
                              330: -0.033426  0.109837  0.064707
                              331: -0.037358  0.107056  0.071518
                              332: -0.041291  0.104275  0.078329
                              333: -0.045223  0.101495  0.085140
                              334: -0.049156  0.098714  0.091952
                              335: -0.053088  0.095933  0.098763
                              336: -0.057021  0.093153  0.105574
                              337: -0.060953  0.090372  0.112385
                              338: -0.064886  0.087591  0.119197
                              339: -0.068818  0.084811  0.126008
                              340: -0.072751  0.082030  0.132819
                              341:  0.001966  0.143205  0.003406
                              342: -0.001966  0.140424  0.010217
                              343: -0.005899  0.137643  0.017028
                              344: -0.009831  0.134863  0.023839
                              345: -0.013764  0.132082  0.030651
                              346: -0.017696  0.129301  0.037462
                              347: -0.021629  0.126521  0.044273
                              348: -0.025561  0.123740  0.051084
                              349: -0.029493  0.120959  0.057895
                              350: -0.033426  0.118179  0.064707
                              351: -0.037358  0.115398  0.071518
                              352: -0.041291  0.112617  0.078329
                              353: -0.045223  0.109837  0.085140
                              354: -0.049156  0.107056  0.091952
                              355: -0.053088  0.104275  0.098763
                              356: -0.057021  0.101495  0.105574
                              357: -0.060953  0.098714  0.112385
                              358: -0.064886  0.095933  0.119197
                              359: -0.068818  0.093153  0.126008
                              360: -0.072751  0.090372  0.132819
                              361:  0.001966  0.151547  0.003406
                              362: -0.001966  0.148766  0.010217
                              363: -0.005899  0.145985  0.017028
                              364: -0.009831  0.143205  0.023839
                              365: -0.013764  0.140424  0.030651
                              366: -0.017696  0.137643  0.037462
                              367: -0.021629  0.134863  0.044273
                              368: -0.025561  0.132082  0.051084
                              369: -0.029493  0.129301  0.057895
                              370: -0.033426  0.126521  0.064707
                              371: -0.037358  0.123740  0.071518
                              372: -0.041291  0.120959  0.078329
                              373: -0.045223  0.118179  0.085140
                              374: -0.049156  0.115398  0.091952
                              375: -0.053088  0.112617  0.098763
                              376: -0.057021  0.109837  0.105574
                              377: -0.060953  0.107056  0.112385
                              378: -0.064886  0.104275  0.119197
                              379: -0.068818  0.101495  0.126008
                              380: -0.072751  0.098714  0.132819
                              381:  0.001966  0.159889  0.003406
                              382: -0.001966  0.157108  0.010217
                              383: -0.005899  0.154327  0.017028
                              384: -0.009831  0.151547  0.023839
                              385: -0.013764  0.148766  0.030651
                              386: -0.017696  0.145985  0.037462
                              387: -0.021629  0.143205  0.044273
                              388: -0.025561  0.140424  0.051084
                              389: -0.029493  0.137643  0.057895
                              390: -0.033426  0.134863  0.064707
                              391: -0.037358  0.132082  0.071518
                              392: -0.041291  0.129301  0.078329
                              393: -0.045223  0.126521  0.085140
                              394: -0.049156  0.123740  0.091952
                              395: -0.053088  0.120959  0.098763
                              396: -0.057021  0.118179  0.105574
                              397: -0.060953  0.115398  0.112385
                              398: -0.064886  0.112617  0.119197
                              399: -0.068818  0.109837  0.126008
                              400: -0.072751  0.107056  0.132819
                              401:  0.009831 -0.001390  0.003406
                              402:  0.005899 -0.004171  0.010217
                              403:  0.001966 -0.006952  0.017028
                              404: -0.001966 -0.009732  0.023839
                              405: -0.005899 -0.012513  0.030651
                              406: -0.009831 -0.015294  0.037462
                              407: -0.013764 -0.018074  0.044273
                              408: -0.017696 -0.020855  0.051084
                              409: -0.021629 -0.023636  0.057895
                              410: -0.025561 -0.026416  0.064707
                              411: -0.029493 -0.029197  0.071518
                              412: -0.033426 -0.031978  0.078329
                              413: -0.037358 -0.034758  0.085140
                              414: -0.041291 -0.037539  0.091952
                              415: -0.045223 -0.040320  0.098763
                              416: -0.049156 -0.043100  0.105574
                              417: -0.053088 -0.045881  0.112385
                              418: -0.057021 -0.048662  0.119197
                              419: -0.060953 -0.051442  0.126008
                              420: -0.064886 -0.054223  0.132819
                              421:  0.009831  0.006952  0.003406
                              422:  0.005899  0.004171  0.010217
                              423:  0.001966  0.001390  0.017028
                              424: -0.001966 -0.001390  0.023839
                              425: -0.005899 -0.004171  0.030651
                              426: -0.009831 -0.006952  0.037462
                              427: -0.013764 -0.009732  0.044273
                              428: -0.017696 -0.012513  0.051084
                              429: -0.021629 -0.015294  0.057895
                              430: -0.025561 -0.018074  0.064707
                              431: -0.029493 -0.020855  0.071518
                              432: -0.033426 -0.023636  0.078329
                              433: -0.037358 -0.026416  0.085140
                              434: -0.041291 -0.029197  0.091952
                              435: -0.045223 -0.031978  0.098763
                              436: -0.049156 -0.034758  0.105574
                              437: -0.053088 -0.037539  0.112385
                              438: -0.057021 -0.040320  0.119197
                              439: -0.060953 -0.043100  0.126008
                              440: -0.064886 -0.045881  0.132819
                              441:  0.009831  0.015294  0.003406
                              442:  0.005899  0.012513  0.010217
                              443:  0.001966  0.009732  0.017028
                              444: -0.001966  0.006952  0.023839
                              445: -0.005899  0.004171  0.030651
                              446: -0.009831  0.001390  0.037462
                              447: -0.013764 -0.001390  0.044273
                              448: -0.017696 -0.004171  0.051084
                              449: -0.021629 -0.006952  0.057895
                              450: -0.025561 -0.009732  0.064707
                              451: -0.029493 -0.012513  0.071518
                              452: -0.033426 -0.015294  0.078329
                              453: -0.037358 -0.018074  0.085140
                              454: -0.041291 -0.020855  0.091952
                              455: -0.045223 -0.023636  0.098763
                              456: -0.049156 -0.026416  0.105574
                              457: -0.053088 -0.029197  0.112385
                              458: -0.057021 -0.031978  0.119197
                              459: -0.060953 -0.034758  0.126008
                              460: -0.064886 -0.037539  0.132819
                              461:  0.009831  0.023636  0.003406
                              462:  0.005899  0.020855  0.010217
                              463:  0.001966  0.018074  0.017028
                              464: -0.001966  0.015294  0.023839
                              465: -0.005899  0.012513  0.030651
                              466: -0.009831  0.009732  0.037462
                              467: -0.013764  0.006952  0.044273
                              468: -0.017696  0.004171  0.051084
                              469: -0.021629  0.001390  0.057895
                              470: -0.025561 -0.001390  0.064707
                              471: -0.029493 -0.004171  0.071518
                              472: -0.033426 -0.006952  0.078329
                              473: -0.037358 -0.009732  0.085140
                              474: -0.041291 -0.012513  0.091952
                              475: -0.045223 -0.015294  0.098763
                              476: -0.049156 -0.018074  0.105574
                              477: -0.053088 -0.020855  0.112385
                              478: -0.057021 -0.023636  0.119197
                              479: -0.060953 -0.026416  0.126008
                              480: -0.064886 -0.029197  0.132819
                              481:  0.009831  0.031978  0.003406
                              482:  0.005899  0.029197  0.010217
                              483:  0.001966  0.026416  0.017028
                              484: -0.001966  0.023636  0.023839
                              485: -0.005899  0.020855  0.030651
                              486: -0.009831  0.018074  0.037462
                              487: -0.013764  0.015294  0.044273
                              488: -0.017696  0.012513  0.051084
                              489: -0.021629  0.009732  0.057895
                              490: -0.025561  0.006952  0.064707
                              491: -0.029493  0.004171  0.071518
                              492: -0.033426  0.001390  0.078329
                              493: -0.037358 -0.001390  0.085140
                              494: -0.041291 -0.004171  0.091952
                              495: -0.045223 -0.006952  0.098763
                              496: -0.049156 -0.009732  0.105574
                              497: -0.053088 -0.012513  0.112385
                              498: -0.057021 -0.015294  0.119197
                              499: -0.060953 -0.018074  0.126008
                              500: -0.064886 -0.020855  0.132819
                              501:  0.009831  0.040320  0.003406
                              502:  0.005899  0.037539  0.010217
                              503:  0.001966  0.034758  0.017028
                              504: -0.001966  0.031978  0.023839
                              505: -0.005899  0.029197  0.030651
                              506: -0.009831  0.026416  0.037462
                              507: -0.013764  0.023636  0.044273
                              508: -0.017696  0.020855  0.051084
                              509: -0.021629  0.018074  0.057895
                              510: -0.025561  0.015294  0.064707
                              511: -0.029493  0.012513  0.071518
                              512: -0.033426  0.009732  0.078329
                              513: -0.037358  0.006952  0.085140
                              514: -0.041291  0.004171  0.091952
                              515: -0.045223  0.001390  0.098763
                              516: -0.049156 -0.001390  0.105574
                              517: -0.053088 -0.004171  0.112385
                              518: -0.057021 -0.006952  0.119197
                              519: -0.060953 -0.009732  0.126008
                              520: -0.064886 -0.012513  0.132819
                              521:  0.009831  0.048662  0.003406
                              522:  0.005899  0.045881  0.010217
                              523:  0.001966  0.043100  0.017028
                              524: -0.001966  0.040320  0.023839
                              525: -0.005899  0.037539  0.030651
                              526: -0.009831  0.034758  0.037462
                              527: -0.013764  0.031978  0.044273
                              528: -0.017696  0.029197  0.051084
                              529: -0.021629  0.026416  0.057895
                              530: -0.025561  0.023636  0.064707
                              531: -0.029493  0.020855  0.071518
                              532: -0.033426  0.018074  0.078329
                              533: -0.037358  0.015294  0.085140
                              534: -0.041291  0.012513  0.091952
                              535: -0.045223  0.009732  0.098763
                              536: -0.049156  0.006952  0.105574
                              537: -0.053088  0.004171  0.112385
                              538: -0.057021  0.001390  0.119197
                              539: -0.060953 -0.001390  0.126008
                              540: -0.064886 -0.004171  0.132819
                              541:  0.009831  0.057004  0.003406
                              542:  0.005899  0.054223  0.010217
                              543:  0.001966  0.051442  0.017028
                              544: -0.001966  0.048662  0.023839
                              545: -0.005899  0.045881  0.030651
                              546: -0.009831  0.043100  0.037462
                              547: -0.013764  0.040320  0.044273
                              548: -0.017696  0.037539  0.051084
                              549: -0.021629  0.034758  0.057895
                              550: -0.025561  0.031978  0.064707
                              551: -0.029493  0.029197  0.071518
                              552: -0.033426  0.026416  0.078329
                              553: -0.037358  0.023636  0.085140
                              554: -0.041291  0.020855  0.091952
                              555: -0.045223  0.018074  0.098763
                              556: -0.049156  0.015294  0.105574
                              557: -0.053088  0.012513  0.112385
                              558: -0.057021  0.009732  0.119197
                              559: -0.060953  0.006952  0.126008
                              560: -0.064886  0.004171  0.132819
                              561:  0.009831  0.065346  0.003406
                              562:  0.005899  0.062565  0.010217
                              563:  0.001966  0.059785  0.017028
                              564: -0.001966  0.057004  0.023839
                              565: -0.005899  0.054223  0.030651
                              566: -0.009831  0.051442  0.037462
                              567: -0.013764  0.048662  0.044273
                              568: -0.017696  0.045881  0.051084
                              569: -0.021629  0.043100  0.057895
                              570: -0.025561  0.040320  0.064707
                              571: -0.029493  0.037539  0.071518
                              572: -0.033426  0.034758  0.078329
                              573: -0.037358  0.031978  0.085140
                              574: -0.041291  0.029197  0.091952
                              575: -0.045223  0.026416  0.098763
                              576: -0.049156  0.023636  0.105574
                              577: -0.053088  0.020855  0.112385
                              578: -0.057021  0.018074  0.119197
                              579: -0.060953  0.015294  0.126008
                              580: -0.064886  0.012513  0.132819
                              581:  0.009831  0.073688  0.003406
                              582:  0.005899  0.070907  0.010217
                              583:  0.001966  0.068127  0.017028
                              584: -0.001966  0.065346  0.023839
                              585: -0.005899  0.062565  0.030651
                              586: -0.009831  0.059785  0.037462
                              587: -0.013764  0.057004  0.044273
                              588: -0.017696  0.054223  0.051084
                              589: -0.021629  0.051442  0.057895
                              590: -0.025561  0.048662  0.064707
                              591: -0.029493  0.045881  0.071518
                              592: -0.033426  0.043100  0.078329
                              593: -0.037358  0.040320  0.085140
                              594: -0.041291  0.037539  0.091952
                              595: -0.045223  0.034758  0.098763
                              596: -0.049156  0.031978  0.105574
                              597: -0.053088  0.029197  0.112385
                              598: -0.057021  0.026416  0.119197
                              599: -0.060953  0.023636  0.126008
                              600: -0.064886  0.020855  0.132819
                              601:  0.009831  0.082030  0.003406
                              602:  0.005899  0.079249  0.010217
                              603:  0.001966  0.076469  0.017028
                              604: -0.001966  0.073688  0.023839
                              605: -0.005899  0.070907  0.030651
                              606: -0.009831  0.068127  0.037462
                              607: -0.013764  0.065346  0.044273
                              608: -0.017696  0.062565  0.051084
                              609: -0.021629  0.059785  0.057895
                              610: -0.025561  0.057004  0.064707
                              611: -0.029493  0.054223  0.071518
                              612: -0.033426  0.051442  0.078329
                              613: -0.037358  0.048662  0.085140
                              614: -0.041291  0.045881  0.091952
                              615: -0.045223  0.043100  0.098763
                              616: -0.049156  0.040320  0.105574
                              617: -0.053088  0.037539  0.112385
                              618: -0.057021  0.034758  0.119197
                              619: -0.060953  0.031978  0.126008
                              620: -0.064886  0.029197  0.132819
                              621:  0.009831  0.090372  0.003406
                              622:  0.005899  0.087591  0.010217
                              623:  0.001966  0.084811  0.017028
                              624: -0.001966  0.082030  0.023839
                              625: -0.005899  0.079249  0.030651
                              626: -0.009831  0.076469  0.037462
                              627: -0.013764  0.073688  0.044273
                              628: -0.017696  0.070907  0.051084
                              629: -0.021629  0.068127  0.057895
                              630: -0.025561  0.065346  0.064707
                              631: -0.029493  0.062565  0.071518
                              632: -0.033426  0.059785  0.078329
                              633: -0.037358  0.057004  0.085140
                              634: -0.041291  0.054223  0.091952
                              635: -0.045223  0.051442  0.098763
                              636: -0.049156  0.048662  0.105574
                              637: -0.053088  0.045881  0.112385
                              638: -0.057021  0.043100  0.119197
                              639: -0.060953  0.040320  0.126008
                              640: -0.064886  0.037539  0.132819
                              641:  0.009831  0.098714  0.003406
                              642:  0.005899  0.095933  0.010217
                              643:  0.001966  0.093153  0.017028
                              644: -0.001966  0.090372  0.023839
                              645: -0.005899  0.087591  0.030651
                              646: -0.009831  0.084811  0.037462
                              647: -0.013764  0.082030  0.044273
                              648: -0.017696  0.079249  0.051084
                              649: -0.021629  0.076469  0.057895
                              650: -0.025561  0.073688  0.064707
                              651: -0.029493  0.070907  0.071518
                              652: -0.033426  0.068127  0.078329
                              653: -0.037358  0.065346  0.085140
                              654: -0.041291  0.062565  0.091952
                              655: -0.045223  0.059785  0.098763
                              656: -0.049156  0.057004  0.105574
                              657: -0.053088  0.054223  0.112385
                              658: -0.057021  0.051443  0.119197
                              659: -0.060953  0.048662  0.126008
                              660: -0.064886  0.045881  0.132819
                              661:  0.009831  0.107056  0.003406
                              662:  0.005899  0.104275  0.010217
                              663:  0.001966  0.101495  0.017028
                              664: -0.001966  0.098714  0.023839
                              665: -0.005899  0.095933  0.030651
                              666: -0.009831  0.093153  0.037462
                              667: -0.013764  0.090372  0.044273
                              668: -0.017696  0.087591  0.051084
                              669: -0.021629  0.084811  0.057895
                              670: -0.025561  0.082030  0.064707
                              671: -0.029493  0.079249  0.071518
                              672: -0.033426  0.076469  0.078329
                              673: -0.037358  0.073688  0.085140
                              674: -0.041291  0.070907  0.091952
                              675: -0.045223  0.068127  0.098763
                              676: -0.049156  0.065346  0.105574
                              677: -0.053088  0.062565  0.112385
                              678: -0.057021  0.059785  0.119197
                              679: -0.060953  0.057004  0.126008
                              680: -0.064886  0.054223  0.132819
                              681:  0.009831  0.115398  0.003406
                              682:  0.005899  0.112617  0.010217
                              683:  0.001966  0.109837  0.017028
                              684: -0.001966  0.107056  0.023839
                              685: -0.005899  0.104275  0.030651
                              686: -0.009831  0.101495  0.037462
                              687: -0.013764  0.098714  0.044273
                              688: -0.017696  0.095933  0.051084
                              689: -0.021629  0.093153  0.057895
                              690: -0.025561  0.090372  0.064707
                              691: -0.029493  0.087591  0.071518
                              692: -0.033426  0.084811  0.078329
                              693: -0.037358  0.082030  0.085140
                              694: -0.041291  0.079249  0.091952
                              695: -0.045223  0.076469  0.098763
                              696: -0.049156  0.073688  0.105574
                              697: -0.053088  0.070907  0.112385
                              698: -0.057021  0.068127  0.119197
                              699: -0.060953  0.065346  0.126008
                              700: -0.064886  0.062565  0.132819
                              701:  0.009831  0.123740  0.003406
                              702:  0.005899  0.120959  0.010217
                              703:  0.001966  0.118179  0.017028
                              704: -0.001966  0.115398  0.023839
                              705: -0.005899  0.112617  0.030651
                              706: -0.009831  0.109837  0.037462
                              707: -0.013764  0.107056  0.044273
                              708: -0.017696  0.104275  0.051084
                              709: -0.021629  0.101495  0.057895
                              710: -0.025561  0.098714  0.064707
                              711: -0.029493  0.095933  0.071518
                              712: -0.033426  0.093153  0.078329
                              713: -0.037358  0.090372  0.085140
                              714: -0.041291  0.087591  0.091952
                              715: -0.045223  0.084811  0.098763
                              716: -0.049156  0.082030  0.105574
                              717: -0.053088  0.079249  0.112385
                              718: -0.057021  0.076469  0.119197
                              719: -0.060953  0.073688  0.126008
                              720: -0.064886  0.070907  0.132819
                              721:  0.009831  0.132082  0.003406
                              722:  0.005899  0.129301  0.010217
                              723:  0.001966  0.126521  0.017028
                              724: -0.001966  0.123740  0.023839
                              725: -0.005899  0.120959  0.030651
                              726: -0.009831  0.118179  0.037462
                              727: -0.013764  0.115398  0.044273
                              728: -0.017696  0.112617  0.051084
                              729: -0.021629  0.109837  0.057895
                              730: -0.025561  0.107056  0.064707
                              731: -0.029493  0.104275  0.071518
                              732: -0.033426  0.101495  0.078329
                              733: -0.037358  0.098714  0.085140
                              734: -0.041291  0.095933  0.091952
                              735: -0.045223  0.093153  0.098763
                              736: -0.049156  0.090372  0.105574
                              737: -0.053088  0.087591  0.112385
                              738: -0.057021  0.084811  0.119197
                              739: -0.060953  0.082030  0.126008
                              740: -0.064886  0.079249  0.132819
                              741:  0.009831  0.140424  0.003406
                              742:  0.005899  0.137643  0.010217
                              743:  0.001966  0.134863  0.017028
                              744: -0.001966  0.132082  0.023839
                              745: -0.005899  0.129301  0.030651
                              746: -0.009831  0.126521  0.037462
                              747: -0.013764  0.123740  0.044273
                              748: -0.017696  0.120959  0.051084
                              749: -0.021629  0.118179  0.057895
                              750: -0.025561  0.115398  0.064707
                              751: -0.029493  0.112617  0.071518
                              752: -0.033426  0.109837  0.078329
                              753: -0.037358  0.107056  0.085140
                              754: -0.041291  0.104275  0.091952
                              755: -0.045223  0.101495  0.098763
                              756: -0.049156  0.098714  0.105574
                              757: -0.053088  0.095933  0.112385
                              758: -0.057021  0.093153  0.119197
                              759: -0.060953  0.090372  0.126008
                              760: -0.064886  0.087591  0.132819
                              761:  0.009831  0.148766  0.003406
                              762:  0.005899  0.145985  0.010217
                              763:  0.001966  0.143205  0.017028
                              764: -0.001966  0.140424  0.023839
                              765: -0.005899  0.137643  0.030651
                              766: -0.009831  0.134863  0.037462
                              767: -0.013764  0.132082  0.044273
                              768: -0.017696  0.129301  0.051084
                              769: -0.021629  0.126521  0.057895
                              770: -0.025561  0.123740  0.064707
                              771: -0.029493  0.120959  0.071518
                              772: -0.033426  0.118179  0.078329
                              773: -0.037358  0.115398  0.085140
                              774: -0.041291  0.112617  0.091952
                              775: -0.045223  0.109837  0.098763
                              776: -0.049156  0.107056  0.105574
                              777: -0.053088  0.104275  0.112385
                              778: -0.057021  0.101495  0.119197
                              779: -0.060953  0.098714  0.126008
                              780: -0.064886  0.095933  0.132819
                              781:  0.009831  0.157108  0.003406
                              782:  0.005899  0.154327  0.010217
                              783:  0.001966  0.151547  0.017028
                              784: -0.001966  0.148766  0.023839
                              785: -0.005899  0.145985  0.030651
                              786: -0.009831  0.143205  0.037462
                              787: -0.013764  0.140424  0.044273
                              788: -0.017696  0.137643  0.051084
                              789: -0.021629  0.134863  0.057895
                              790: -0.025561  0.132082  0.064707
                              791: -0.029493  0.129301  0.071518
                              792: -0.033426  0.126521  0.078329
                              793: -0.037358  0.123740  0.085140
                              794: -0.041291  0.120959  0.091952
                              795: -0.045223  0.118179  0.098763
                              796: -0.049156  0.115398  0.105574
                              797: -0.053088  0.112617  0.112385
                              798: -0.057021  0.109837  0.119197
                              799: -0.060953  0.107056  0.126008
                              800: -0.064886  0.104275  0.132819
                              801:  0.017696 -0.004171  0.003406
                              802:  0.013764 -0.006952  0.010217
                              803:  0.009831 -0.009732  0.017028
                              804:  0.005899 -0.012513  0.023839
                              805:  0.001966 -0.015294  0.030651
                              806: -0.001966 -0.018074  0.037462
                              807: -0.005899 -0.020855  0.044273
                              808: -0.009831 -0.023636  0.051084
                              809: -0.013764 -0.026416  0.057895
                              810: -0.017696 -0.029197  0.064707
                              811: -0.021629 -0.031978  0.071518
                              812: -0.025561 -0.034758  0.078329
                              813: -0.029493 -0.037539  0.085140
                              814: -0.033426 -0.040320  0.091952
                              815: -0.037358 -0.043100  0.098763
                              816: -0.041291 -0.045881  0.105574
                              817: -0.045223 -0.048662  0.112385
                              818: -0.049156 -0.051442  0.119197
                              819: -0.053088 -0.054223  0.126008
                              820: -0.057021 -0.057004  0.132819
                              821:  0.017696  0.004171  0.003406
                              822:  0.013764  0.001390  0.010217
                              823:  0.009831 -0.001390  0.017028
                              824:  0.005899 -0.004171  0.023839
                              825:  0.001966 -0.006952  0.030651
                              826: -0.001966 -0.009732  0.037462
                              827: -0.005899 -0.012513  0.044273
                              828: -0.009831 -0.015294  0.051084
                              829: -0.013764 -0.018074  0.057895
                              830: -0.017696 -0.020855  0.064707
                              831: -0.021629 -0.023636  0.071518
                              832: -0.025561 -0.026416  0.078329
                              833: -0.029493 -0.029197  0.085140
                              834: -0.033426 -0.031978  0.091952
                              835: -0.037358 -0.034758  0.098763
                              836: -0.041291 -0.037539  0.105574
                              837: -0.045223 -0.040320  0.112385
                              838: -0.049156 -0.043100  0.119197
                              839: -0.053088 -0.045881  0.126008
                              840: -0.057021 -0.048662  0.132819
                              841:  0.017696  0.012513  0.003406
                              842:  0.013764  0.009732  0.010217
                              843:  0.009831  0.006952  0.017028
                              844:  0.005899  0.004171  0.023839
                              845:  0.001966  0.001390  0.030651
                              846: -0.001966 -0.001390  0.037462
                              847: -0.005899 -0.004171  0.044273
                              848: -0.009831 -0.006952  0.051084
                              849: -0.013764 -0.009732  0.057895
                              850: -0.017696 -0.012513  0.064707
                              851: -0.021629 -0.015294  0.071518
                              852: -0.025561 -0.018074  0.078329
                              853: -0.029493 -0.020855  0.085140
                              854: -0.033426 -0.023636  0.091952
                              855: -0.037358 -0.026416  0.098763
                              856: -0.041291 -0.029197  0.105574
                              857: -0.045223 -0.031978  0.112385
                              858: -0.049156 -0.034758  0.119197
                              859: -0.053088 -0.037539  0.126008
                              860: -0.057021 -0.040320  0.132819
                              861:  0.017696  0.020855  0.003406
                              862:  0.013764  0.018074  0.010217
                              863:  0.009831  0.015294  0.017028
                              864:  0.005899  0.012513  0.023839
                              865:  0.001966  0.009732  0.030651
                              866: -0.001966  0.006952  0.037462
                              867: -0.005899  0.004171  0.044273
                              868: -0.009831  0.001390  0.051084
                              869: -0.013764 -0.001390  0.057895
                              870: -0.017696 -0.004171  0.064707
                              871: -0.021629 -0.006952  0.071518
                              872: -0.025561 -0.009732  0.078329
                              873: -0.029493 -0.012513  0.085140
                              874: -0.033426 -0.015294  0.091952
                              875: -0.037358 -0.018074  0.098763
                              876: -0.041291 -0.020855  0.105574
                              877: -0.045223 -0.023636  0.112385
                              878: -0.049156 -0.026416  0.119197
                              879: -0.053088 -0.029197  0.126008
                              880: -0.057021 -0.031978  0.132819
                              881:  0.017696  0.029197  0.003406
                              882:  0.013764  0.026416  0.010217
                              883:  0.009831  0.023636  0.017028
                              884:  0.005899  0.020855  0.023839
                              885:  0.001966  0.018074  0.030651
                              886: -0.001966  0.015294  0.037462
                              887: -0.005899  0.012513  0.044273
                              888: -0.009831  0.009732  0.051084
                              889: -0.013764  0.006952  0.057895
                              890: -0.017696  0.004171  0.064707
                              891: -0.021629  0.001390  0.071518
                              892: -0.025561 -0.001390  0.078329
                              893: -0.029493 -0.004171  0.085140
                              894: -0.033426 -0.006952  0.091952
                              895: -0.037358 -0.009732  0.098763
                              896: -0.041291 -0.012513  0.105574
                              897: -0.045223 -0.015294  0.112385
                              898: -0.049156 -0.018074  0.119197
                              899: -0.053088 -0.020855  0.126008
                              900: -0.057021 -0.023636  0.132819
                              901:  0.017696  0.037539  0.003406
                              902:  0.013764  0.034758  0.010217
                              903:  0.009831  0.031978  0.017028
                              904:  0.005899  0.029197  0.023839
                              905:  0.001966  0.026416  0.030651
                              906: -0.001966  0.023636  0.037462
                              907: -0.005899  0.020855  0.044273
                              908: -0.009831  0.018074  0.051084
                              909: -0.013764  0.015294  0.057895
                              910: -0.017696  0.012513  0.064707
                              911: -0.021629  0.009732  0.071518
                              912: -0.025561  0.006952  0.078329
                              913: -0.029493  0.004171  0.085140
                              914: -0.033426  0.001390  0.091952
                              915: -0.037358 -0.001390  0.098763
                              916: -0.041291 -0.004171  0.105574
                              917: -0.045223 -0.006952  0.112385
                              918: -0.049156 -0.009732  0.119197
                              919: -0.053088 -0.012513  0.126008
                              920: -0.057021 -0.015294  0.132819
                              921:  0.017696  0.045881  0.003406
                              922:  0.013764  0.043100  0.010217
                              923:  0.009831  0.040320  0.017028
                              924:  0.005899  0.037539  0.023839
                              925:  0.001966  0.034758  0.030651
                              926: -0.001966  0.031978  0.037462
                              927: -0.005899  0.029197  0.044273
                              928: -0.009831  0.026416  0.051084
                              929: -0.013764  0.023636  0.057895
                              930: -0.017696  0.020855  0.064707
                              931: -0.021629  0.018074  0.071518
                              932: -0.025561  0.015294  0.078329
                              933: -0.029493  0.012513  0.085140
                              934: -0.033426  0.009732  0.091952
                              935: -0.037358  0.006952  0.098763
                              936: -0.041291  0.004171  0.105574
                              937: -0.045223  0.001390  0.112385
                              938: -0.049156 -0.001390  0.119197
                              939: -0.053088 -0.004171  0.126008
                              940: -0.057021 -0.006952  0.132819
                              941:  0.017696  0.054223  0.003406
                              942:  0.013764  0.051442  0.010217
                              943:  0.009831  0.048662  0.017028
                              944:  0.005899  0.045881  0.023839
                              945:  0.001966  0.043100  0.030651
                              946: -0.001966  0.040320  0.037462
                              947: -0.005899  0.037539  0.044273
                              948: -0.009831  0.034758  0.051084
                              949: -0.013764  0.031978  0.057895
                              950: -0.017696  0.029197  0.064707
                              951: -0.021629  0.026416  0.071518
                              952: -0.025561  0.023636  0.078329
                              953: -0.029493  0.020855  0.085140
                              954: -0.033426  0.018074  0.091952
                              955: -0.037358  0.015294  0.098763
                              956: -0.041291  0.012513  0.105574
                              957: -0.045223  0.009732  0.112385
                              958: -0.049156  0.006952  0.119197
                              959: -0.053088  0.004171  0.126008
                              960: -0.057021  0.001390  0.132819
                              961:  0.017696  0.062565  0.003406
                              962:  0.013764  0.059785  0.010217
                              963:  0.009831  0.057004  0.017028
                              964:  0.005899  0.054223  0.023839
                              965:  0.001966  0.051442  0.030651
                              966: -0.001966  0.048662  0.037462
                              967: -0.005899  0.045881  0.044273
                              968: -0.009831  0.043100  0.051084
                              969: -0.013764  0.040320  0.057895
                              970: -0.017696  0.037539  0.064707
                              971: -0.021629  0.034758  0.071518
                              972: -0.025561  0.031978  0.078329
                              973: -0.029493  0.029197  0.085140
                              974: -0.033426  0.026416  0.091952
                              975: -0.037358  0.023636  0.098763
                              976: -0.041291  0.020855  0.105574
                              977: -0.045223  0.018074  0.112385
                              978: -0.049156  0.015294  0.119197
                              979: -0.053088  0.012513  0.126008
                              980: -0.057021  0.009732  0.132819
                              981:  0.017696  0.070907  0.003406
                              982:  0.013764  0.068127  0.010217
                              983:  0.009831  0.065346  0.017028
                              984:  0.005899  0.062565  0.023839
                              985:  0.001966  0.059785  0.030651
                              986: -0.001966  0.057004  0.037462
                              987: -0.005899  0.054223  0.044273
                              988: -0.009831  0.051442  0.051084
                              989: -0.013764  0.048662  0.057895
                              990: -0.017696  0.045881  0.064707
                              991: -0.021629  0.043100  0.071518
                              992: -0.025561  0.040320  0.078329
                              993: -0.029493  0.037539  0.085140
                              994: -0.033426  0.034758  0.091952
                              995: -0.037358  0.031978  0.098763
                              996: -0.041291  0.029197  0.105574
                              997: -0.045223  0.026416  0.112385
                              998: -0.049156  0.023636  0.119197
                              999: -0.053088  0.020855  0.126008
                             1000: -0.057021  0.018074  0.132819
                             1001:  0.017696  0.079249  0.003406
                             1002:  0.013764  0.076469  0.010217
                             1003:  0.009831  0.073688  0.017028
                             1004:  0.005899  0.070907  0.023839
                             1005:  0.001966  0.068127  0.030651
                             1006: -0.001966  0.065346  0.037462
                             1007: -0.005899  0.062565  0.044273
                             1008: -0.009831  0.059785  0.051084
                             1009: -0.013764  0.057004  0.057895
                             1010: -0.017696  0.054223  0.064707
                             1011: -0.021629  0.051442  0.071518
                             1012: -0.025561  0.048662  0.078329
                             1013: -0.029493  0.045881  0.085140
                             1014: -0.033426  0.043100  0.091952
                             1015: -0.037358  0.040320  0.098763
                             1016: -0.041291  0.037539  0.105574
                             1017: -0.045223  0.034758  0.112385
                             1018: -0.049156  0.031978  0.119197
                             1019: -0.053088  0.029197  0.126008
                             1020: -0.057021  0.026416  0.132819
                             1021:  0.017696  0.087591  0.003406
                             1022:  0.013764  0.084811  0.010217
                             1023:  0.009831  0.082030  0.017028
                             1024:  0.005899  0.079249  0.023839
                             1025:  0.001966  0.076469  0.030651
                             1026: -0.001966  0.073688  0.037462
                             1027: -0.005899  0.070907  0.044273
                             1028: -0.009831  0.068127  0.051084
                             1029: -0.013764  0.065346  0.057895
                             1030: -0.017696  0.062565  0.064707
                             1031: -0.021629  0.059785  0.071518
                             1032: -0.025561  0.057004  0.078329
                             1033: -0.029493  0.054223  0.085140
                             1034: -0.033426  0.051442  0.091952
                             1035: -0.037358  0.048662  0.098763
                             1036: -0.041291  0.045881  0.105574
                             1037: -0.045223  0.043100  0.112385
                             1038: -0.049156  0.040320  0.119197
                             1039: -0.053088  0.037539  0.126008
                             1040: -0.057021  0.034758  0.132819
                             1041:  0.017696  0.095933  0.003406
                             1042:  0.013764  0.093153  0.010217
                             1043:  0.009831  0.090372  0.017028
                             1044:  0.005899  0.087591  0.023839
                             1045:  0.001966  0.084811  0.030651
                             1046: -0.001966  0.082030  0.037462
                             1047: -0.005899  0.079249  0.044273
                             1048: -0.009831  0.076469  0.051084
                             1049: -0.013764  0.073688  0.057895
                             1050: -0.017696  0.070907  0.064707
                             1051: -0.021629  0.068127  0.071518
                             1052: -0.025561  0.065346  0.078329
                             1053: -0.029493  0.062565  0.085140
                             1054: -0.033426  0.059785  0.091952
                             1055: -0.037358  0.057004  0.098763
                             1056: -0.041291  0.054223  0.105574
                             1057: -0.045223  0.051443  0.112385
                             1058: -0.049156  0.048662  0.119197
                             1059: -0.053088  0.045881  0.126008
                             1060: -0.057021  0.043100  0.132819
                             1061:  0.017696  0.104275  0.003406
                             1062:  0.013764  0.101495  0.010217
                             1063:  0.009831  0.098714  0.017028
                             1064:  0.005899  0.095933  0.023839
                             1065:  0.001966  0.093153  0.030651
                             1066: -0.001966  0.090372  0.037462
                             1067: -0.005899  0.087591  0.044273
                             1068: -0.009831  0.084811  0.051084
                             1069: -0.013764  0.082030  0.057895
                             1070: -0.017696  0.079249  0.064707
                             1071: -0.021629  0.076469  0.071518
                             1072: -0.025561  0.073688  0.078329
                             1073: -0.029493  0.070907  0.085140
                             1074: -0.033426  0.068127  0.091952
                             1075: -0.037358  0.065346  0.098763
                             1076: -0.041291  0.062565  0.105574
                             1077: -0.045223  0.059785  0.112385
                             1078: -0.049156  0.057004  0.119197
                             1079: -0.053088  0.054223  0.126008
                             1080: -0.057021  0.051443  0.132819
                             1081:  0.017696  0.112617  0.003406
                             1082:  0.013764  0.109837  0.010217
                             1083:  0.009831  0.107056  0.017028
                             1084:  0.005899  0.104275  0.023839
                             1085:  0.001966  0.101495  0.030651
                             1086: -0.001966  0.098714  0.037462
                             1087: -0.005899  0.095933  0.044273
                             1088: -0.009831  0.093153  0.051084
                             1089: -0.013764  0.090372  0.057895
                             1090: -0.017696  0.087591  0.064707
                             1091: -0.021629  0.084811  0.071518
                             1092: -0.025561  0.082030  0.078329
                             1093: -0.029493  0.079249  0.085140
                             1094: -0.033426  0.076469  0.091952
                             1095: -0.037358  0.073688  0.098763
                             1096: -0.041291  0.070907  0.105574
                             1097: -0.045223  0.068127  0.112385
                             1098: -0.049156  0.065346  0.119197
                             1099: -0.053088  0.062565  0.126008
                             1100: -0.057021  0.059785  0.132819
                             1101:  0.017696  0.120959  0.003406
                             1102:  0.013764  0.118179  0.010217
                             1103:  0.009831  0.115398  0.017028
                             1104:  0.005899  0.112617  0.023839
                             1105:  0.001966  0.109837  0.030651
                             1106: -0.001966  0.107056  0.037462
                             1107: -0.005899  0.104275  0.044273
                             1108: -0.009831  0.101495  0.051084
                             1109: -0.013764  0.098714  0.057895
                             1110: -0.017696  0.095933  0.064707
                             1111: -0.021629  0.093153  0.071518
                             1112: -0.025561  0.090372  0.078329
                             1113: -0.029493  0.087591  0.085140
                             1114: -0.033426  0.084811  0.091952
                             1115: -0.037358  0.082030  0.098763
                             1116: -0.041291  0.079249  0.105574
                             1117: -0.045223  0.076469  0.112385
                             1118: -0.049156  0.073688  0.119197
                             1119: -0.053088  0.070907  0.126008
                             1120: -0.057021  0.068127  0.132819
                             1121:  0.017696  0.129301  0.003406
                             1122:  0.013764  0.126521  0.010217
                             1123:  0.009831  0.123740  0.017028
                             1124:  0.005899  0.120959  0.023839
                             1125:  0.001966  0.118179  0.030651
                             1126: -0.001966  0.115398  0.037462
                             1127: -0.005899  0.112617  0.044273
                             1128: -0.009831  0.109837  0.051084
                             1129: -0.013764  0.107056  0.057895
                             1130: -0.017696  0.104275  0.064707
                             1131: -0.021629  0.101495  0.071518
                             1132: -0.025561  0.098714  0.078329
                             1133: -0.029493  0.095933  0.085140
                             1134: -0.033426  0.093153  0.091952
                             1135: -0.037358  0.090372  0.098763
                             1136: -0.041291  0.087591  0.105574
                             1137: -0.045223  0.084811  0.112385
                             1138: -0.049156  0.082030  0.119197
                             1139: -0.053088  0.079249  0.126008
                             1140: -0.057021  0.076469  0.132819
                             1141:  0.017696  0.137643  0.003406
                             1142:  0.013764  0.134863  0.010217
                             1143:  0.009831  0.132082  0.017028
                             1144:  0.005899  0.129301  0.023839
                             1145:  0.001966  0.126521  0.030651
                             1146: -0.001966  0.123740  0.037462
                             1147: -0.005899  0.120959  0.044273
                             1148: -0.009831  0.118179  0.051084
                             1149: -0.013764  0.115398  0.057895
                             1150: -0.017696  0.112617  0.064707
                             1151: -0.021629  0.109837  0.071518
                             1152: -0.025561  0.107056  0.078329
                             1153: -0.029493  0.104275  0.085140
                             1154: -0.033426  0.101495  0.091952
                             1155: -0.037358  0.098714  0.098763
                             1156: -0.041291  0.095933  0.105574
                             1157: -0.045223  0.093153  0.112385
                             1158: -0.049156  0.090372  0.119197
                             1159: -0.053088  0.087591  0.126008
                             1160: -0.057021  0.084811  0.132819
                             1161:  0.017696  0.145985  0.003406
                             1162:  0.013764  0.143205  0.010217
                             1163:  0.009831  0.140424  0.017028
                             1164:  0.005899  0.137643  0.023839
                             1165:  0.001966  0.134863  0.030651
                             1166: -0.001966  0.132082  0.037462
                             1167: -0.005899  0.129301  0.044273
                             1168: -0.009831  0.126521  0.051084
                             1169: -0.013764  0.123740  0.057895
                             1170: -0.017696  0.120959  0.064707
                             1171: -0.021629  0.118179  0.071518
                             1172: -0.025561  0.115398  0.078329
                             1173: -0.029493  0.112617  0.085140
                             1174: -0.033426  0.109837  0.091952
                             1175: -0.037358  0.107056  0.098763
                             1176: -0.041291  0.104275  0.105574
                             1177: -0.045223  0.101495  0.112385
                             1178: -0.049156  0.098714  0.119197
                             1179: -0.053088  0.095933  0.126008
                             1180: -0.057021  0.093153  0.132819
                             1181:  0.017696  0.154327  0.003406
                             1182:  0.013764  0.151547  0.010217
                             1183:  0.009831  0.148766  0.017028
                             1184:  0.005899  0.145985  0.023839
                             1185:  0.001966  0.143205  0.030651
                             1186: -0.001966  0.140424  0.037462
                             1187: -0.005899  0.137643  0.044273
                             1188: -0.009831  0.134863  0.051084
                             1189: -0.013764  0.132082  0.057895
                             1190: -0.017696  0.129301  0.064707
                             1191: -0.021629  0.126521  0.071518
                             1192: -0.025561  0.123740  0.078329
                             1193: -0.029493  0.120959  0.085140
                             1194: -0.033426  0.118179  0.091952
                             1195: -0.037358  0.115398  0.098763
                             1196: -0.041291  0.112617  0.105574
                             1197: -0.045223  0.109837  0.112385
                             1198: -0.049156  0.107056  0.119197
                             1199: -0.053088  0.104275  0.126008
                             1200: -0.057021  0.101495  0.132819
                             1201:  0.025561 -0.006952  0.003406
                             1202:  0.021629 -0.009732  0.010217
                             1203:  0.017696 -0.012513  0.017028
                             1204:  0.013764 -0.015294  0.023839
                             1205:  0.009831 -0.018074  0.030651
                             1206:  0.005899 -0.020855  0.037462
                             1207:  0.001966 -0.023636  0.044273
                             1208: -0.001966 -0.026416  0.051084
                             1209: -0.005899 -0.029197  0.057895
                             1210: -0.009831 -0.031978  0.064707
                             1211: -0.013764 -0.034758  0.071518
                             1212: -0.017696 -0.037539  0.078329
                             1213: -0.021629 -0.040320  0.085140
                             1214: -0.025561 -0.043100  0.091952
                             1215: -0.029493 -0.045881  0.098763
                             1216: -0.033426 -0.048662  0.105574
                             1217: -0.037358 -0.051442  0.112385
                             1218: -0.041291 -0.054223  0.119197
                             1219: -0.045223 -0.057004  0.126008
                             1220: -0.049156 -0.059784  0.132819
                             1221:  0.025561  0.001390  0.003406
                             1222:  0.021629 -0.001390  0.010217
                             1223:  0.017696 -0.004171  0.017028
                             1224:  0.013764 -0.006952  0.023839
                             1225:  0.009831 -0.009732  0.030651
                             1226:  0.005899 -0.012513  0.037462
                             1227:  0.001966 -0.015294  0.044273
                             1228: -0.001966 -0.018074  0.051084
                             1229: -0.005899 -0.020855  0.057895
                             1230: -0.009831 -0.023636  0.064707
                             1231: -0.013764 -0.026416  0.071518
                             1232: -0.017696 -0.029197  0.078329
                             1233: -0.021629 -0.031978  0.085140
                             1234: -0.025561 -0.034758  0.091952
                             1235: -0.029493 -0.037539  0.098763
                             1236: -0.033426 -0.040320  0.105574
                             1237: -0.037358 -0.043100  0.112385
                             1238: -0.041291 -0.045881  0.119197
                             1239: -0.045223 -0.048662  0.126008
                             1240: -0.049156 -0.051442  0.132819
                             1241:  0.025561  0.009732  0.003406
                             1242:  0.021629  0.006952  0.010217
                             1243:  0.017696  0.004171  0.017028
                             1244:  0.013764  0.001390  0.023839
                             1245:  0.009831 -0.001390  0.030651
                             1246:  0.005899 -0.004171  0.037462
                             1247:  0.001966 -0.006952  0.044273
                             1248: -0.001966 -0.009732  0.051084
                             1249: -0.005899 -0.012513  0.057895
                             1250: -0.009831 -0.015294  0.064707
                             1251: -0.013764 -0.018074  0.071518
                             1252: -0.017696 -0.020855  0.078329
                             1253: -0.021629 -0.023636  0.085140
                             1254: -0.025561 -0.026416  0.091952
                             1255: -0.029493 -0.029197  0.098763
                             1256: -0.033426 -0.031978  0.105574
                             1257: -0.037358 -0.034758  0.112385
                             1258: -0.041291 -0.037539  0.119197
                             1259: -0.045223 -0.040320  0.126008
                             1260: -0.049156 -0.043100  0.132819
                             1261:  0.025561  0.018074  0.003406
                             1262:  0.021629  0.015294  0.010217
                             1263:  0.017696  0.012513  0.017028
                             1264:  0.013764  0.009732  0.023839
                             1265:  0.009831  0.006952  0.030651
                             1266:  0.005899  0.004171  0.037462
                             1267:  0.001966  0.001390  0.044273
                             1268: -0.001966 -0.001390  0.051084
                             1269: -0.005899 -0.004171  0.057895
                             1270: -0.009831 -0.006952  0.064707
                             1271: -0.013764 -0.009732  0.071518
                             1272: -0.017696 -0.012513  0.078329
                             1273: -0.021629 -0.015294  0.085140
                             1274: -0.025561 -0.018074  0.091952
                             1275: -0.029493 -0.020855  0.098763
                             1276: -0.033426 -0.023636  0.105574
                             1277: -0.037358 -0.026416  0.112385
                             1278: -0.041291 -0.029197  0.119197
                             1279: -0.045223 -0.031978  0.126008
                             1280: -0.049156 -0.034758  0.132819
                             1281:  0.025561  0.026416  0.003406
                             1282:  0.021629  0.023636  0.010217
                             1283:  0.017696  0.020855  0.017028
                             1284:  0.013764  0.018074  0.023839
                             1285:  0.009831  0.015294  0.030651
                             1286:  0.005899  0.012513  0.037462
                             1287:  0.001966  0.009732  0.044273
                             1288: -0.001966  0.006952  0.051084
                             1289: -0.005899  0.004171  0.057895
                             1290: -0.009831  0.001390  0.064707
                             1291: -0.013764 -0.001390  0.071518
                             1292: -0.017696 -0.004171  0.078329
                             1293: -0.021629 -0.006952  0.085140
                             1294: -0.025561 -0.009732  0.091952
                             1295: -0.029493 -0.012513  0.098763
                             1296: -0.033426 -0.015294  0.105574
                             1297: -0.037358 -0.018074  0.112385
                             1298: -0.041291 -0.020855  0.119197
                             1299: -0.045223 -0.023636  0.126008
                             1300: -0.049156 -0.026416  0.132819
                             1301:  0.025561  0.034758  0.003406
                             1302:  0.021629  0.031978  0.010217
                             1303:  0.017696  0.029197  0.017028
                             1304:  0.013764  0.026416  0.023839
                             1305:  0.009831  0.023636  0.030651
                             1306:  0.005899  0.020855  0.037462
                             1307:  0.001966  0.018074  0.044273
                             1308: -0.001966  0.015294  0.051084
                             1309: -0.005899  0.012513  0.057895
                             1310: -0.009831  0.009732  0.064707
                             1311: -0.013764  0.006952  0.071518
                             1312: -0.017696  0.004171  0.078329
                             1313: -0.021629  0.001390  0.085140
                             1314: -0.025561 -0.001390  0.091952
                             1315: -0.029493 -0.004171  0.098763
                             1316: -0.033426 -0.006952  0.105574
                             1317: -0.037358 -0.009732  0.112385
                             1318: -0.041291 -0.012513  0.119197
                             1319: -0.045223 -0.015294  0.126008
                             1320: -0.049156 -0.018074  0.132819
                             1321:  0.025561  0.043100  0.003406
                             1322:  0.021629  0.040320  0.010217
                             1323:  0.017696  0.037539  0.017028
                             1324:  0.013764  0.034758  0.023839
                             1325:  0.009831  0.031978  0.030651
                             1326:  0.005899  0.029197  0.037462
                             1327:  0.001966  0.026416  0.044273
                             1328: -0.001966  0.023636  0.051084
                             1329: -0.005899  0.020855  0.057895
                             1330: -0.009831  0.018074  0.064707
                             1331: -0.013764  0.015294  0.071518
                             1332: -0.017696  0.012513  0.078329
                             1333: -0.021629  0.009732  0.085140
                             1334: -0.025561  0.006952  0.091952
                             1335: -0.029493  0.004171  0.098763
                             1336: -0.033426  0.001390  0.105574
                             1337: -0.037358 -0.001390  0.112385
                             1338: -0.041291 -0.004171  0.119197
                             1339: -0.045223 -0.006952  0.126008
                             1340: -0.049156 -0.009732  0.132819
                             1341:  0.025561  0.051442  0.003406
                             1342:  0.021629  0.048662  0.010217
                             1343:  0.017696  0.045881  0.017028
                             1344:  0.013764  0.043100  0.023839
                             1345:  0.009831  0.040320  0.030651
                             1346:  0.005899  0.037539  0.037462
                             1347:  0.001966  0.034758  0.044273
                             1348: -0.001966  0.031978  0.051084
                             1349: -0.005899  0.029197  0.057895
                             1350: -0.009831  0.026416  0.064707
                             1351: -0.013764  0.023636  0.071518
                             1352: -0.017696  0.020855  0.078329
                             1353: -0.021629  0.018074  0.085140
                             1354: -0.025561  0.015294  0.091952
                             1355: -0.029493  0.012513  0.098763
                             1356: -0.033426  0.009732  0.105574
                             1357: -0.037358  0.006952  0.112385
                             1358: -0.041291  0.004171  0.119197
                             1359: -0.045223  0.001390  0.126008
                             1360: -0.049156 -0.001390  0.132819
                             1361:  0.025561  0.059785  0.003406
                             1362:  0.021629  0.057004  0.010217
                             1363:  0.017696  0.054223  0.017028
                             1364:  0.013764  0.051442  0.023839
                             1365:  0.009831  0.048662  0.030651
                             1366:  0.005899  0.045881  0.037462
                             1367:  0.001966  0.043100  0.044273
                             1368: -0.001966  0.040320  0.051084
                             1369: -0.005899  0.037539  0.057895
                             1370: -0.009831  0.034758  0.064707
                             1371: -0.013764  0.031978  0.071518
                             1372: -0.017696  0.029197  0.078329
                             1373: -0.021629  0.026416  0.085140
                             1374: -0.025561  0.023636  0.091952
                             1375: -0.029493  0.020855  0.098763
                             1376: -0.033426  0.018074  0.105574
                             1377: -0.037358  0.015294  0.112385
                             1378: -0.041291  0.012513  0.119197
                             1379: -0.045223  0.009732  0.126008
                             1380: -0.049156  0.006952  0.132819
                             1381:  0.025561  0.068127  0.003406
                             1382:  0.021629  0.065346  0.010217
                             1383:  0.017696  0.062565  0.017028
                             1384:  0.013764  0.059785  0.023839
                             1385:  0.009831  0.057004  0.030651
                             1386:  0.005899  0.054223  0.037462
                             1387:  0.001966  0.051442  0.044273
                             1388: -0.001966  0.048662  0.051084
                             1389: -0.005899  0.045881  0.057895
                             1390: -0.009831  0.043100  0.064707
                             1391: -0.013764  0.040320  0.071518
                             1392: -0.017696  0.037539  0.078329
                             1393: -0.021629  0.034758  0.085140
                             1394: -0.025561  0.031978  0.091952
                             1395: -0.029493  0.029197  0.098763
                             1396: -0.033426  0.026416  0.105574
                             1397: -0.037358  0.023636  0.112385
                             1398: -0.041291  0.020855  0.119197
                             1399: -0.045223  0.018074  0.126008
                             1400: -0.049156  0.015294  0.132819
                             1401:  0.025561  0.076469  0.003406
                             1402:  0.021629  0.073688  0.010217
                             1403:  0.017696  0.070907  0.017028
                             1404:  0.013764  0.068127  0.023839
                             1405:  0.009831  0.065346  0.030651
                             1406:  0.005899  0.062565  0.037462
                             1407:  0.001966  0.059785  0.044273
                             1408: -0.001966  0.057004  0.051084
                             1409: -0.005899  0.054223  0.057895
                             1410: -0.009831  0.051442  0.064707
                             1411: -0.013764  0.048662  0.071518
                             1412: -0.017696  0.045881  0.078329
                             1413: -0.021629  0.043100  0.085140
                             1414: -0.025561  0.040320  0.091952
                             1415: -0.029493  0.037539  0.098763
                             1416: -0.033426  0.034758  0.105574
                             1417: -0.037358  0.031978  0.112385
                             1418: -0.041291  0.029197  0.119197
                             1419: -0.045223  0.026416  0.126008
                             1420: -0.049156  0.023636  0.132819
                             1421:  0.025561  0.084811  0.003406
                             1422:  0.021629  0.082030  0.010217
                             1423:  0.017696  0.079249  0.017028
                             1424:  0.013764  0.076469  0.023839
                             1425:  0.009831  0.073688  0.030651
                             1426:  0.005899  0.070907  0.037462
                             1427:  0.001966  0.068127  0.044273
                             1428: -0.001966  0.065346  0.051084
                             1429: -0.005899  0.062565  0.057895
                             1430: -0.009831  0.059785  0.064707
                             1431: -0.013764  0.057004  0.071518
                             1432: -0.017696  0.054223  0.078329
                             1433: -0.021629  0.051442  0.085140
                             1434: -0.025561  0.048662  0.091952
                             1435: -0.029493  0.045881  0.098763
                             1436: -0.033426  0.043100  0.105574
                             1437: -0.037358  0.040320  0.112385
                             1438: -0.041291  0.037539  0.119197
                             1439: -0.045223  0.034758  0.126008
                             1440: -0.049156  0.031978  0.132819
                             1441:  0.025561  0.093153  0.003406
                             1442:  0.021629  0.090372  0.010217
                             1443:  0.017696  0.087591  0.017028
                             1444:  0.013764  0.084811  0.023839
                             1445:  0.009831  0.082030  0.030651
                             1446:  0.005899  0.079249  0.037462
                             1447:  0.001966  0.076469  0.044273
                             1448: -0.001966  0.073688  0.051084
                             1449: -0.005899  0.070907  0.057895
                             1450: -0.009831  0.068127  0.064707
                             1451: -0.013764  0.065346  0.071518
                             1452: -0.017696  0.062565  0.078329
                             1453: -0.021629  0.059785  0.085140
                             1454: -0.025561  0.057004  0.091952
                             1455: -0.029493  0.054223  0.098763
                             1456: -0.033426  0.051442  0.105574
                             1457: -0.037358  0.048662  0.112385
                             1458: -0.041291  0.045881  0.119197
                             1459: -0.045223  0.043100  0.126008
                             1460: -0.049156  0.040320  0.132819
                             1461:  0.025561  0.101495  0.003406
                             1462:  0.021629  0.098714  0.010217
                             1463:  0.017696  0.095933  0.017028
                             1464:  0.013764  0.093153  0.023839
                             1465:  0.009831  0.090372  0.030651
                             1466:  0.005899  0.087591  0.037462
                             1467:  0.001966  0.084811  0.044273
                             1468: -0.001966  0.082030  0.051084
                             1469: -0.005899  0.079249  0.057895
                             1470: -0.009831  0.076469  0.064707
                             1471: -0.013764  0.073688  0.071518
                             1472: -0.017696  0.070907  0.078329
                             1473: -0.021629  0.068127  0.085140
                             1474: -0.025561  0.065346  0.091952
                             1475: -0.029493  0.062565  0.098763
                             1476: -0.033426  0.059785  0.105574
                             1477: -0.037358  0.057004  0.112385
                             1478: -0.041291  0.054223  0.119197
                             1479: -0.045223  0.051443  0.126008
                             1480: -0.049156  0.048662  0.132819
                             1481:  0.025561  0.109837  0.003406
                             1482:  0.021629  0.107056  0.010217
                             1483:  0.017696  0.104275  0.017028
                             1484:  0.013764  0.101495  0.023839
                             1485:  0.009831  0.098714  0.030651
                             1486:  0.005899  0.095933  0.037462
                             1487:  0.001966  0.093153  0.044273
                             1488: -0.001966  0.090372  0.051084
                             1489: -0.005899  0.087591  0.057895
                             1490: -0.009831  0.084811  0.064707
                             1491: -0.013764  0.082030  0.071518
                             1492: -0.017696  0.079249  0.078329
                             1493: -0.021629  0.076469  0.085140
                             1494: -0.025561  0.073688  0.091952
                             1495: -0.029493  0.070907  0.098763
                             1496: -0.033426  0.068127  0.105574
                             1497: -0.037358  0.065346  0.112385
                             1498: -0.041291  0.062565  0.119197
                             1499: -0.045223  0.059785  0.126008
                             1500: -0.049156  0.057004  0.132819
                             1501:  0.025561  0.118179  0.003406
                             1502:  0.021629  0.115398  0.010217
                             1503:  0.017696  0.112617  0.017028
                             1504:  0.013764  0.109837  0.023839
                             1505:  0.009831  0.107056  0.030651
                             1506:  0.005899  0.104275  0.037462
                             1507:  0.001966  0.101495  0.044273
                             1508: -0.001966  0.098714  0.051084
                             1509: -0.005899  0.095933  0.057895
                             1510: -0.009831  0.093153  0.064707
                             1511: -0.013764  0.090372  0.071518
                             1512: -0.017696  0.087591  0.078329
                             1513: -0.021629  0.084811  0.085140
                             1514: -0.025561  0.082030  0.091952
                             1515: -0.029493  0.079249  0.098763
                             1516: -0.033426  0.076469  0.105574
                             1517: -0.037358  0.073688  0.112385
                             1518: -0.041291  0.070907  0.119197
                             1519: -0.045223  0.068127  0.126008
                             1520: -0.049156  0.065346  0.132819
                             1521:  0.025561  0.126521  0.003406
                             1522:  0.021629  0.123740  0.010217
                             1523:  0.017696  0.120959  0.017028
                             1524:  0.013764  0.118179  0.023839
                             1525:  0.009831  0.115398  0.030651
                             1526:  0.005899  0.112617  0.037462
                             1527:  0.001966  0.109837  0.044273
                             1528: -0.001966  0.107056  0.051084
                             1529: -0.005899  0.104275  0.057895
                             1530: -0.009831  0.101495  0.064707
                             1531: -0.013764  0.098714  0.071518
                             1532: -0.017696  0.095933  0.078329
                             1533: -0.021629  0.093153  0.085140
                             1534: -0.025561  0.090372  0.091952
                             1535: -0.029493  0.087591  0.098763
                             1536: -0.033426  0.084811  0.105574
                             1537: -0.037358  0.082030  0.112385
                             1538: -0.041291  0.079249  0.119197
                             1539: -0.045223  0.076469  0.126008
                             1540: -0.049156  0.073688  0.132819
                             1541:  0.025561  0.134863  0.003406
                             1542:  0.021629  0.132082  0.010217
                             1543:  0.017696  0.129301  0.017028
                             1544:  0.013764  0.126521  0.023839
                             1545:  0.009831  0.123740  0.030651
                             1546:  0.005899  0.120959  0.037462
                             1547:  0.001966  0.118179  0.044273
                             1548: -0.001966  0.115398  0.051084
                             1549: -0.005899  0.112617  0.057895
                             1550: -0.009831  0.109837  0.064707
                             1551: -0.013764  0.107056  0.071518
                             1552: -0.017696  0.104275  0.078329
                             1553: -0.021629  0.101495  0.085140
                             1554: -0.025561  0.098714  0.091952
                             1555: -0.029493  0.095933  0.098763
                             1556: -0.033426  0.093153  0.105574
                             1557: -0.037358  0.090372  0.112385
                             1558: -0.041291  0.087591  0.119197
                             1559: -0.045223  0.084811  0.126008
                             1560: -0.049156  0.082030  0.132819
                             1561:  0.025561  0.143205  0.003406
                             1562:  0.021629  0.140424  0.010217
                             1563:  0.017696  0.137643  0.017028
                             1564:  0.013764  0.134863  0.023839
                             1565:  0.009831  0.132082  0.030651
                             1566:  0.005899  0.129301  0.037462
                             1567:  0.001966  0.126521  0.044273
                             1568: -0.001966  0.123740  0.051084
                             1569: -0.005899  0.120959  0.057895
                             1570: -0.009831  0.118179  0.064707
                             1571: -0.013764  0.115398  0.071518
                             1572: -0.017696  0.112617  0.078329
                             1573: -0.021629  0.109837  0.085140
                             1574: -0.025561  0.107056  0.091952
                             1575: -0.029493  0.104275  0.098763
                             1576: -0.033426  0.101495  0.105574
                             1577: -0.037358  0.098714  0.112385
                             1578: -0.041291  0.095933  0.119197
                             1579: -0.045223  0.093153  0.126008
                             1580: -0.049156  0.090372  0.132819
                             1581:  0.025561  0.151547  0.003406
                             1582:  0.021629  0.148766  0.010217
                             1583:  0.017696  0.145985  0.017028
                             1584:  0.013764  0.143205  0.023839
                             1585:  0.009831  0.140424  0.030651
                             1586:  0.005899  0.137643  0.037462
                             1587:  0.001966  0.134863  0.044273
                             1588: -0.001966  0.132082  0.051084
                             1589: -0.005899  0.129301  0.057895
                             1590: -0.009831  0.126521  0.064707
                             1591: -0.013764  0.123740  0.071518
                             1592: -0.017696  0.120959  0.078329
                             1593: -0.021629  0.118179  0.085140
                             1594: -0.025561  0.115398  0.091952
                             1595: -0.029493  0.112617  0.098763
                             1596: -0.033426  0.109837  0.105574
                             1597: -0.037358  0.107056  0.112385
                             1598: -0.041291  0.104275  0.119197
                             1599: -0.045223  0.101495  0.126008
                             1600: -0.049156  0.098714  0.132819
                             1601:  0.033426 -0.009732  0.003406
                             1602:  0.029494 -0.012513  0.010217
                             1603:  0.025561 -0.015294  0.017028
                             1604:  0.021629 -0.018074  0.023839
                             1605:  0.017696 -0.020855  0.030651
                             1606:  0.013764 -0.023636  0.037462
                             1607:  0.009831 -0.026416  0.044273
                             1608:  0.005899 -0.029197  0.051084
                             1609:  0.001966 -0.031978  0.057895
                             1610: -0.001966 -0.034758  0.064707
                             1611: -0.005899 -0.037539  0.071518
                             1612: -0.009831 -0.040320  0.078329
                             1613: -0.013764 -0.043100  0.085140
                             1614: -0.017696 -0.045881  0.091952
                             1615: -0.021629 -0.048662  0.098763
                             1616: -0.025561 -0.051442  0.105574
                             1617: -0.029493 -0.054223  0.112385
                             1618: -0.033426 -0.057004  0.119197
                             1619: -0.037358 -0.059784  0.126008
                             1620: -0.041291 -0.062565  0.132819
                             1621:  0.033426 -0.001390  0.003406
                             1622:  0.029494 -0.004171  0.010217
                             1623:  0.025561 -0.006952  0.017028
                             1624:  0.021629 -0.009732  0.023839
                             1625:  0.017696 -0.012513  0.030651
                             1626:  0.013764 -0.015294  0.037462
                             1627:  0.009831 -0.018074  0.044273
                             1628:  0.005899 -0.020855  0.051084
                             1629:  0.001966 -0.023636  0.057895
                             1630: -0.001966 -0.026416  0.064707
                             1631: -0.005899 -0.029197  0.071518
                             1632: -0.009831 -0.031978  0.078329
                             1633: -0.013764 -0.034758  0.085140
                             1634: -0.017696 -0.037539  0.091952
                             1635: -0.021629 -0.040320  0.098763
                             1636: -0.025561 -0.043100  0.105574
                             1637: -0.029493 -0.045881  0.112385
                             1638: -0.033426 -0.048662  0.119197
                             1639: -0.037358 -0.051442  0.126008
                             1640: -0.041291 -0.054223  0.132819
                             1641:  0.033426  0.006952  0.003406
                             1642:  0.029494  0.004171  0.010217
                             1643:  0.025561  0.001390  0.017028
                             1644:  0.021629 -0.001390  0.023839
                             1645:  0.017696 -0.004171  0.030651
                             1646:  0.013764 -0.006952  0.037462
                             1647:  0.009831 -0.009732  0.044273
                             1648:  0.005899 -0.012513  0.051084
                             1649:  0.001966 -0.015294  0.057895
                             1650: -0.001966 -0.018074  0.064707
                             1651: -0.005899 -0.020855  0.071518
                             1652: -0.009831 -0.023636  0.078329
                             1653: -0.013764 -0.026416  0.085140
                             1654: -0.017696 -0.029197  0.091952
                             1655: -0.021629 -0.031978  0.098763
                             1656: -0.025561 -0.034758  0.105574
                             1657: -0.029493 -0.037539  0.112385
                             1658: -0.033426 -0.040320  0.119197
                             1659: -0.037358 -0.043100  0.126008
                             1660: -0.041291 -0.045881  0.132819
                             1661:  0.033426  0.015294  0.003406
                             1662:  0.029494  0.012513  0.010217
                             1663:  0.025561  0.009732  0.017028
                             1664:  0.021629  0.006952  0.023839
                             1665:  0.017696  0.004171  0.030651
                             1666:  0.013764  0.001390  0.037462
                             1667:  0.009831 -0.001390  0.044273
                             1668:  0.005899 -0.004171  0.051084
                             1669:  0.001966 -0.006952  0.057895
                             1670: -0.001966 -0.009732  0.064707
                             1671: -0.005899 -0.012513  0.071518
                             1672: -0.009831 -0.015294  0.078329
                             1673: -0.013764 -0.018074  0.085140
                             1674: -0.017696 -0.020855  0.091952
                             1675: -0.021629 -0.023636  0.098763
                             1676: -0.025561 -0.026416  0.105574
                             1677: -0.029493 -0.029197  0.112385
                             1678: -0.033426 -0.031978  0.119197
                             1679: -0.037358 -0.034758  0.126008
                             1680: -0.041291 -0.037539  0.132819
                             1681:  0.033426  0.023636  0.003406
                             1682:  0.029494  0.020855  0.010217
                             1683:  0.025561  0.018074  0.017028
                             1684:  0.021629  0.015294  0.023839
                             1685:  0.017696  0.012513  0.030651
                             1686:  0.013764  0.009732  0.037462
                             1687:  0.009831  0.006952  0.044273
                             1688:  0.005899  0.004171  0.051084
                             1689:  0.001966  0.001390  0.057895
                             1690: -0.001966 -0.001390  0.064707
                             1691: -0.005899 -0.004171  0.071518
                             1692: -0.009831 -0.006952  0.078329
                             1693: -0.013764 -0.009732  0.085140
                             1694: -0.017696 -0.012513  0.091952
                             1695: -0.021629 -0.015294  0.098763
                             1696: -0.025561 -0.018074  0.105574
                             1697: -0.029493 -0.020855  0.112385
                             1698: -0.033426 -0.023636  0.119197
                             1699: -0.037358 -0.026416  0.126008
                             1700: -0.041291 -0.029197  0.132819
                             1701:  0.033426  0.031978  0.003406
                             1702:  0.029494  0.029197  0.010217
                             1703:  0.025561  0.026416  0.017028
                             1704:  0.021629  0.023636  0.023839
                             1705:  0.017696  0.020855  0.030651
                             1706:  0.013764  0.018074  0.037462
                             1707:  0.009831  0.015294  0.044273
                             1708:  0.005899  0.012513  0.051084
                             1709:  0.001966  0.009732  0.057895
                             1710: -0.001966  0.006952  0.064707
                             1711: -0.005899  0.004171  0.071518
                             1712: -0.009831  0.001390  0.078329
                             1713: -0.013764 -0.001390  0.085140
                             1714: -0.017696 -0.004171  0.091952
                             1715: -0.021629 -0.006952  0.098763
                             1716: -0.025561 -0.009732  0.105574
                             1717: -0.029493 -0.012513  0.112385
                             1718: -0.033426 -0.015294  0.119197
                             1719: -0.037358 -0.018074  0.126008
                             1720: -0.041291 -0.020855  0.132819
                             1721:  0.033426  0.040320  0.003406
                             1722:  0.029494  0.037539  0.010217
                             1723:  0.025561  0.034758  0.017028
                             1724:  0.021629  0.031978  0.023839
                             1725:  0.017696  0.029197  0.030651
                             1726:  0.013764  0.026416  0.037462
                             1727:  0.009831  0.023636  0.044273
                             1728:  0.005899  0.020855  0.051084
                             1729:  0.001966  0.018074  0.057895
                             1730: -0.001966  0.015294  0.064707
                             1731: -0.005899  0.012513  0.071518
                             1732: -0.009831  0.009732  0.078329
                             1733: -0.013764  0.006952  0.085140
                             1734: -0.017696  0.004171  0.091952
                             1735: -0.021629  0.001390  0.098763
                             1736: -0.025561 -0.001390  0.105574
                             1737: -0.029493 -0.004171  0.112385
                             1738: -0.033426 -0.006952  0.119197
                             1739: -0.037358 -0.009732  0.126008
                             1740: -0.041291 -0.012513  0.132819
                             1741:  0.033426  0.048662  0.003406
                             1742:  0.029494  0.045881  0.010217
                             1743:  0.025561  0.043100  0.017028
                             1744:  0.021629  0.040320  0.023839
                             1745:  0.017696  0.037539  0.030651
                             1746:  0.013764  0.034758  0.037462
                             1747:  0.009831  0.031978  0.044273
                             1748:  0.005899  0.029197  0.051084
                             1749:  0.001966  0.026416  0.057895
                             1750: -0.001966  0.023636  0.064707
                             1751: -0.005899  0.020855  0.071518
                             1752: -0.009831  0.018074  0.078329
                             1753: -0.013764  0.015294  0.085140
                             1754: -0.017696  0.012513  0.091952
                             1755: -0.021629  0.009732  0.098763
                             1756: -0.025561  0.006952  0.105574
                             1757: -0.029493  0.004171  0.112385
                             1758: -0.033426  0.001390  0.119197
                             1759: -0.037358 -0.001390  0.126008
                             1760: -0.041291 -0.004171  0.132819
                             1761:  0.033426  0.057004  0.003406
                             1762:  0.029494  0.054223  0.010217
                             1763:  0.025561  0.051442  0.017028
                             1764:  0.021629  0.048662  0.023839
                             1765:  0.017696  0.045881  0.030651
                             1766:  0.013764  0.043100  0.037462
                             1767:  0.009831  0.040320  0.044273
                             1768:  0.005899  0.037539  0.051084
                             1769:  0.001966  0.034758  0.057895
                             1770: -0.001966  0.031978  0.064707
                             1771: -0.005899  0.029197  0.071518
                             1772: -0.009831  0.026416  0.078329
                             1773: -0.013764  0.023636  0.085140
                             1774: -0.017696  0.020855  0.091952
                             1775: -0.021629  0.018074  0.098763
                             1776: -0.025561  0.015294  0.105574
                             1777: -0.029493  0.012513  0.112385
                             1778: -0.033426  0.009732  0.119197
                             1779: -0.037358  0.006952  0.126008
                             1780: -0.041291  0.004171  0.132819
                             1781:  0.033426  0.065346  0.003406
                             1782:  0.029494  0.062565  0.010217
                             1783:  0.025561  0.059785  0.017028
                             1784:  0.021629  0.057004  0.023839
                             1785:  0.017696  0.054223  0.030651
                             1786:  0.013764  0.051442  0.037462
                             1787:  0.009831  0.048662  0.044273
                             1788:  0.005899  0.045881  0.051084
                             1789:  0.001966  0.043100  0.057895
                             1790: -0.001966  0.040320  0.064707
                             1791: -0.005899  0.037539  0.071518
                             1792: -0.009831  0.034758  0.078329
                             1793: -0.013764  0.031978  0.085140
                             1794: -0.017696  0.029197  0.091952
                             1795: -0.021629  0.026416  0.098763
                             1796: -0.025561  0.023636  0.105574
                             1797: -0.029493  0.020855  0.112385
                             1798: -0.033426  0.018074  0.119197
                             1799: -0.037358  0.015294  0.126008
                             1800: -0.041291  0.012513  0.132819
                             1801:  0.033426  0.073688  0.003406
                             1802:  0.029494  0.070907  0.010217
                             1803:  0.025561  0.068127  0.017028
                             1804:  0.021629  0.065346  0.023839
                             1805:  0.017696  0.062565  0.030651
                             1806:  0.013764  0.059785  0.037462
                             1807:  0.009831  0.057004  0.044273
                             1808:  0.005899  0.054223  0.051084
                             1809:  0.001966  0.051442  0.057895
                             1810: -0.001966  0.048662  0.064707
                             1811: -0.005899  0.045881  0.071518
                             1812: -0.009831  0.043100  0.078329
                             1813: -0.013764  0.040320  0.085140
                             1814: -0.017696  0.037539  0.091952
                             1815: -0.021629  0.034758  0.098763
                             1816: -0.025561  0.031978  0.105574
                             1817: -0.029493  0.029197  0.112385
                             1818: -0.033426  0.026416  0.119197
                             1819: -0.037358  0.023636  0.126008
                             1820: -0.041291  0.020855  0.132819
                             1821:  0.033426  0.082030  0.003406
                             1822:  0.029494  0.079249  0.010217
                             1823:  0.025561  0.076469  0.017028
                             1824:  0.021629  0.073688  0.023839
                             1825:  0.017696  0.070907  0.030651
                             1826:  0.013764  0.068127  0.037462
                             1827:  0.009831  0.065346  0.044273
                             1828:  0.005899  0.062565  0.051084
                             1829:  0.001966  0.059785  0.057895
                             1830: -0.001966  0.057004  0.064707
                             1831: -0.005899  0.054223  0.071518
                             1832: -0.009831  0.051442  0.078329
                             1833: -0.013764  0.048662  0.085140
                             1834: -0.017696  0.045881  0.091952
                             1835: -0.021629  0.043100  0.098763
                             1836: -0.025561  0.040320  0.105574
                             1837: -0.029493  0.037539  0.112385
                             1838: -0.033426  0.034758  0.119197
                             1839: -0.037358  0.031978  0.126008
                             1840: -0.041291  0.029197  0.132819
                             1841:  0.033426  0.090372  0.003406
                             1842:  0.029494  0.087591  0.010217
                             1843:  0.025561  0.084811  0.017028
                             1844:  0.021629  0.082030  0.023839
                             1845:  0.017696  0.079249  0.030651
                             1846:  0.013764  0.076469  0.037462
                             1847:  0.009831  0.073688  0.044273
                             1848:  0.005899  0.070907  0.051084
                             1849:  0.001966  0.068127  0.057895
                             1850: -0.001966  0.065346  0.064707
                             1851: -0.005899  0.062565  0.071518
                             1852: -0.009831  0.059785  0.078329
                             1853: -0.013764  0.057004  0.085140
                             1854: -0.017696  0.054223  0.091952
                             1855: -0.021629  0.051442  0.098763
                             1856: -0.025561  0.048662  0.105574
                             1857: -0.029493  0.045881  0.112385
                             1858: -0.033426  0.043100  0.119197
                             1859: -0.037358  0.040320  0.126008
                             1860: -0.041291  0.037539  0.132819
                             1861:  0.033426  0.098714  0.003406
                             1862:  0.029494  0.095933  0.010217
                             1863:  0.025561  0.093153  0.017028
                             1864:  0.021629  0.090372  0.023839
                             1865:  0.017696  0.087591  0.030651
                             1866:  0.013764  0.084811  0.037462
                             1867:  0.009831  0.082030  0.044273
                             1868:  0.005899  0.079249  0.051084
                             1869:  0.001966  0.076469  0.057895
                             1870: -0.001966  0.073688  0.064707
                             1871: -0.005899  0.070907  0.071518
                             1872: -0.009831  0.068127  0.078329
                             1873: -0.013764  0.065346  0.085140
                             1874: -0.017696  0.062565  0.091952
                             1875: -0.021629  0.059785  0.098763
                             1876: -0.025561  0.057004  0.105574
                             1877: -0.029493  0.054223  0.112385
                             1878: -0.033426  0.051443  0.119197
                             1879: -0.037358  0.048662  0.126008
                             1880: -0.041291  0.045881  0.132819
                             1881:  0.033426  0.107056  0.003406
                             1882:  0.029494  0.104275  0.010217
                             1883:  0.025561  0.101495  0.017028
                             1884:  0.021629  0.098714  0.023839
                             1885:  0.017696  0.095933  0.030651
                             1886:  0.013764  0.093153  0.037462
                             1887:  0.009831  0.090372  0.044273
                             1888:  0.005899  0.087591  0.051084
                             1889:  0.001966  0.084811  0.057895
                             1890: -0.001966  0.082030  0.064707
                             1891: -0.005899  0.079249  0.071518
                             1892: -0.009831  0.076469  0.078329
                             1893: -0.013764  0.073688  0.085140
                             1894: -0.017696  0.070907  0.091952
                             1895: -0.021629  0.068127  0.098763
                             1896: -0.025561  0.065346  0.105574
                             1897: -0.029493  0.062565  0.112385
                             1898: -0.033426  0.059785  0.119197
                             1899: -0.037358  0.057004  0.126008
                             1900: -0.041291  0.054223  0.132819
                             1901:  0.033426  0.115398  0.003406
                             1902:  0.029494  0.112617  0.010217
                             1903:  0.025561  0.109837  0.017028
                             1904:  0.021629  0.107056  0.023839
                             1905:  0.017696  0.104275  0.030651
                             1906:  0.013764  0.101495  0.037462
                             1907:  0.009831  0.098714  0.044273
                             1908:  0.005899  0.095933  0.051084
                             1909:  0.001966  0.093153  0.057895
                             1910: -0.001966  0.090372  0.064707
                             1911: -0.005899  0.087591  0.071518
                             1912: -0.009831  0.084811  0.078329
                             1913: -0.013764  0.082030  0.085140
                             1914: -0.017696  0.079249  0.091952
                             1915: -0.021629  0.076469  0.098763
                             1916: -0.025561  0.073688  0.105574
                             1917: -0.029493  0.070907  0.112385
                             1918: -0.033426  0.068127  0.119197
                             1919: -0.037358  0.065346  0.126008
                             1920: -0.041291  0.062565  0.132819
                             1921:  0.033426  0.123740  0.003406
                             1922:  0.029494  0.120959  0.010217
                             1923:  0.025561  0.118179  0.017028
                             1924:  0.021629  0.115398  0.023839
                             1925:  0.017696  0.112617  0.030651
                             1926:  0.013764  0.109837  0.037462
                             1927:  0.009831  0.107056  0.044273
                             1928:  0.005899  0.104275  0.051084
                             1929:  0.001966  0.101495  0.057895
                             1930: -0.001966  0.098714  0.064707
                             1931: -0.005899  0.095933  0.071518
                             1932: -0.009831  0.093153  0.078329
                             1933: -0.013764  0.090372  0.085140
                             1934: -0.017696  0.087591  0.091952
                             1935: -0.021629  0.084811  0.098763
                             1936: -0.025561  0.082030  0.105574
                             1937: -0.029493  0.079249  0.112385
                             1938: -0.033426  0.076469  0.119197
                             1939: -0.037358  0.073688  0.126008
                             1940: -0.041291  0.070907  0.132819
                             1941:  0.033426  0.132082  0.003406
                             1942:  0.029494  0.129301  0.010217
                             1943:  0.025561  0.126521  0.017028
                             1944:  0.021629  0.123740  0.023839
                             1945:  0.017696  0.120959  0.030651
                             1946:  0.013764  0.118179  0.037462
                             1947:  0.009831  0.115398  0.044273
                             1948:  0.005899  0.112617  0.051084
                             1949:  0.001966  0.109837  0.057895
                             1950: -0.001966  0.107056  0.064707
                             1951: -0.005899  0.104275  0.071518
                             1952: -0.009831  0.101495  0.078329
                             1953: -0.013764  0.098714  0.085140
                             1954: -0.017696  0.095933  0.091952
                             1955: -0.021629  0.093153  0.098763
                             1956: -0.025561  0.090372  0.105574
                             1957: -0.029493  0.087591  0.112385
                             1958: -0.033426  0.084811  0.119197
                             1959: -0.037358  0.082030  0.126008
                             1960: -0.041291  0.079249  0.132819
                             1961:  0.033426  0.140424  0.003406
                             1962:  0.029494  0.137643  0.010217
                             1963:  0.025561  0.134863  0.017028
                             1964:  0.021629  0.132082  0.023839
                             1965:  0.017696  0.129301  0.030651
                             1966:  0.013764  0.126521  0.037462
                             1967:  0.009831  0.123740  0.044273
                             1968:  0.005899  0.120959  0.051084
                             1969:  0.001966  0.118179  0.057895
                             1970: -0.001966  0.115398  0.064707
                             1971: -0.005899  0.112617  0.071518
                             1972: -0.009831  0.109837  0.078329
                             1973: -0.013764  0.107056  0.085140
                             1974: -0.017696  0.104275  0.091952
                             1975: -0.021629  0.101495  0.098763
                             1976: -0.025561  0.098714  0.105574
                             1977: -0.029493  0.095933  0.112385
                             1978: -0.033426  0.093153  0.119197
                             1979: -0.037358  0.090372  0.126008
                             1980: -0.041291  0.087591  0.132819
                             1981:  0.033426  0.148766  0.003406
                             1982:  0.029494  0.145985  0.010217
                             1983:  0.025561  0.143205  0.017028
                             1984:  0.021629  0.140424  0.023839
                             1985:  0.017696  0.137643  0.030651
                             1986:  0.013764  0.134863  0.037462
                             1987:  0.009831  0.132082  0.044273
                             1988:  0.005899  0.129301  0.051084
                             1989:  0.001966  0.126521  0.057895
                             1990: -0.001966  0.123740  0.064707
                             1991: -0.005899  0.120959  0.071518
                             1992: -0.009831  0.118179  0.078329
                             1993: -0.013764  0.115398  0.085140
                             1994: -0.017696  0.112617  0.091952
                             1995: -0.021629  0.109837  0.098763
                             1996: -0.025561  0.107056  0.105574
                             1997: -0.029493  0.104275  0.112385
                             1998: -0.033426  0.101495  0.119197
                             1999: -0.037358  0.098714  0.126008
                             2000: -0.041291  0.095933  0.132819
                             2001:  0.041291 -0.012513  0.003406
                             2002:  0.037358 -0.015294  0.010217
                             2003:  0.033426 -0.018074  0.017028
                             2004:  0.029494 -0.020855  0.023839
                             2005:  0.025561 -0.023636  0.030651
                             2006:  0.021629 -0.026416  0.037462
                             2007:  0.017696 -0.029197  0.044273
                             2008:  0.013764 -0.031978  0.051084
                             2009:  0.009831 -0.034758  0.057895
                             2010:  0.005899 -0.037539  0.064707
                             2011:  0.001966 -0.040320  0.071518
                             2012: -0.001966 -0.043100  0.078329
                             2013: -0.005899 -0.045881  0.085140
                             2014: -0.009831 -0.048662  0.091952
                             2015: -0.013764 -0.051442  0.098763
                             2016: -0.017696 -0.054223  0.105574
                             2017: -0.021629 -0.057004  0.112385
                             2018: -0.025561 -0.059784  0.119197
                             2019: -0.029493 -0.062565  0.126008
                             2020: -0.033426 -0.065346  0.132819
                             2021:  0.041291 -0.004171  0.003406
                             2022:  0.037358 -0.006952  0.010217
                             2023:  0.033426 -0.009732  0.017028
                             2024:  0.029494 -0.012513  0.023839
                             2025:  0.025561 -0.015294  0.030651
                             2026:  0.021629 -0.018074  0.037462
                             2027:  0.017696 -0.020855  0.044273
                             2028:  0.013764 -0.023636  0.051084
                             2029:  0.009831 -0.026416  0.057895
                             2030:  0.005899 -0.029197  0.064707
                             2031:  0.001966 -0.031978  0.071518
                             2032: -0.001966 -0.034758  0.078329
                             2033: -0.005899 -0.037539  0.085140
                             2034: -0.009831 -0.040320  0.091952
                             2035: -0.013764 -0.043100  0.098763
                             2036: -0.017696 -0.045881  0.105574
                             2037: -0.021629 -0.048662  0.112385
                             2038: -0.025561 -0.051442  0.119197
                             2039: -0.029493 -0.054223  0.126008
                             2040: -0.033426 -0.057004  0.132819
                             2041:  0.041291  0.004171  0.003406
                             2042:  0.037358  0.001390  0.010217
                             2043:  0.033426 -0.001390  0.017028
                             2044:  0.029494 -0.004171  0.023839
                             2045:  0.025561 -0.006952  0.030651
                             2046:  0.021629 -0.009732  0.037462
                             2047:  0.017696 -0.012513  0.044273
                             2048:  0.013764 -0.015294  0.051084
                             2049:  0.009831 -0.018074  0.057895
                             2050:  0.005899 -0.020855  0.064707
                             2051:  0.001966 -0.023636  0.071518
                             2052: -0.001966 -0.026416  0.078329
                             2053: -0.005899 -0.029197  0.085140
                             2054: -0.009831 -0.031978  0.091952
                             2055: -0.013764 -0.034758  0.098763
                             2056: -0.017696 -0.037539  0.105574
                             2057: -0.021629 -0.040320  0.112385
                             2058: -0.025561 -0.043100  0.119197
                             2059: -0.029493 -0.045881  0.126008
                             2060: -0.033426 -0.048662  0.132819
                             2061:  0.041291  0.012513  0.003406
                             2062:  0.037358  0.009732  0.010217
                             2063:  0.033426  0.006952  0.017028
                             2064:  0.029494  0.004171  0.023839
                             2065:  0.025561  0.001390  0.030651
                             2066:  0.021629 -0.001390  0.037462
                             2067:  0.017696 -0.004171  0.044273
                             2068:  0.013764 -0.006952  0.051084
                             2069:  0.009831 -0.009732  0.057895
                             2070:  0.005899 -0.012513  0.064707
                             2071:  0.001966 -0.015294  0.071518
                             2072: -0.001966 -0.018074  0.078329
                             2073: -0.005899 -0.020855  0.085140
                             2074: -0.009831 -0.023636  0.091952
                             2075: -0.013764 -0.026416  0.098763
                             2076: -0.017696 -0.029197  0.105574
                             2077: -0.021629 -0.031978  0.112385
                             2078: -0.025561 -0.034758  0.119197
                             2079: -0.029493 -0.037539  0.126008
                             2080: -0.033426 -0.040320  0.132819
                             2081:  0.041291  0.020855  0.003406
                             2082:  0.037358  0.018074  0.010217
                             2083:  0.033426  0.015294  0.017028
                             2084:  0.029494  0.012513  0.023839
                             2085:  0.025561  0.009732  0.030651
                             2086:  0.021629  0.006952  0.037462
                             2087:  0.017696  0.004171  0.044273
                             2088:  0.013764  0.001390  0.051084
                             2089:  0.009831 -0.001390  0.057895
                             2090:  0.005899 -0.004171  0.064707
                             2091:  0.001966 -0.006952  0.071518
                             2092: -0.001966 -0.009732  0.078329
                             2093: -0.005899 -0.012513  0.085140
                             2094: -0.009831 -0.015294  0.091952
                             2095: -0.013764 -0.018074  0.098763
                             2096: -0.017696 -0.020855  0.105574
                             2097: -0.021629 -0.023636  0.112385
                             2098: -0.025561 -0.026416  0.119197
                             2099: -0.029493 -0.029197  0.126008
                             2100: -0.033426 -0.031978  0.132819
                             2101:  0.041291  0.029197  0.003406
                             2102:  0.037358  0.026416  0.010217
                             2103:  0.033426  0.023636  0.017028
                             2104:  0.029494  0.020855  0.023839
                             2105:  0.025561  0.018074  0.030651
                             2106:  0.021629  0.015294  0.037462
                             2107:  0.017696  0.012513  0.044273
                             2108:  0.013764  0.009732  0.051084
                             2109:  0.009831  0.006952  0.057895
                             2110:  0.005899  0.004171  0.064707
                             2111:  0.001966  0.001390  0.071518
                             2112: -0.001966 -0.001390  0.078329
                             2113: -0.005899 -0.004171  0.085140
                             2114: -0.009831 -0.006952  0.091952
                             2115: -0.013764 -0.009732  0.098763
                             2116: -0.017696 -0.012513  0.105574
                             2117: -0.021629 -0.015294  0.112385
                             2118: -0.025561 -0.018074  0.119197
                             2119: -0.029493 -0.020855  0.126008
                             2120: -0.033426 -0.023636  0.132819
                             2121:  0.041291  0.037539  0.003406
                             2122:  0.037358  0.034758  0.010217
                             2123:  0.033426  0.031978  0.017028
                             2124:  0.029494  0.029197  0.023839
                             2125:  0.025561  0.026416  0.030651
                             2126:  0.021629  0.023636  0.037462
                             2127:  0.017696  0.020855  0.044273
                             2128:  0.013764  0.018074  0.051084
                             2129:  0.009831  0.015294  0.057895
                             2130:  0.005899  0.012513  0.064707
                             2131:  0.001966  0.009732  0.071518
                             2132: -0.001966  0.006952  0.078329
                             2133: -0.005899  0.004171  0.085140
                             2134: -0.009831  0.001390  0.091952
                             2135: -0.013764 -0.001390  0.098763
                             2136: -0.017696 -0.004171  0.105574
                             2137: -0.021629 -0.006952  0.112385
                             2138: -0.025561 -0.009732  0.119197
                             2139: -0.029493 -0.012513  0.126008
                             2140: -0.033426 -0.015294  0.132819
                             2141:  0.041291  0.045881  0.003406
                             2142:  0.037358  0.043100  0.010217
                             2143:  0.033426  0.040320  0.017028
                             2144:  0.029494  0.037539  0.023839
                             2145:  0.025561  0.034758  0.030651
                             2146:  0.021629  0.031978  0.037462
                             2147:  0.017696  0.029197  0.044273
                             2148:  0.013764  0.026416  0.051084
                             2149:  0.009831  0.023636  0.057895
                             2150:  0.005899  0.020855  0.064707
                             2151:  0.001966  0.018074  0.071518
                             2152: -0.001966  0.015294  0.078329
                             2153: -0.005899  0.012513  0.085140
                             2154: -0.009831  0.009732  0.091952
                             2155: -0.013764  0.006952  0.098763
                             2156: -0.017696  0.004171  0.105574
                             2157: -0.021629  0.001390  0.112385
                             2158: -0.025561 -0.001390  0.119197
                             2159: -0.029493 -0.004171  0.126008
                             2160: -0.033426 -0.006952  0.132819
                             2161:  0.041291  0.054223  0.003406
                             2162:  0.037358  0.051442  0.010217
                             2163:  0.033426  0.048662  0.017028
                             2164:  0.029494  0.045881  0.023839
                             2165:  0.025561  0.043100  0.030651
                             2166:  0.021629  0.040320  0.037462
                             2167:  0.017696  0.037539  0.044273
                             2168:  0.013764  0.034758  0.051084
                             2169:  0.009831  0.031978  0.057895
                             2170:  0.005899  0.029197  0.064707
                             2171:  0.001966  0.026416  0.071518
                             2172: -0.001966  0.023636  0.078329
                             2173: -0.005899  0.020855  0.085140
                             2174: -0.009831  0.018074  0.091952
                             2175: -0.013764  0.015294  0.098763
                             2176: -0.017696  0.012513  0.105574
                             2177: -0.021629  0.009732  0.112385
                             2178: -0.025561  0.006952  0.119197
                             2179: -0.029493  0.004171  0.126008
                             2180: -0.033426  0.001390  0.132819
                             2181:  0.041291  0.062565  0.003406
                             2182:  0.037358  0.059785  0.010217
                             2183:  0.033426  0.057004  0.017028
                             2184:  0.029494  0.054223  0.023839
                             2185:  0.025561  0.051442  0.030651
                             2186:  0.021629  0.048662  0.037462
                             2187:  0.017696  0.045881  0.044273
                             2188:  0.013764  0.043100  0.051084
                             2189:  0.009831  0.040320  0.057895
                             2190:  0.005899  0.037539  0.064707
                             2191:  0.001966  0.034758  0.071518
                             2192: -0.001966  0.031978  0.078329
                             2193: -0.005899  0.029197  0.085140
                             2194: -0.009831  0.026416  0.091952
                             2195: -0.013764  0.023636  0.098763
                             2196: -0.017696  0.020855  0.105574
                             2197: -0.021629  0.018074  0.112385
                             2198: -0.025561  0.015294  0.119197
                             2199: -0.029493  0.012513  0.126008
                             2200: -0.033426  0.009732  0.132819
                             2201:  0.041291  0.070907  0.003406
                             2202:  0.037358  0.068127  0.010217
                             2203:  0.033426  0.065346  0.017028
                             2204:  0.029494  0.062565  0.023839
                             2205:  0.025561  0.059785  0.030651
                             2206:  0.021629  0.057004  0.037462
                             2207:  0.017696  0.054223  0.044273
                             2208:  0.013764  0.051442  0.051084
                             2209:  0.009831  0.048662  0.057895
                             2210:  0.005899  0.045881  0.064707
                             2211:  0.001966  0.043100  0.071518
                             2212: -0.001966  0.040320  0.078329
                             2213: -0.005899  0.037539  0.085140
                             2214: -0.009831  0.034758  0.091952
                             2215: -0.013764  0.031978  0.098763
                             2216: -0.017696  0.029197  0.105574
                             2217: -0.021629  0.026416  0.112385
                             2218: -0.025561  0.023636  0.119197
                             2219: -0.029493  0.020855  0.126008
                             2220: -0.033426  0.018074  0.132819
                             2221:  0.041291  0.079249  0.003406
                             2222:  0.037358  0.076469  0.010217
                             2223:  0.033426  0.073688  0.017028
                             2224:  0.029494  0.070907  0.023839
                             2225:  0.025561  0.068127  0.030651
                             2226:  0.021629  0.065346  0.037462
                             2227:  0.017696  0.062565  0.044273
                             2228:  0.013764  0.059785  0.051084
                             2229:  0.009831  0.057004  0.057895
                             2230:  0.005899  0.054223  0.064707
                             2231:  0.001966  0.051442  0.071518
                             2232: -0.001966  0.048662  0.078329
                             2233: -0.005899  0.045881  0.085140
                             2234: -0.009831  0.043100  0.091952
                             2235: -0.013764  0.040320  0.098763
                             2236: -0.017696  0.037539  0.105574
                             2237: -0.021629  0.034758  0.112385
                             2238: -0.025561  0.031978  0.119197
                             2239: -0.029493  0.029197  0.126008
                             2240: -0.033426  0.026416  0.132819
                             2241:  0.041291  0.087591  0.003406
                             2242:  0.037358  0.084811  0.010217
                             2243:  0.033426  0.082030  0.017028
                             2244:  0.029494  0.079249  0.023839
                             2245:  0.025561  0.076469  0.030651
                             2246:  0.021629  0.073688  0.037462
                             2247:  0.017696  0.070907  0.044273
                             2248:  0.013764  0.068127  0.051084
                             2249:  0.009831  0.065346  0.057895
                             2250:  0.005899  0.062565  0.064707
                             2251:  0.001966  0.059785  0.071518
                             2252: -0.001966  0.057004  0.078329
                             2253: -0.005899  0.054223  0.085140
                             2254: -0.009831  0.051442  0.091952
                             2255: -0.013764  0.048662  0.098763
                             2256: -0.017696  0.045881  0.105574
                             2257: -0.021629  0.043100  0.112385
                             2258: -0.025561  0.040320  0.119197
                             2259: -0.029493  0.037539  0.126008
                             2260: -0.033426  0.034758  0.132819
                             2261:  0.041291  0.095933  0.003406
                             2262:  0.037358  0.093153  0.010217
                             2263:  0.033426  0.090372  0.017028
                             2264:  0.029494  0.087591  0.023839
                             2265:  0.025561  0.084811  0.030651
                             2266:  0.021629  0.082030  0.037462
                             2267:  0.017696  0.079249  0.044273
                             2268:  0.013764  0.076469  0.051084
                             2269:  0.009831  0.073688  0.057895
                             2270:  0.005899  0.070907  0.064707
                             2271:  0.001966  0.068127  0.071518
                             2272: -0.001966  0.065346  0.078329
                             2273: -0.005899  0.062565  0.085140
                             2274: -0.009831  0.059785  0.091952
                             2275: -0.013764  0.057004  0.098763
                             2276: -0.017696  0.054223  0.105574
                             2277: -0.021629  0.051443  0.112385
                             2278: -0.025561  0.048662  0.119197
                             2279: -0.029493  0.045881  0.126008
                             2280: -0.033426  0.043100  0.132819
                             2281:  0.041291  0.104275  0.003406
                             2282:  0.037358  0.101495  0.010217
                             2283:  0.033426  0.098714  0.017028
                             2284:  0.029494  0.095933  0.023839
                             2285:  0.025561  0.093153  0.030651
                             2286:  0.021629  0.090372  0.037462
                             2287:  0.017696  0.087591  0.044273
                             2288:  0.013764  0.084811  0.051084
                             2289:  0.009831  0.082030  0.057895
                             2290:  0.005899  0.079249  0.064707
                             2291:  0.001966  0.076469  0.071518
                             2292: -0.001966  0.073688  0.078329
                             2293: -0.005899  0.070907  0.085140
                             2294: -0.009831  0.068127  0.091952
                             2295: -0.013764  0.065346  0.098763
                             2296: -0.017696  0.062565  0.105574
                             2297: -0.021629  0.059785  0.112385
                             2298: -0.025561  0.057004  0.119197
                             2299: -0.029493  0.054223  0.126008
                             2300: -0.033426  0.051443  0.132819
                             2301:  0.041291  0.112617  0.003406
                             2302:  0.037358  0.109837  0.010217
                             2303:  0.033426  0.107056  0.017028
                             2304:  0.029494  0.104275  0.023839
                             2305:  0.025561  0.101495  0.030651
                             2306:  0.021629  0.098714  0.037462
                             2307:  0.017696  0.095933  0.044273
                             2308:  0.013764  0.093153  0.051084
                             2309:  0.009831  0.090372  0.057895
                             2310:  0.005899  0.087591  0.064707
                             2311:  0.001966  0.084811  0.071518
                             2312: -0.001966  0.082030  0.078329
                             2313: -0.005899  0.079249  0.085140
                             2314: -0.009831  0.076469  0.091952
                             2315: -0.013764  0.073688  0.098763
                             2316: -0.017696  0.070907  0.105574
                             2317: -0.021629  0.068127  0.112385
                             2318: -0.025561  0.065346  0.119197
                             2319: -0.029493  0.062565  0.126008
                             2320: -0.033426  0.059785  0.132819
                             2321:  0.041291  0.120959  0.003406
                             2322:  0.037358  0.118179  0.010217
                             2323:  0.033426  0.115398  0.017028
                             2324:  0.029494  0.112617  0.023839
                             2325:  0.025561  0.109837  0.030651
                             2326:  0.021629  0.107056  0.037462
                             2327:  0.017696  0.104275  0.044273
                             2328:  0.013764  0.101495  0.051084
                             2329:  0.009831  0.098714  0.057895
                             2330:  0.005899  0.095933  0.064707
                             2331:  0.001966  0.093153  0.071518
                             2332: -0.001966  0.090372  0.078329
                             2333: -0.005899  0.087591  0.085140
                             2334: -0.009831  0.084811  0.091952
                             2335: -0.013764  0.082030  0.098763
                             2336: -0.017696  0.079249  0.105574
                             2337: -0.021629  0.076469  0.112385
                             2338: -0.025561  0.073688  0.119197
                             2339: -0.029493  0.070907  0.126008
                             2340: -0.033426  0.068127  0.132819
                             2341:  0.041291  0.129301  0.003406
                             2342:  0.037358  0.126521  0.010217
                             2343:  0.033426  0.123740  0.017028
                             2344:  0.029494  0.120959  0.023839
                             2345:  0.025561  0.118179  0.030651
                             2346:  0.021629  0.115398  0.037462
                             2347:  0.017696  0.112617  0.044273
                             2348:  0.013764  0.109837  0.051084
                             2349:  0.009831  0.107056  0.057895
                             2350:  0.005899  0.104275  0.064707
                             2351:  0.001966  0.101495  0.071518
                             2352: -0.001966  0.098714  0.078329
                             2353: -0.005899  0.095933  0.085140
                             2354: -0.009831  0.093153  0.091952
                             2355: -0.013764  0.090372  0.098763
                             2356: -0.017696  0.087591  0.105574
                             2357: -0.021629  0.084811  0.112385
                             2358: -0.025561  0.082030  0.119197
                             2359: -0.029493  0.079249  0.126008
                             2360: -0.033426  0.076469  0.132819
                             2361:  0.041291  0.137643  0.003406
                             2362:  0.037358  0.134863  0.010217
                             2363:  0.033426  0.132082  0.017028
                             2364:  0.029494  0.129301  0.023839
                             2365:  0.025561  0.126521  0.030651
                             2366:  0.021629  0.123740  0.037462
                             2367:  0.017696  0.120959  0.044273
                             2368:  0.013764  0.118179  0.051084
                             2369:  0.009831  0.115398  0.057895
                             2370:  0.005899  0.112617  0.064707
                             2371:  0.001966  0.109837  0.071518
                             2372: -0.001966  0.107056  0.078329
                             2373: -0.005899  0.104275  0.085140
                             2374: -0.009831  0.101495  0.091952
                             2375: -0.013764  0.098714  0.098763
                             2376: -0.017696  0.095933  0.105574
                             2377: -0.021629  0.093153  0.112385
                             2378: -0.025561  0.090372  0.119197
                             2379: -0.029493  0.087591  0.126008
                             2380: -0.033426  0.084811  0.132819
                             2381:  0.041291  0.145985  0.003406
                             2382:  0.037358  0.143205  0.010217
                             2383:  0.033426  0.140424  0.017028
                             2384:  0.029494  0.137643  0.023839
                             2385:  0.025561  0.134863  0.030651
                             2386:  0.021629  0.132082  0.037462
                             2387:  0.017696  0.129301  0.044273
                             2388:  0.013764  0.126521  0.051084
                             2389:  0.009831  0.123740  0.057895
                             2390:  0.005899  0.120959  0.064707
                             2391:  0.001966  0.118179  0.071518
                             2392: -0.001966  0.115398  0.078329
                             2393: -0.005899  0.112617  0.085140
                             2394: -0.009831  0.109837  0.091952
                             2395: -0.013764  0.107056  0.098763
                             2396: -0.017696  0.104275  0.105574
                             2397: -0.021629  0.101495  0.112385
                             2398: -0.025561  0.098714  0.119197
                             2399: -0.029493  0.095933  0.126008
                             2400: -0.033426  0.093153  0.132819
                             2401:  0.049156 -0.015294  0.003406
                             2402:  0.045223 -0.018074  0.010217
                             2403:  0.041291 -0.020855  0.017028
                             2404:  0.037358 -0.023636  0.023839
                             2405:  0.033426 -0.026416  0.030651
                             2406:  0.029494 -0.029197  0.037462
                             2407:  0.025561 -0.031978  0.044273
                             2408:  0.021629 -0.034758  0.051084
                             2409:  0.017696 -0.037539  0.057895
                             2410:  0.013764 -0.040320  0.064707
                             2411:  0.009831 -0.043100  0.071518
                             2412:  0.005899 -0.045881  0.078329
                             2413:  0.001966 -0.048662  0.085140
                             2414: -0.001966 -0.051442  0.091952
                             2415: -0.005899 -0.054223  0.098763
                             2416: -0.009831 -0.057004  0.105574
                             2417: -0.013764 -0.059784  0.112385
                             2418: -0.017696 -0.062565  0.119197
                             2419: -0.021629 -0.065346  0.126008
                             2420: -0.025561 -0.068126  0.132819
                             2421:  0.049156 -0.006952  0.003406
                             2422:  0.045223 -0.009732  0.010217
                             2423:  0.041291 -0.012513  0.017028
                             2424:  0.037358 -0.015294  0.023839
                             2425:  0.033426 -0.018074  0.030651
                             2426:  0.029494 -0.020855  0.037462
                             2427:  0.025561 -0.023636  0.044273
                             2428:  0.021629 -0.026416  0.051084
                             2429:  0.017696 -0.029197  0.057895
                             2430:  0.013764 -0.031978  0.064707
                             2431:  0.009831 -0.034758  0.071518
                             2432:  0.005899 -0.037539  0.078329
                             2433:  0.001966 -0.040320  0.085140
                             2434: -0.001966 -0.043100  0.091952
                             2435: -0.005899 -0.045881  0.098763
                             2436: -0.009831 -0.048662  0.105574
                             2437: -0.013764 -0.051442  0.112385
                             2438: -0.017696 -0.054223  0.119197
                             2439: -0.021629 -0.057004  0.126008
                             2440: -0.025561 -0.059784  0.132819
                             2441:  0.049156  0.001390  0.003406
                             2442:  0.045223 -0.001390  0.010217
                             2443:  0.041291 -0.004171  0.017028
                             2444:  0.037358 -0.006952  0.023839
                             2445:  0.033426 -0.009732  0.030651
                             2446:  0.029494 -0.012513  0.037462
                             2447:  0.025561 -0.015294  0.044273
                             2448:  0.021629 -0.018074  0.051084
                             2449:  0.017696 -0.020855  0.057895
                             2450:  0.013764 -0.023636  0.064707
                             2451:  0.009831 -0.026416  0.071518
                             2452:  0.005899 -0.029197  0.078329
                             2453:  0.001966 -0.031978  0.085140
                             2454: -0.001966 -0.034758  0.091952
                             2455: -0.005899 -0.037539  0.098763
                             2456: -0.009831 -0.040320  0.105574
                             2457: -0.013764 -0.043100  0.112385
                             2458: -0.017696 -0.045881  0.119197
                             2459: -0.021629 -0.048662  0.126008
                             2460: -0.025561 -0.051442  0.132819
                             2461:  0.049156  0.009732  0.003406
                             2462:  0.045223  0.006952  0.010217
                             2463:  0.041291  0.004171  0.017028
                             2464:  0.037358  0.001390  0.023839
                             2465:  0.033426 -0.001390  0.030651
                             2466:  0.029494 -0.004171  0.037462
                             2467:  0.025561 -0.006952  0.044273
                             2468:  0.021629 -0.009732  0.051084
                             2469:  0.017696 -0.012513  0.057895
                             2470:  0.013764 -0.015294  0.064707
                             2471:  0.009831 -0.018074  0.071518
                             2472:  0.005899 -0.020855  0.078329
                             2473:  0.001966 -0.023636  0.085140
                             2474: -0.001966 -0.026416  0.091952
                             2475: -0.005899 -0.029197  0.098763
                             2476: -0.009831 -0.031978  0.105574
                             2477: -0.013764 -0.034758  0.112385
                             2478: -0.017696 -0.037539  0.119197
                             2479: -0.021629 -0.040320  0.126008
                             2480: -0.025561 -0.043100  0.132819
                             2481:  0.049156  0.018074  0.003406
                             2482:  0.045223  0.015294  0.010217
                             2483:  0.041291  0.012513  0.017028
                             2484:  0.037358  0.009732  0.023839
                             2485:  0.033426  0.006952  0.030651
                             2486:  0.029494  0.004171  0.037462
                             2487:  0.025561  0.001390  0.044273
                             2488:  0.021629 -0.001390  0.051084
                             2489:  0.017696 -0.004171  0.057895
                             2490:  0.013764 -0.006952  0.064707
                             2491:  0.009831 -0.009732  0.071518
                             2492:  0.005899 -0.012513  0.078329
                             2493:  0.001966 -0.015294  0.085140
                             2494: -0.001966 -0.018074  0.091952
                             2495: -0.005899 -0.020855  0.098763
                             2496: -0.009831 -0.023636  0.105574
                             2497: -0.013764 -0.026416  0.112385
                             2498: -0.017696 -0.029197  0.119197
                             2499: -0.021629 -0.031978  0.126008
                             2500: -0.025561 -0.034758  0.132819
                             2501:  0.049156  0.026416  0.003406
                             2502:  0.045223  0.023636  0.010217
                             2503:  0.041291  0.020855  0.017028
                             2504:  0.037358  0.018074  0.023839
                             2505:  0.033426  0.015294  0.030651
                             2506:  0.029494  0.012513  0.037462
                             2507:  0.025561  0.009732  0.044273
                             2508:  0.021629  0.006952  0.051084
                             2509:  0.017696  0.004171  0.057895
                             2510:  0.013764  0.001390  0.064707
                             2511:  0.009831 -0.001390  0.071518
                             2512:  0.005899 -0.004171  0.078329
                             2513:  0.001966 -0.006952  0.085140
                             2514: -0.001966 -0.009732  0.091952
                             2515: -0.005899 -0.012513  0.098763
                             2516: -0.009831 -0.015294  0.105574
                             2517: -0.013764 -0.018074  0.112385
                             2518: -0.017696 -0.020855  0.119197
                             2519: -0.021629 -0.023636  0.126008
                             2520: -0.025561 -0.026416  0.132819
                             2521:  0.049156  0.034758  0.003406
                             2522:  0.045223  0.031978  0.010217
                             2523:  0.041291  0.029197  0.017028
                             2524:  0.037358  0.026416  0.023839
                             2525:  0.033426  0.023636  0.030651
                             2526:  0.029494  0.020855  0.037462
                             2527:  0.025561  0.018074  0.044273
                             2528:  0.021629  0.015294  0.051084
                             2529:  0.017696  0.012513  0.057895
                             2530:  0.013764  0.009732  0.064707
                             2531:  0.009831  0.006952  0.071518
                             2532:  0.005899  0.004171  0.078329
                             2533:  0.001966  0.001390  0.085140
                             2534: -0.001966 -0.001390  0.091952
                             2535: -0.005899 -0.004171  0.098763
                             2536: -0.009831 -0.006952  0.105574
                             2537: -0.013764 -0.009732  0.112385
                             2538: -0.017696 -0.012513  0.119197
                             2539: -0.021629 -0.015294  0.126008
                             2540: -0.025561 -0.018074  0.132819
                             2541:  0.049156  0.043100  0.003406
                             2542:  0.045223  0.040320  0.010217
                             2543:  0.041291  0.037539  0.017028
                             2544:  0.037358  0.034758  0.023839
                             2545:  0.033426  0.031978  0.030651
                             2546:  0.029494  0.029197  0.037462
                             2547:  0.025561  0.026416  0.044273
                             2548:  0.021629  0.023636  0.051084
                             2549:  0.017696  0.020855  0.057895
                             2550:  0.013764  0.018074  0.064707
                             2551:  0.009831  0.015294  0.071518
                             2552:  0.005899  0.012513  0.078329
                             2553:  0.001966  0.009732  0.085140
                             2554: -0.001966  0.006952  0.091952
                             2555: -0.005899  0.004171  0.098763
                             2556: -0.009831  0.001390  0.105574
                             2557: -0.013764 -0.001390  0.112385
                             2558: -0.017696 -0.004171  0.119197
                             2559: -0.021629 -0.006952  0.126008
                             2560: -0.025561 -0.009732  0.132819
                             2561:  0.049156  0.051442  0.003406
                             2562:  0.045223  0.048662  0.010217
                             2563:  0.041291  0.045881  0.017028
                             2564:  0.037358  0.043100  0.023839
                             2565:  0.033426  0.040320  0.030651
                             2566:  0.029494  0.037539  0.037462
                             2567:  0.025561  0.034758  0.044273
                             2568:  0.021629  0.031978  0.051084
                             2569:  0.017696  0.029197  0.057895
                             2570:  0.013764  0.026416  0.064707
                             2571:  0.009831  0.023636  0.071518
                             2572:  0.005899  0.020855  0.078329
                             2573:  0.001966  0.018074  0.085140
                             2574: -0.001966  0.015294  0.091952
                             2575: -0.005899  0.012513  0.098763
                             2576: -0.009831  0.009732  0.105574
                             2577: -0.013764  0.006952  0.112385
                             2578: -0.017696  0.004171  0.119197
                             2579: -0.021629  0.001390  0.126008
                             2580: -0.025561 -0.001390  0.132819
                             2581:  0.049156  0.059785  0.003406
                             2582:  0.045223  0.057004  0.010217
                             2583:  0.041291  0.054223  0.017028
                             2584:  0.037358  0.051442  0.023839
                             2585:  0.033426  0.048662  0.030651
                             2586:  0.029494  0.045881  0.037462
                             2587:  0.025561  0.043100  0.044273
                             2588:  0.021629  0.040320  0.051084
                             2589:  0.017696  0.037539  0.057895
                             2590:  0.013764  0.034758  0.064707
                             2591:  0.009831  0.031978  0.071518
                             2592:  0.005899  0.029197  0.078329
                             2593:  0.001966  0.026416  0.085140
                             2594: -0.001966  0.023636  0.091952
                             2595: -0.005899  0.020855  0.098763
                             2596: -0.009831  0.018074  0.105574
                             2597: -0.013764  0.015294  0.112385
                             2598: -0.017696  0.012513  0.119197
                             2599: -0.021629  0.009732  0.126008
                             2600: -0.025561  0.006952  0.132819
                             2601:  0.049156  0.068127  0.003406
                             2602:  0.045223  0.065346  0.010217
                             2603:  0.041291  0.062565  0.017028
                             2604:  0.037358  0.059785  0.023839
                             2605:  0.033426  0.057004  0.030651
                             2606:  0.029494  0.054223  0.037462
                             2607:  0.025561  0.051442  0.044273
                             2608:  0.021629  0.048662  0.051084
                             2609:  0.017696  0.045881  0.057895
                             2610:  0.013764  0.043100  0.064707
                             2611:  0.009831  0.040320  0.071518
                             2612:  0.005899  0.037539  0.078329
                             2613:  0.001966  0.034758  0.085140
                             2614: -0.001966  0.031978  0.091952
                             2615: -0.005899  0.029197  0.098763
                             2616: -0.009831  0.026416  0.105574
                             2617: -0.013764  0.023636  0.112385
                             2618: -0.017696  0.020855  0.119197
                             2619: -0.021629  0.018074  0.126008
                             2620: -0.025561  0.015294  0.132819
                             2621:  0.049156  0.076469  0.003406
                             2622:  0.045223  0.073688  0.010217
                             2623:  0.041291  0.070907  0.017028
                             2624:  0.037358  0.068127  0.023839
                             2625:  0.033426  0.065346  0.030651
                             2626:  0.029494  0.062565  0.037462
                             2627:  0.025561  0.059785  0.044273
                             2628:  0.021629  0.057004  0.051084
                             2629:  0.017696  0.054223  0.057895
                             2630:  0.013764  0.051442  0.064707
                             2631:  0.009831  0.048662  0.071518
                             2632:  0.005899  0.045881  0.078329
                             2633:  0.001966  0.043100  0.085140
                             2634: -0.001966  0.040320  0.091952
                             2635: -0.005899  0.037539  0.098763
                             2636: -0.009831  0.034758  0.105574
                             2637: -0.013764  0.031978  0.112385
                             2638: -0.017696  0.029197  0.119197
                             2639: -0.021629  0.026416  0.126008
                             2640: -0.025561  0.023636  0.132819
                             2641:  0.049156  0.084811  0.003406
                             2642:  0.045223  0.082030  0.010217
                             2643:  0.041291  0.079249  0.017028
                             2644:  0.037358  0.076469  0.023839
                             2645:  0.033426  0.073688  0.030651
                             2646:  0.029494  0.070907  0.037462
                             2647:  0.025561  0.068127  0.044273
                             2648:  0.021629  0.065346  0.051084
                             2649:  0.017696  0.062565  0.057895
                             2650:  0.013764  0.059785  0.064707
                             2651:  0.009831  0.057004  0.071518
                             2652:  0.005899  0.054223  0.078329
                             2653:  0.001966  0.051442  0.085140
                             2654: -0.001966  0.048662  0.091952
                             2655: -0.005899  0.045881  0.098763
                             2656: -0.009831  0.043100  0.105574
                             2657: -0.013764  0.040320  0.112385
                             2658: -0.017696  0.037539  0.119197
                             2659: -0.021629  0.034758  0.126008
                             2660: -0.025561  0.031978  0.132819
                             2661:  0.049156  0.093153  0.003406
                             2662:  0.045223  0.090372  0.010217
                             2663:  0.041291  0.087591  0.017028
                             2664:  0.037358  0.084811  0.023839
                             2665:  0.033426  0.082030  0.030651
                             2666:  0.029494  0.079249  0.037462
                             2667:  0.025561  0.076469  0.044273
                             2668:  0.021629  0.073688  0.051084
                             2669:  0.017696  0.070907  0.057895
                             2670:  0.013764  0.068127  0.064707
                             2671:  0.009831  0.065346  0.071518
                             2672:  0.005899  0.062565  0.078329
                             2673:  0.001966  0.059785  0.085140
                             2674: -0.001966  0.057004  0.091952
                             2675: -0.005899  0.054223  0.098763
                             2676: -0.009831  0.051442  0.105574
                             2677: -0.013764  0.048662  0.112385
                             2678: -0.017696  0.045881  0.119197
                             2679: -0.021629  0.043100  0.126008
                             2680: -0.025561  0.040320  0.132819
                             2681:  0.049156  0.101495  0.003406
                             2682:  0.045223  0.098714  0.010217
                             2683:  0.041291  0.095933  0.017028
                             2684:  0.037358  0.093153  0.023839
                             2685:  0.033426  0.090372  0.030651
                             2686:  0.029494  0.087591  0.037462
                             2687:  0.025561  0.084811  0.044273
                             2688:  0.021629  0.082030  0.051084
                             2689:  0.017696  0.079249  0.057895
                             2690:  0.013764  0.076469  0.064707
                             2691:  0.009831  0.073688  0.071518
                             2692:  0.005899  0.070907  0.078329
                             2693:  0.001966  0.068127  0.085140
                             2694: -0.001966  0.065346  0.091952
                             2695: -0.005899  0.062565  0.098763
                             2696: -0.009831  0.059785  0.105574
                             2697: -0.013764  0.057004  0.112385
                             2698: -0.017696  0.054223  0.119197
                             2699: -0.021629  0.051443  0.126008
                             2700: -0.025561  0.048662  0.132819
                             2701:  0.049156  0.109837  0.003406
                             2702:  0.045223  0.107056  0.010217
                             2703:  0.041291  0.104275  0.017028
                             2704:  0.037358  0.101495  0.023839
                             2705:  0.033426  0.098714  0.030651
                             2706:  0.029494  0.095933  0.037462
                             2707:  0.025561  0.093153  0.044273
                             2708:  0.021629  0.090372  0.051084
                             2709:  0.017696  0.087591  0.057895
                             2710:  0.013764  0.084811  0.064707
                             2711:  0.009831  0.082030  0.071518
                             2712:  0.005899  0.079249  0.078329
                             2713:  0.001966  0.076469  0.085140
                             2714: -0.001966  0.073688  0.091952
                             2715: -0.005899  0.070907  0.098763
                             2716: -0.009831  0.068127  0.105574
                             2717: -0.013764  0.065346  0.112385
                             2718: -0.017696  0.062565  0.119197
                             2719: -0.021629  0.059785  0.126008
                             2720: -0.025561  0.057004  0.132819
                             2721:  0.049156  0.118179  0.003406
                             2722:  0.045223  0.115398  0.010217
                             2723:  0.041291  0.112617  0.017028
                             2724:  0.037358  0.109837  0.023839
                             2725:  0.033426  0.107056  0.030651
                             2726:  0.029494  0.104275  0.037462
                             2727:  0.025561  0.101495  0.044273
                             2728:  0.021629  0.098714  0.051084
                             2729:  0.017696  0.095933  0.057895
                             2730:  0.013764  0.093153  0.064707
                             2731:  0.009831  0.090372  0.071518
                             2732:  0.005899  0.087591  0.078329
                             2733:  0.001966  0.084811  0.085140
                             2734: -0.001966  0.082030  0.091952
                             2735: -0.005899  0.079249  0.098763
                             2736: -0.009831  0.076469  0.105574
                             2737: -0.013764  0.073688  0.112385
                             2738: -0.017696  0.070907  0.119197
                             2739: -0.021629  0.068127  0.126008
                             2740: -0.025561  0.065346  0.132819
                             2741:  0.049156  0.126521  0.003406
                             2742:  0.045223  0.123740  0.010217
                             2743:  0.041291  0.120959  0.017028
                             2744:  0.037358  0.118179  0.023839
                             2745:  0.033426  0.115398  0.030651
                             2746:  0.029494  0.112617  0.037462
                             2747:  0.025561  0.109837  0.044273
                             2748:  0.021629  0.107056  0.051084
                             2749:  0.017696  0.104275  0.057895
                             2750:  0.013764  0.101495  0.064707
                             2751:  0.009831  0.098714  0.071518
                             2752:  0.005899  0.095933  0.078329
                             2753:  0.001966  0.093153  0.085140
                             2754: -0.001966  0.090372  0.091952
                             2755: -0.005899  0.087591  0.098763
                             2756: -0.009831  0.084811  0.105574
                             2757: -0.013764  0.082030  0.112385
                             2758: -0.017696  0.079249  0.119197
                             2759: -0.021629  0.076469  0.126008
                             2760: -0.025561  0.073688  0.132819
                             2761:  0.049156  0.134863  0.003406
                             2762:  0.045223  0.132082  0.010217
                             2763:  0.041291  0.129301  0.017028
                             2764:  0.037358  0.126521  0.023839
                             2765:  0.033426  0.123740  0.030651
                             2766:  0.029494  0.120959  0.037462
                             2767:  0.025561  0.118179  0.044273
                             2768:  0.021629  0.115398  0.051084
                             2769:  0.017696  0.112617  0.057895
                             2770:  0.013764  0.109837  0.064707
                             2771:  0.009831  0.107056  0.071518
                             2772:  0.005899  0.104275  0.078329
                             2773:  0.001966  0.101495  0.085140
                             2774: -0.001966  0.098714  0.091952
                             2775: -0.005899  0.095933  0.098763
                             2776: -0.009831  0.093153  0.105574
                             2777: -0.013764  0.090372  0.112385
                             2778: -0.017696  0.087591  0.119197
                             2779: -0.021629  0.084811  0.126008
                             2780: -0.025561  0.082030  0.132819
                             2781:  0.049156  0.143205  0.003406
                             2782:  0.045223  0.140424  0.010217
                             2783:  0.041291  0.137643  0.017028
                             2784:  0.037358  0.134863  0.023839
                             2785:  0.033426  0.132082  0.030651
                             2786:  0.029494  0.129301  0.037462
                             2787:  0.025561  0.126521  0.044273
                             2788:  0.021629  0.123740  0.051084
                             2789:  0.017696  0.120959  0.057895
                             2790:  0.013764  0.118179  0.064707
                             2791:  0.009831  0.115398  0.071518
                             2792:  0.005899  0.112617  0.078329
                             2793:  0.001966  0.109837  0.085140
                             2794: -0.001966  0.107056  0.091952
                             2795: -0.005899  0.104275  0.098763
                             2796: -0.009831  0.101495  0.105574
                             2797: -0.013764  0.098714  0.112385
                             2798: -0.017696  0.095933  0.119197
                             2799: -0.021629  0.093153  0.126008
                             2800: -0.025561  0.090372  0.132819
                             2801:  0.057021 -0.018074  0.003406
                             2802:  0.053088 -0.020855  0.010217
                             2803:  0.049156 -0.023636  0.017028
                             2804:  0.045223 -0.026416  0.023839
                             2805:  0.041291 -0.029197  0.030651
                             2806:  0.037358 -0.031978  0.037462
                             2807:  0.033426 -0.034758  0.044273
                             2808:  0.029494 -0.037539  0.051084
                             2809:  0.025561 -0.040320  0.057895
                             2810:  0.021629 -0.043100  0.064707
                             2811:  0.017696 -0.045881  0.071518
                             2812:  0.013764 -0.048662  0.078329
                             2813:  0.009831 -0.051442  0.085140
                             2814:  0.005899 -0.054223  0.091952
                             2815:  0.001966 -0.057004  0.098763
                             2816: -0.001966 -0.059784  0.105574
                             2817: -0.005899 -0.062565  0.112385
                             2818: -0.009831 -0.065346  0.119197
                             2819: -0.013764 -0.068126  0.126008
                             2820: -0.017696 -0.070907  0.132819
                             2821:  0.057021 -0.009732  0.003406
                             2822:  0.053088 -0.012513  0.010217
                             2823:  0.049156 -0.015294  0.017028
                             2824:  0.045223 -0.018074  0.023839
                             2825:  0.041291 -0.020855  0.030651
                             2826:  0.037358 -0.023636  0.037462
                             2827:  0.033426 -0.026416  0.044273
                             2828:  0.029494 -0.029197  0.051084
                             2829:  0.025561 -0.031978  0.057895
                             2830:  0.021629 -0.034758  0.064707
                             2831:  0.017696 -0.037539  0.071518
                             2832:  0.013764 -0.040320  0.078329
                             2833:  0.009831 -0.043100  0.085140
                             2834:  0.005899 -0.045881  0.091952
                             2835:  0.001966 -0.048662  0.098763
                             2836: -0.001966 -0.051442  0.105574
                             2837: -0.005899 -0.054223  0.112385
                             2838: -0.009831 -0.057004  0.119197
                             2839: -0.013764 -0.059784  0.126008
                             2840: -0.017696 -0.062565  0.132819
                             2841:  0.057021 -0.001390  0.003406
                             2842:  0.053088 -0.004171  0.010217
                             2843:  0.049156 -0.006952  0.017028
                             2844:  0.045223 -0.009732  0.023839
                             2845:  0.041291 -0.012513  0.030651
                             2846:  0.037358 -0.015294  0.037462
                             2847:  0.033426 -0.018074  0.044273
                             2848:  0.029494 -0.020855  0.051084
                             2849:  0.025561 -0.023636  0.057895
                             2850:  0.021629 -0.026416  0.064707
                             2851:  0.017696 -0.029197  0.071518
                             2852:  0.013764 -0.031978  0.078329
                             2853:  0.009831 -0.034758  0.085140
                             2854:  0.005899 -0.037539  0.091952
                             2855:  0.001966 -0.040320  0.098763
                             2856: -0.001966 -0.043100  0.105574
                             2857: -0.005899 -0.045881  0.112385
                             2858: -0.009831 -0.048662  0.119197
                             2859: -0.013764 -0.051442  0.126008
                             2860: -0.017696 -0.054223  0.132819
                             2861:  0.057021  0.006952  0.003406
                             2862:  0.053088  0.004171  0.010217
                             2863:  0.049156  0.001390  0.017028
                             2864:  0.045223 -0.001390  0.023839
                             2865:  0.041291 -0.004171  0.030651
                             2866:  0.037358 -0.006952  0.037462
                             2867:  0.033426 -0.009732  0.044273
                             2868:  0.029494 -0.012513  0.051084
                             2869:  0.025561 -0.015294  0.057895
                             2870:  0.021629 -0.018074  0.064707
                             2871:  0.017696 -0.020855  0.071518
                             2872:  0.013764 -0.023636  0.078329
                             2873:  0.009831 -0.026416  0.085140
                             2874:  0.005899 -0.029197  0.091952
                             2875:  0.001966 -0.031978  0.098763
                             2876: -0.001966 -0.034758  0.105574
                             2877: -0.005899 -0.037539  0.112385
                             2878: -0.009831 -0.040320  0.119197
                             2879: -0.013764 -0.043100  0.126008
                             2880: -0.017696 -0.045881  0.132819
                             2881:  0.057021  0.015294  0.003406
                             2882:  0.053088  0.012513  0.010217
                             2883:  0.049156  0.009732  0.017028
                             2884:  0.045223  0.006952  0.023839
                             2885:  0.041291  0.004171  0.030651
                             2886:  0.037358  0.001390  0.037462
                             2887:  0.033426 -0.001390  0.044273
                             2888:  0.029494 -0.004171  0.051084
                             2889:  0.025561 -0.006952  0.057895
                             2890:  0.021629 -0.009732  0.064707
                             2891:  0.017696 -0.012513  0.071518
                             2892:  0.013764 -0.015294  0.078329
                             2893:  0.009831 -0.018074  0.085140
                             2894:  0.005899 -0.020855  0.091952
                             2895:  0.001966 -0.023636  0.098763
                             2896: -0.001966 -0.026416  0.105574
                             2897: -0.005899 -0.029197  0.112385
                             2898: -0.009831 -0.031978  0.119197
                             2899: -0.013764 -0.034758  0.126008
                             2900: -0.017696 -0.037539  0.132819
                             2901:  0.057021  0.023636  0.003406
                             2902:  0.053088  0.020855  0.010217
                             2903:  0.049156  0.018074  0.017028
                             2904:  0.045223  0.015294  0.023839
                             2905:  0.041291  0.012513  0.030651
                             2906:  0.037358  0.009732  0.037462
                             2907:  0.033426  0.006952  0.044273
                             2908:  0.029494  0.004171  0.051084
                             2909:  0.025561  0.001390  0.057895
                             2910:  0.021629 -0.001390  0.064707
                             2911:  0.017696 -0.004171  0.071518
                             2912:  0.013764 -0.006952  0.078329
                             2913:  0.009831 -0.009732  0.085140
                             2914:  0.005899 -0.012513  0.091952
                             2915:  0.001966 -0.015294  0.098763
                             2916: -0.001966 -0.018074  0.105574
                             2917: -0.005899 -0.020855  0.112385
                             2918: -0.009831 -0.023636  0.119197
                             2919: -0.013764 -0.026416  0.126008
                             2920: -0.017696 -0.029197  0.132819
                             2921:  0.057021  0.031978  0.003406
                             2922:  0.053088  0.029197  0.010217
                             2923:  0.049156  0.026416  0.017028
                             2924:  0.045223  0.023636  0.023839
                             2925:  0.041291  0.020855  0.030651
                             2926:  0.037358  0.018074  0.037462
                             2927:  0.033426  0.015294  0.044273
                             2928:  0.029494  0.012513  0.051084
                             2929:  0.025561  0.009732  0.057895
                             2930:  0.021629  0.006952  0.064707
                             2931:  0.017696  0.004171  0.071518
                             2932:  0.013764  0.001390  0.078329
                             2933:  0.009831 -0.001390  0.085140
                             2934:  0.005899 -0.004171  0.091952
                             2935:  0.001966 -0.006952  0.098763
                             2936: -0.001966 -0.009732  0.105574
                             2937: -0.005899 -0.012513  0.112385
                             2938: -0.009831 -0.015294  0.119197
                             2939: -0.013764 -0.018074  0.126008
                             2940: -0.017696 -0.020855  0.132819
                             2941:  0.057021  0.040320  0.003406
                             2942:  0.053088  0.037539  0.010217
                             2943:  0.049156  0.034758  0.017028
                             2944:  0.045223  0.031978  0.023839
                             2945:  0.041291  0.029197  0.030651
                             2946:  0.037358  0.026416  0.037462
                             2947:  0.033426  0.023636  0.044273
                             2948:  0.029494  0.020855  0.051084
                             2949:  0.025561  0.018074  0.057895
                             2950:  0.021629  0.015294  0.064707
                             2951:  0.017696  0.012513  0.071518
                             2952:  0.013764  0.009732  0.078329
                             2953:  0.009831  0.006952  0.085140
                             2954:  0.005899  0.004171  0.091952
                             2955:  0.001966  0.001390  0.098763
                             2956: -0.001966 -0.001390  0.105574
                             2957: -0.005899 -0.004171  0.112385
                             2958: -0.009831 -0.006952  0.119197
                             2959: -0.013764 -0.009732  0.126008
                             2960: -0.017696 -0.012513  0.132819
                             2961:  0.057021  0.048662  0.003406
                             2962:  0.053088  0.045881  0.010217
                             2963:  0.049156  0.043100  0.017028
                             2964:  0.045223  0.040320  0.023839
                             2965:  0.041291  0.037539  0.030651
                             2966:  0.037358  0.034758  0.037462
                             2967:  0.033426  0.031978  0.044273
                             2968:  0.029494  0.029197  0.051084
                             2969:  0.025561  0.026416  0.057895
                             2970:  0.021629  0.023636  0.064707
                             2971:  0.017696  0.020855  0.071518
                             2972:  0.013764  0.018074  0.078329
                             2973:  0.009831  0.015294  0.085140
                             2974:  0.005899  0.012513  0.091952
                             2975:  0.001966  0.009732  0.098763
                             2976: -0.001966  0.006952  0.105574
                             2977: -0.005899  0.004171  0.112385
                             2978: -0.009831  0.001390  0.119197
                             2979: -0.013764 -0.001390  0.126008
                             2980: -0.017696 -0.004171  0.132819
                             2981:  0.057021  0.057004  0.003406
                             2982:  0.053088  0.054223  0.010217
                             2983:  0.049156  0.051442  0.017028
                             2984:  0.045223  0.048662  0.023839
                             2985:  0.041291  0.045881  0.030651
                             2986:  0.037358  0.043100  0.037462
                             2987:  0.033426  0.040320  0.044273
                             2988:  0.029494  0.037539  0.051084
                             2989:  0.025561  0.034758  0.057895
                             2990:  0.021629  0.031978  0.064707
                             2991:  0.017696  0.029197  0.071518
                             2992:  0.013764  0.026416  0.078329
                             2993:  0.009831  0.023636  0.085140
                             2994:  0.005899  0.020855  0.091952
                             2995:  0.001966  0.018074  0.098763
                             2996: -0.001966  0.015294  0.105574
                             2997: -0.005899  0.012513  0.112385
                             2998: -0.009831  0.009732  0.119197
                             2999: -0.013764  0.006952  0.126008
                             3000: -0.017696  0.004171  0.132819
                             3001:  0.057021  0.065346  0.003406
                             3002:  0.053088  0.062565  0.010217
                             3003:  0.049156  0.059785  0.017028
                             3004:  0.045223  0.057004  0.023839
                             3005:  0.041291  0.054223  0.030651
                             3006:  0.037358  0.051442  0.037462
                             3007:  0.033426  0.048662  0.044273
                             3008:  0.029494  0.045881  0.051084
                             3009:  0.025561  0.043100  0.057895
                             3010:  0.021629  0.040320  0.064707
                             3011:  0.017696  0.037539  0.071518
                             3012:  0.013764  0.034758  0.078329
                             3013:  0.009831  0.031978  0.085140
                             3014:  0.005899  0.029197  0.091952
                             3015:  0.001966  0.026416  0.098763
                             3016: -0.001966  0.023636  0.105574
                             3017: -0.005899  0.020855  0.112385
                             3018: -0.009831  0.018074  0.119197
                             3019: -0.013764  0.015294  0.126008
                             3020: -0.017696  0.012513  0.132819
                             3021:  0.057021  0.073688  0.003406
                             3022:  0.053088  0.070907  0.010217
                             3023:  0.049156  0.068127  0.017028
                             3024:  0.045223  0.065346  0.023839
                             3025:  0.041291  0.062565  0.030651
                             3026:  0.037358  0.059785  0.037462
                             3027:  0.033426  0.057004  0.044273
                             3028:  0.029494  0.054223  0.051084
                             3029:  0.025561  0.051442  0.057895
                             3030:  0.021629  0.048662  0.064707
                             3031:  0.017696  0.045881  0.071518
                             3032:  0.013764  0.043100  0.078329
                             3033:  0.009831  0.040320  0.085140
                             3034:  0.005899  0.037539  0.091952
                             3035:  0.001966  0.034758  0.098763
                             3036: -0.001966  0.031978  0.105574
                             3037: -0.005899  0.029197  0.112385
                             3038: -0.009831  0.026416  0.119197
                             3039: -0.013764  0.023636  0.126008
                             3040: -0.017696  0.020855  0.132819
                             3041:  0.057021  0.082030  0.003406
                             3042:  0.053088  0.079249  0.010217
                             3043:  0.049156  0.076469  0.017028
                             3044:  0.045223  0.073688  0.023839
                             3045:  0.041291  0.070907  0.030651
                             3046:  0.037358  0.068127  0.037462
                             3047:  0.033426  0.065346  0.044273
                             3048:  0.029494  0.062565  0.051084
                             3049:  0.025561  0.059785  0.057895
                             3050:  0.021629  0.057004  0.064707
                             3051:  0.017696  0.054223  0.071518
                             3052:  0.013764  0.051442  0.078329
                             3053:  0.009831  0.048662  0.085140
                             3054:  0.005899  0.045881  0.091952
                             3055:  0.001966  0.043100  0.098763
                             3056: -0.001966  0.040320  0.105574
                             3057: -0.005899  0.037539  0.112385
                             3058: -0.009831  0.034758  0.119197
                             3059: -0.013764  0.031978  0.126008
                             3060: -0.017696  0.029197  0.132819
                             3061:  0.057021  0.090372  0.003406
                             3062:  0.053088  0.087591  0.010217
                             3063:  0.049156  0.084811  0.017028
                             3064:  0.045223  0.082030  0.023839
                             3065:  0.041291  0.079249  0.030651
                             3066:  0.037358  0.076469  0.037462
                             3067:  0.033426  0.073688  0.044273
                             3068:  0.029494  0.070907  0.051084
                             3069:  0.025561  0.068127  0.057895
                             3070:  0.021629  0.065346  0.064707
                             3071:  0.017696  0.062565  0.071518
                             3072:  0.013764  0.059785  0.078329
                             3073:  0.009831  0.057004  0.085140
                             3074:  0.005899  0.054223  0.091952
                             3075:  0.001966  0.051442  0.098763
                             3076: -0.001966  0.048662  0.105574
                             3077: -0.005899  0.045881  0.112385
                             3078: -0.009831  0.043100  0.119197
                             3079: -0.013764  0.040320  0.126008
                             3080: -0.017696  0.037539  0.132819
                             3081:  0.057021  0.098714  0.003406
                             3082:  0.053088  0.095933  0.010217
                             3083:  0.049156  0.093153  0.017028
                             3084:  0.045223  0.090372  0.023839
                             3085:  0.041291  0.087591  0.030651
                             3086:  0.037358  0.084811  0.037462
                             3087:  0.033426  0.082030  0.044273
                             3088:  0.029494  0.079249  0.051084
                             3089:  0.025561  0.076469  0.057895
                             3090:  0.021629  0.073688  0.064707
                             3091:  0.017696  0.070907  0.071518
                             3092:  0.013764  0.068127  0.078329
                             3093:  0.009831  0.065346  0.085140
                             3094:  0.005899  0.062565  0.091952
                             3095:  0.001966  0.059785  0.098763
                             3096: -0.001966  0.057004  0.105574
                             3097: -0.005899  0.054223  0.112385
                             3098: -0.009831  0.051443  0.119197
                             3099: -0.013764  0.048662  0.126008
                             3100: -0.017696  0.045881  0.132819
                             3101:  0.057021  0.107056  0.003406
                             3102:  0.053088  0.104275  0.010217
                             3103:  0.049156  0.101495  0.017028
                             3104:  0.045223  0.098714  0.023839
                             3105:  0.041291  0.095933  0.030651
                             3106:  0.037358  0.093153  0.037462
                             3107:  0.033426  0.090372  0.044273
                             3108:  0.029494  0.087591  0.051084
                             3109:  0.025561  0.084811  0.057895
                             3110:  0.021629  0.082030  0.064707
                             3111:  0.017696  0.079249  0.071518
                             3112:  0.013764  0.076469  0.078329
                             3113:  0.009831  0.073688  0.085140
                             3114:  0.005899  0.070907  0.091952
                             3115:  0.001966  0.068127  0.098763
                             3116: -0.001966  0.065346  0.105574
                             3117: -0.005899  0.062565  0.112385
                             3118: -0.009831  0.059785  0.119197
                             3119: -0.013764  0.057004  0.126008
                             3120: -0.017696  0.054223  0.132819
                             3121:  0.057021  0.115398  0.003406
                             3122:  0.053088  0.112617  0.010217
                             3123:  0.049156  0.109837  0.017028
                             3124:  0.045223  0.107056  0.023839
                             3125:  0.041291  0.104275  0.030651
                             3126:  0.037358  0.101495  0.037462
                             3127:  0.033426  0.098714  0.044273
                             3128:  0.029494  0.095933  0.051084
                             3129:  0.025561  0.093153  0.057895
                             3130:  0.021629  0.090372  0.064707
                             3131:  0.017696  0.087591  0.071518
                             3132:  0.013764  0.084811  0.078329
                             3133:  0.009831  0.082030  0.085140
                             3134:  0.005899  0.079249  0.091952
                             3135:  0.001966  0.076469  0.098763
                             3136: -0.001966  0.073688  0.105574
                             3137: -0.005899  0.070907  0.112385
                             3138: -0.009831  0.068127  0.119197
                             3139: -0.013764  0.065346  0.126008
                             3140: -0.017696  0.062565  0.132819
                             3141:  0.057021  0.123740  0.003406
                             3142:  0.053088  0.120959  0.010217
                             3143:  0.049156  0.118179  0.017028
                             3144:  0.045223  0.115398  0.023839
                             3145:  0.041291  0.112617  0.030651
                             3146:  0.037358  0.109837  0.037462
                             3147:  0.033426  0.107056  0.044273
                             3148:  0.029494  0.104275  0.051084
                             3149:  0.025561  0.101495  0.057895
                             3150:  0.021629  0.098714  0.064707
                             3151:  0.017696  0.095933  0.071518
                             3152:  0.013764  0.093153  0.078329
                             3153:  0.009831  0.090372  0.085140
                             3154:  0.005899  0.087591  0.091952
                             3155:  0.001966  0.084811  0.098763
                             3156: -0.001966  0.082030  0.105574
                             3157: -0.005899  0.079249  0.112385
                             3158: -0.009831  0.076469  0.119197
                             3159: -0.013764  0.073688  0.126008
                             3160: -0.017696  0.070907  0.132819
                             3161:  0.057021  0.132082  0.003406
                             3162:  0.053088  0.129301  0.010217
                             3163:  0.049156  0.126521  0.017028
                             3164:  0.045223  0.123740  0.023839
                             3165:  0.041291  0.120959  0.030651
                             3166:  0.037358  0.118179  0.037462
                             3167:  0.033426  0.115398  0.044273
                             3168:  0.029494  0.112617  0.051084
                             3169:  0.025561  0.109837  0.057895
                             3170:  0.021629  0.107056  0.064707
                             3171:  0.017696  0.104275  0.071518
                             3172:  0.013764  0.101495  0.078329
                             3173:  0.009831  0.098714  0.085140
                             3174:  0.005899  0.095933  0.091952
                             3175:  0.001966  0.093153  0.098763
                             3176: -0.001966  0.090372  0.105574
                             3177: -0.005899  0.087591  0.112385
                             3178: -0.009831  0.084811  0.119197
                             3179: -0.013764  0.082030  0.126008
                             3180: -0.017696  0.079249  0.132819
                             3181:  0.057021  0.140424  0.003406
                             3182:  0.053088  0.137643  0.010217
                             3183:  0.049156  0.134863  0.017028
                             3184:  0.045223  0.132082  0.023839
                             3185:  0.041291  0.129301  0.030651
                             3186:  0.037358  0.126521  0.037462
                             3187:  0.033426  0.123740  0.044273
                             3188:  0.029494  0.120959  0.051084
                             3189:  0.025561  0.118179  0.057895
                             3190:  0.021629  0.115398  0.064707
                             3191:  0.017696  0.112617  0.071518
                             3192:  0.013764  0.109837  0.078329
                             3193:  0.009831  0.107056  0.085140
                             3194:  0.005899  0.104275  0.091952
                             3195:  0.001966  0.101495  0.098763
                             3196: -0.001966  0.098714  0.105574
                             3197: -0.005899  0.095933  0.112385
                             3198: -0.009831  0.093153  0.119197
                             3199: -0.013764  0.090372  0.126008
                             3200: -0.017696  0.087591  0.132819
                             3201:  0.064886 -0.020855  0.003406
                             3202:  0.060953 -0.023636  0.010217
                             3203:  0.057021 -0.026416  0.017028
                             3204:  0.053088 -0.029197  0.023839
                             3205:  0.049156 -0.031978  0.030651
                             3206:  0.045223 -0.034758  0.037462
                             3207:  0.041291 -0.037539  0.044273
                             3208:  0.037358 -0.040320  0.051084
                             3209:  0.033426 -0.043100  0.057895
                             3210:  0.029494 -0.045881  0.064707
                             3211:  0.025561 -0.048662  0.071518
                             3212:  0.021629 -0.051442  0.078329
                             3213:  0.017696 -0.054223  0.085140
                             3214:  0.013764 -0.057004  0.091952
                             3215:  0.009831 -0.059784  0.098763
                             3216:  0.005899 -0.062565  0.105574
                             3217:  0.001966 -0.065346  0.112385
                             3218: -0.001966 -0.068126  0.119197
                             3219: -0.005899 -0.070907  0.126008
                             3220: -0.009831 -0.073688  0.132819
                             3221:  0.064886 -0.012513  0.003406
                             3222:  0.060953 -0.015294  0.010217
                             3223:  0.057021 -0.018074  0.017028
                             3224:  0.053088 -0.020855  0.023839
                             3225:  0.049156 -0.023636  0.030651
                             3226:  0.045223 -0.026416  0.037462
                             3227:  0.041291 -0.029197  0.044273
                             3228:  0.037358 -0.031978  0.051084
                             3229:  0.033426 -0.034758  0.057895
                             3230:  0.029494 -0.037539  0.064707
                             3231:  0.025561 -0.040320  0.071518
                             3232:  0.021629 -0.043100  0.078329
                             3233:  0.017696 -0.045881  0.085140
                             3234:  0.013764 -0.048662  0.091952
                             3235:  0.009831 -0.051442  0.098763
                             3236:  0.005899 -0.054223  0.105574
                             3237:  0.001966 -0.057004  0.112385
                             3238: -0.001966 -0.059784  0.119197
                             3239: -0.005899 -0.062565  0.126008
                             3240: -0.009831 -0.065346  0.132819
                             3241:  0.064886 -0.004171  0.003406
                             3242:  0.060953 -0.006952  0.010217
                             3243:  0.057021 -0.009732  0.017028
                             3244:  0.053088 -0.012513  0.023839
                             3245:  0.049156 -0.015294  0.030651
                             3246:  0.045223 -0.018074  0.037462
                             3247:  0.041291 -0.020855  0.044273
                             3248:  0.037358 -0.023636  0.051084
                             3249:  0.033426 -0.026416  0.057895
                             3250:  0.029494 -0.029197  0.064707
                             3251:  0.025561 -0.031978  0.071518
                             3252:  0.021629 -0.034758  0.078329
                             3253:  0.017696 -0.037539  0.085140
                             3254:  0.013764 -0.040320  0.091952
                             3255:  0.009831 -0.043100  0.098763
                             3256:  0.005899 -0.045881  0.105574
                             3257:  0.001966 -0.048662  0.112385
                             3258: -0.001966 -0.051442  0.119197
                             3259: -0.005899 -0.054223  0.126008
                             3260: -0.009831 -0.057004  0.132819
                             3261:  0.064886  0.004171  0.003406
                             3262:  0.060953  0.001390  0.010217
                             3263:  0.057021 -0.001390  0.017028
                             3264:  0.053088 -0.004171  0.023839
                             3265:  0.049156 -0.006952  0.030651
                             3266:  0.045223 -0.009732  0.037462
                             3267:  0.041291 -0.012513  0.044273
                             3268:  0.037358 -0.015294  0.051084
                             3269:  0.033426 -0.018074  0.057895
                             3270:  0.029494 -0.020855  0.064707
                             3271:  0.025561 -0.023636  0.071518
                             3272:  0.021629 -0.026416  0.078329
                             3273:  0.017696 -0.029197  0.085140
                             3274:  0.013764 -0.031978  0.091952
                             3275:  0.009831 -0.034758  0.098763
                             3276:  0.005899 -0.037539  0.105574
                             3277:  0.001966 -0.040320  0.112385
                             3278: -0.001966 -0.043100  0.119197
                             3279: -0.005899 -0.045881  0.126008
                             3280: -0.009831 -0.048662  0.132819
                             3281:  0.064886  0.012513  0.003406
                             3282:  0.060953  0.009732  0.010217
                             3283:  0.057021  0.006952  0.017028
                             3284:  0.053088  0.004171  0.023839
                             3285:  0.049156  0.001390  0.030651
                             3286:  0.045223 -0.001390  0.037462
                             3287:  0.041291 -0.004171  0.044273
                             3288:  0.037358 -0.006952  0.051084
                             3289:  0.033426 -0.009732  0.057895
                             3290:  0.029494 -0.012513  0.064707
                             3291:  0.025561 -0.015294  0.071518
                             3292:  0.021629 -0.018074  0.078329
                             3293:  0.017696 -0.020855  0.085140
                             3294:  0.013764 -0.023636  0.091952
                             3295:  0.009831 -0.026416  0.098763
                             3296:  0.005899 -0.029197  0.105574
                             3297:  0.001966 -0.031978  0.112385
                             3298: -0.001966 -0.034758  0.119197
                             3299: -0.005899 -0.037539  0.126008
                             3300: -0.009831 -0.040320  0.132819
                             3301:  0.064886  0.020855  0.003406
                             3302:  0.060953  0.018074  0.010217
                             3303:  0.057021  0.015294  0.017028
                             3304:  0.053088  0.012513  0.023839
                             3305:  0.049156  0.009732  0.030651
                             3306:  0.045223  0.006952  0.037462
                             3307:  0.041291  0.004171  0.044273
                             3308:  0.037358  0.001390  0.051084
                             3309:  0.033426 -0.001390  0.057895
                             3310:  0.029494 -0.004171  0.064707
                             3311:  0.025561 -0.006952  0.071518
                             3312:  0.021629 -0.009732  0.078329
                             3313:  0.017696 -0.012513  0.085140
                             3314:  0.013764 -0.015294  0.091952
                             3315:  0.009831 -0.018074  0.098763
                             3316:  0.005899 -0.020855  0.105574
                             3317:  0.001966 -0.023636  0.112385
                             3318: -0.001966 -0.026416  0.119197
                             3319: -0.005899 -0.029197  0.126008
                             3320: -0.009831 -0.031978  0.132819
                             3321:  0.064886  0.029197  0.003406
                             3322:  0.060953  0.026416  0.010217
                             3323:  0.057021  0.023636  0.017028
                             3324:  0.053088  0.020855  0.023839
                             3325:  0.049156  0.018074  0.030651
                             3326:  0.045223  0.015294  0.037462
                             3327:  0.041291  0.012513  0.044273
                             3328:  0.037358  0.009732  0.051084
                             3329:  0.033426  0.006952  0.057895
                             3330:  0.029494  0.004171  0.064707
                             3331:  0.025561  0.001390  0.071518
                             3332:  0.021629 -0.001390  0.078329
                             3333:  0.017696 -0.004171  0.085140
                             3334:  0.013764 -0.006952  0.091952
                             3335:  0.009831 -0.009732  0.098763
                             3336:  0.005899 -0.012513  0.105574
                             3337:  0.001966 -0.015294  0.112385
                             3338: -0.001966 -0.018074  0.119197
                             3339: -0.005899 -0.020855  0.126008
                             3340: -0.009831 -0.023636  0.132819
                             3341:  0.064886  0.037539  0.003406
                             3342:  0.060953  0.034758  0.010217
                             3343:  0.057021  0.031978  0.017028
                             3344:  0.053088  0.029197  0.023839
                             3345:  0.049156  0.026416  0.030651
                             3346:  0.045223  0.023636  0.037462
                             3347:  0.041291  0.020855  0.044273
                             3348:  0.037358  0.018074  0.051084
                             3349:  0.033426  0.015294  0.057895
                             3350:  0.029494  0.012513  0.064707
                             3351:  0.025561  0.009732  0.071518
                             3352:  0.021629  0.006952  0.078329
                             3353:  0.017696  0.004171  0.085140
                             3354:  0.013764  0.001390  0.091952
                             3355:  0.009831 -0.001390  0.098763
                             3356:  0.005899 -0.004171  0.105574
                             3357:  0.001966 -0.006952  0.112385
                             3358: -0.001966 -0.009732  0.119197
                             3359: -0.005899 -0.012513  0.126008
                             3360: -0.009831 -0.015294  0.132819
                             3361:  0.064886  0.045881  0.003406
                             3362:  0.060953  0.043100  0.010217
                             3363:  0.057021  0.040320  0.017028
                             3364:  0.053088  0.037539  0.023839
                             3365:  0.049156  0.034758  0.030651
                             3366:  0.045223  0.031978  0.037462
                             3367:  0.041291  0.029197  0.044273
                             3368:  0.037358  0.026416  0.051084
                             3369:  0.033426  0.023636  0.057895
                             3370:  0.029494  0.020855  0.064707
                             3371:  0.025561  0.018074  0.071518
                             3372:  0.021629  0.015294  0.078329
                             3373:  0.017696  0.012513  0.085140
                             3374:  0.013764  0.009732  0.091952
                             3375:  0.009831  0.006952  0.098763
                             3376:  0.005899  0.004171  0.105574
                             3377:  0.001966  0.001390  0.112385
                             3378: -0.001966 -0.001390  0.119197
                             3379: -0.005899 -0.004171  0.126008
                             3380: -0.009831 -0.006952  0.132819
                             3381:  0.064886  0.054223  0.003406
                             3382:  0.060953  0.051442  0.010217
                             3383:  0.057021  0.048662  0.017028
                             3384:  0.053088  0.045881  0.023839
                             3385:  0.049156  0.043100  0.030651
                             3386:  0.045223  0.040320  0.037462
                             3387:  0.041291  0.037539  0.044273
                             3388:  0.037358  0.034758  0.051084
                             3389:  0.033426  0.031978  0.057895
                             3390:  0.029494  0.029197  0.064707
                             3391:  0.025561  0.026416  0.071518
                             3392:  0.021629  0.023636  0.078329
                             3393:  0.017696  0.020855  0.085140
                             3394:  0.013764  0.018074  0.091952
                             3395:  0.009831  0.015294  0.098763
                             3396:  0.005899  0.012513  0.105574
                             3397:  0.001966  0.009732  0.112385
                             3398: -0.001966  0.006952  0.119197
                             3399: -0.005899  0.004171  0.126008
                             3400: -0.009831  0.001390  0.132819
                             3401:  0.064886  0.062565  0.003406
                             3402:  0.060953  0.059785  0.010217
                             3403:  0.057021  0.057004  0.017028
                             3404:  0.053088  0.054223  0.023839
                             3405:  0.049156  0.051442  0.030651
                             3406:  0.045223  0.048662  0.037462
                             3407:  0.041291  0.045881  0.044273
                             3408:  0.037358  0.043100  0.051084
                             3409:  0.033426  0.040320  0.057895
                             3410:  0.029494  0.037539  0.064707
                             3411:  0.025561  0.034758  0.071518
                             3412:  0.021629  0.031978  0.078329
                             3413:  0.017696  0.029197  0.085140
                             3414:  0.013764  0.026416  0.091952
                             3415:  0.009831  0.023636  0.098763
                             3416:  0.005899  0.020855  0.105574
                             3417:  0.001966  0.018074  0.112385
                             3418: -0.001966  0.015294  0.119197
                             3419: -0.005899  0.012513  0.126008
                             3420: -0.009831  0.009732  0.132819
                             3421:  0.064886  0.070907  0.003406
                             3422:  0.060953  0.068127  0.010217
                             3423:  0.057021  0.065346  0.017028
                             3424:  0.053088  0.062565  0.023839
                             3425:  0.049156  0.059785  0.030651
                             3426:  0.045223  0.057004  0.037462
                             3427:  0.041291  0.054223  0.044273
                             3428:  0.037358  0.051442  0.051084
                             3429:  0.033426  0.048662  0.057895
                             3430:  0.029494  0.045881  0.064707
                             3431:  0.025561  0.043100  0.071518
                             3432:  0.021629  0.040320  0.078329
                             3433:  0.017696  0.037539  0.085140
                             3434:  0.013764  0.034758  0.091952
                             3435:  0.009831  0.031978  0.098763
                             3436:  0.005899  0.029197  0.105574
                             3437:  0.001966  0.026416  0.112385
                             3438: -0.001966  0.023636  0.119197
                             3439: -0.005899  0.020855  0.126008
                             3440: -0.009831  0.018074  0.132819
                             3441:  0.064886  0.079249  0.003406
                             3442:  0.060953  0.076469  0.010217
                             3443:  0.057021  0.073688  0.017028
                             3444:  0.053088  0.070907  0.023839
                             3445:  0.049156  0.068127  0.030651
                             3446:  0.045223  0.065346  0.037462
                             3447:  0.041291  0.062565  0.044273
                             3448:  0.037358  0.059785  0.051084
                             3449:  0.033426  0.057004  0.057895
                             3450:  0.029494  0.054223  0.064707
                             3451:  0.025561  0.051442  0.071518
                             3452:  0.021629  0.048662  0.078329
                             3453:  0.017696  0.045881  0.085140
                             3454:  0.013764  0.043100  0.091952
                             3455:  0.009831  0.040320  0.098763
                             3456:  0.005899  0.037539  0.105574
                             3457:  0.001966  0.034758  0.112385
                             3458: -0.001966  0.031978  0.119197
                             3459: -0.005899  0.029197  0.126008
                             3460: -0.009831  0.026416  0.132819
                             3461:  0.064886  0.087591  0.003406
                             3462:  0.060953  0.084811  0.010217
                             3463:  0.057021  0.082030  0.017028
                             3464:  0.053088  0.079249  0.023839
                             3465:  0.049156  0.076469  0.030651
                             3466:  0.045223  0.073688  0.037462
                             3467:  0.041291  0.070907  0.044273
                             3468:  0.037358  0.068127  0.051084
                             3469:  0.033426  0.065346  0.057895
                             3470:  0.029494  0.062565  0.064707
                             3471:  0.025561  0.059785  0.071518
                             3472:  0.021629  0.057004  0.078329
                             3473:  0.017696  0.054223  0.085140
                             3474:  0.013764  0.051442  0.091952
                             3475:  0.009831  0.048662  0.098763
                             3476:  0.005899  0.045881  0.105574
                             3477:  0.001966  0.043100  0.112385
                             3478: -0.001966  0.040320  0.119197
                             3479: -0.005899  0.037539  0.126008
                             3480: -0.009831  0.034758  0.132819
                             3481:  0.064886  0.095933  0.003406
                             3482:  0.060953  0.093153  0.010217
                             3483:  0.057021  0.090372  0.017028
                             3484:  0.053088  0.087591  0.023839
                             3485:  0.049156  0.084811  0.030651
                             3486:  0.045223  0.082030  0.037462
                             3487:  0.041291  0.079249  0.044273
                             3488:  0.037358  0.076469  0.051084
                             3489:  0.033426  0.073688  0.057895
                             3490:  0.029494  0.070907  0.064707
                             3491:  0.025561  0.068127  0.071518
                             3492:  0.021629  0.065346  0.078329
                             3493:  0.017696  0.062565  0.085140
                             3494:  0.013764  0.059785  0.091952
                             3495:  0.009831  0.057004  0.098763
                             3496:  0.005899  0.054223  0.105574
                             3497:  0.001966  0.051443  0.112385
                             3498: -0.001966  0.048662  0.119197
                             3499: -0.005899  0.045881  0.126008
                             3500: -0.009831  0.043100  0.132819
                             3501:  0.064886  0.104275  0.003406
                             3502:  0.060953  0.101495  0.010217
                             3503:  0.057021  0.098714  0.017028
                             3504:  0.053088  0.095933  0.023839
                             3505:  0.049156  0.093153  0.030651
                             3506:  0.045223  0.090372  0.037462
                             3507:  0.041291  0.087591  0.044273
                             3508:  0.037358  0.084811  0.051084
                             3509:  0.033426  0.082030  0.057895
                             3510:  0.029494  0.079249  0.064707
                             3511:  0.025561  0.076469  0.071518
                             3512:  0.021629  0.073688  0.078329
                             3513:  0.017696  0.070907  0.085140
                             3514:  0.013764  0.068127  0.091952
                             3515:  0.009831  0.065346  0.098763
                             3516:  0.005899  0.062565  0.105574
                             3517:  0.001966  0.059785  0.112385
                             3518: -0.001966  0.057004  0.119197
                             3519: -0.005899  0.054223  0.126008
                             3520: -0.009831  0.051443  0.132819
                             3521:  0.064886  0.112617  0.003406
                             3522:  0.060953  0.109837  0.010217
                             3523:  0.057021  0.107056  0.017028
                             3524:  0.053088  0.104275  0.023839
                             3525:  0.049156  0.101495  0.030651
                             3526:  0.045223  0.098714  0.037462
                             3527:  0.041291  0.095933  0.044273
                             3528:  0.037358  0.093153  0.051084
                             3529:  0.033426  0.090372  0.057895
                             3530:  0.029494  0.087591  0.064707
                             3531:  0.025561  0.084811  0.071518
                             3532:  0.021629  0.082030  0.078329
                             3533:  0.017696  0.079249  0.085140
                             3534:  0.013764  0.076469  0.091952
                             3535:  0.009831  0.073688  0.098763
                             3536:  0.005899  0.070907  0.105574
                             3537:  0.001966  0.068127  0.112385
                             3538: -0.001966  0.065346  0.119197
                             3539: -0.005899  0.062565  0.126008
                             3540: -0.009831  0.059785  0.132819
                             3541:  0.064886  0.120959  0.003406
                             3542:  0.060953  0.118179  0.010217
                             3543:  0.057021  0.115398  0.017028
                             3544:  0.053088  0.112617  0.023839
                             3545:  0.049156  0.109837  0.030651
                             3546:  0.045223  0.107056  0.037462
                             3547:  0.041291  0.104275  0.044273
                             3548:  0.037358  0.101495  0.051084
                             3549:  0.033426  0.098714  0.057895
                             3550:  0.029494  0.095933  0.064707
                             3551:  0.025561  0.093153  0.071518
                             3552:  0.021629  0.090372  0.078329
                             3553:  0.017696  0.087591  0.085140
                             3554:  0.013764  0.084811  0.091952
                             3555:  0.009831  0.082030  0.098763
                             3556:  0.005899  0.079249  0.105574
                             3557:  0.001966  0.076469  0.112385
                             3558: -0.001966  0.073688  0.119197
                             3559: -0.005899  0.070907  0.126008
                             3560: -0.009831  0.068127  0.132819
                             3561:  0.064886  0.129301  0.003406
                             3562:  0.060953  0.126521  0.010217
                             3563:  0.057021  0.123740  0.017028
                             3564:  0.053088  0.120959  0.023839
                             3565:  0.049156  0.118179  0.030651
                             3566:  0.045223  0.115398  0.037462
                             3567:  0.041291  0.112617  0.044273
                             3568:  0.037358  0.109837  0.051084
                             3569:  0.033426  0.107056  0.057895
                             3570:  0.029494  0.104275  0.064707
                             3571:  0.025561  0.101495  0.071518
                             3572:  0.021629  0.098714  0.078329
                             3573:  0.017696  0.095933  0.085140
                             3574:  0.013764  0.093153  0.091952
                             3575:  0.009831  0.090372  0.098763
                             3576:  0.005899  0.087591  0.105574
                             3577:  0.001966  0.084811  0.112385
                             3578: -0.001966  0.082030  0.119197
                             3579: -0.005899  0.079249  0.126008
                             3580: -0.009831  0.076469  0.132819
                             3581:  0.064886  0.137643  0.003406
                             3582:  0.060953  0.134863  0.010217
                             3583:  0.057021  0.132082  0.017028
                             3584:  0.053088  0.129301  0.023839
                             3585:  0.049156  0.126521  0.030651
                             3586:  0.045223  0.123740  0.037462
                             3587:  0.041291  0.120959  0.044273
                             3588:  0.037358  0.118179  0.051084
                             3589:  0.033426  0.115398  0.057895
                             3590:  0.029494  0.112617  0.064707
                             3591:  0.025561  0.109837  0.071518
                             3592:  0.021629  0.107056  0.078329
                             3593:  0.017696  0.104275  0.085140
                             3594:  0.013764  0.101495  0.091952
                             3595:  0.009831  0.098714  0.098763
                             3596:  0.005899  0.095933  0.105574
                             3597:  0.001966  0.093153  0.112385
                             3598: -0.001966  0.090372  0.119197
                             3599: -0.005899  0.087591  0.126008
                             3600: -0.009831  0.084811  0.132819
                             3601:  0.072751 -0.023636  0.003406
                             3602:  0.068818 -0.026416  0.010217
                             3603:  0.064886 -0.029197  0.017028
                             3604:  0.060953 -0.031978  0.023839
                             3605:  0.057021 -0.034758  0.030651
                             3606:  0.053088 -0.037539  0.037462
                             3607:  0.049156 -0.040320  0.044273
                             3608:  0.045223 -0.043100  0.051084
                             3609:  0.041291 -0.045881  0.057895
                             3610:  0.037358 -0.048662  0.064707
                             3611:  0.033426 -0.051442  0.071518
                             3612:  0.029494 -0.054223  0.078329
                             3613:  0.025561 -0.057004  0.085140
                             3614:  0.021629 -0.059784  0.091952
                             3615:  0.017696 -0.062565  0.098763
                             3616:  0.013764 -0.065346  0.105574
                             3617:  0.009831 -0.068126  0.112385
                             3618:  0.005899 -0.070907  0.119197
                             3619:  0.001966 -0.073688  0.126008
                             3620: -0.001966 -0.076469  0.132819
                             3621:  0.072751 -0.015294  0.003406
                             3622:  0.068818 -0.018074  0.010217
                             3623:  0.064886 -0.020855  0.017028
                             3624:  0.060953 -0.023636  0.023839
                             3625:  0.057021 -0.026416  0.030651
                             3626:  0.053088 -0.029197  0.037462
                             3627:  0.049156 -0.031978  0.044273
                             3628:  0.045223 -0.034758  0.051084
                             3629:  0.041291 -0.037539  0.057895
                             3630:  0.037358 -0.040320  0.064707
                             3631:  0.033426 -0.043100  0.071518
                             3632:  0.029494 -0.045881  0.078329
                             3633:  0.025561 -0.048662  0.085140
                             3634:  0.021629 -0.051442  0.091952
                             3635:  0.017696 -0.054223  0.098763
                             3636:  0.013764 -0.057004  0.105574
                             3637:  0.009831 -0.059784  0.112385
                             3638:  0.005899 -0.062565  0.119197
                             3639:  0.001966 -0.065346  0.126008
                             3640: -0.001966 -0.068126  0.132819
                             3641:  0.072751 -0.006952  0.003406
                             3642:  0.068818 -0.009732  0.010217
                             3643:  0.064886 -0.012513  0.017028
                             3644:  0.060953 -0.015294  0.023839
                             3645:  0.057021 -0.018074  0.030651
                             3646:  0.053088 -0.020855  0.037462
                             3647:  0.049156 -0.023636  0.044273
                             3648:  0.045223 -0.026416  0.051084
                             3649:  0.041291 -0.029197  0.057895
                             3650:  0.037358 -0.031978  0.064707
                             3651:  0.033426 -0.034758  0.071518
                             3652:  0.029494 -0.037539  0.078329
                             3653:  0.025561 -0.040320  0.085140
                             3654:  0.021629 -0.043100  0.091952
                             3655:  0.017696 -0.045881  0.098763
                             3656:  0.013764 -0.048662  0.105574
                             3657:  0.009831 -0.051442  0.112385
                             3658:  0.005899 -0.054223  0.119197
                             3659:  0.001966 -0.057004  0.126008
                             3660: -0.001966 -0.059784  0.132819
                             3661:  0.072751  0.001390  0.003406
                             3662:  0.068818 -0.001390  0.010217
                             3663:  0.064886 -0.004171  0.017028
                             3664:  0.060953 -0.006952  0.023839
                             3665:  0.057021 -0.009732  0.030651
                             3666:  0.053088 -0.012513  0.037462
                             3667:  0.049156 -0.015294  0.044273
                             3668:  0.045223 -0.018074  0.051084
                             3669:  0.041291 -0.020855  0.057895
                             3670:  0.037358 -0.023636  0.064707
                             3671:  0.033426 -0.026416  0.071518
                             3672:  0.029494 -0.029197  0.078329
                             3673:  0.025561 -0.031978  0.085140
                             3674:  0.021629 -0.034758  0.091952
                             3675:  0.017696 -0.037539  0.098763
                             3676:  0.013764 -0.040320  0.105574
                             3677:  0.009831 -0.043100  0.112385
                             3678:  0.005899 -0.045881  0.119197
                             3679:  0.001966 -0.048662  0.126008
                             3680: -0.001966 -0.051442  0.132819
                             3681:  0.072751  0.009732  0.003406
                             3682:  0.068818  0.006952  0.010217
                             3683:  0.064886  0.004171  0.017028
                             3684:  0.060953  0.001390  0.023839
                             3685:  0.057021 -0.001390  0.030651
                             3686:  0.053088 -0.004171  0.037462
                             3687:  0.049156 -0.006952  0.044273
                             3688:  0.045223 -0.009732  0.051084
                             3689:  0.041291 -0.012513  0.057895
                             3690:  0.037358 -0.015294  0.064707
                             3691:  0.033426 -0.018074  0.071518
                             3692:  0.029494 -0.020855  0.078329
                             3693:  0.025561 -0.023636  0.085140
                             3694:  0.021629 -0.026416  0.091952
                             3695:  0.017696 -0.029197  0.098763
                             3696:  0.013764 -0.031978  0.105574
                             3697:  0.009831 -0.034758  0.112385
                             3698:  0.005899 -0.037539  0.119197
                             3699:  0.001966 -0.040320  0.126008
                             3700: -0.001966 -0.043100  0.132819
                             3701:  0.072751  0.018074  0.003406
                             3702:  0.068818  0.015294  0.010217
                             3703:  0.064886  0.012513  0.017028
                             3704:  0.060953  0.009732  0.023839
                             3705:  0.057021  0.006952  0.030651
                             3706:  0.053088  0.004171  0.037462
                             3707:  0.049156  0.001390  0.044273
                             3708:  0.045223 -0.001390  0.051084
                             3709:  0.041291 -0.004171  0.057895
                             3710:  0.037358 -0.006952  0.064707
                             3711:  0.033426 -0.009732  0.071518
                             3712:  0.029494 -0.012513  0.078329
                             3713:  0.025561 -0.015294  0.085140
                             3714:  0.021629 -0.018074  0.091952
                             3715:  0.017696 -0.020855  0.098763
                             3716:  0.013764 -0.023636  0.105574
                             3717:  0.009831 -0.026416  0.112385
                             3718:  0.005899 -0.029197  0.119197
                             3719:  0.001966 -0.031978  0.126008
                             3720: -0.001966 -0.034758  0.132819
                             3721:  0.072751  0.026416  0.003406
                             3722:  0.068818  0.023636  0.010217
                             3723:  0.064886  0.020855  0.017028
                             3724:  0.060953  0.018074  0.023839
                             3725:  0.057021  0.015294  0.030651
                             3726:  0.053088  0.012513  0.037462
                             3727:  0.049156  0.009732  0.044273
                             3728:  0.045223  0.006952  0.051084
                             3729:  0.041291  0.004171  0.057895
                             3730:  0.037358  0.001390  0.064707
                             3731:  0.033426 -0.001390  0.071518
                             3732:  0.029494 -0.004171  0.078329
                             3733:  0.025561 -0.006952  0.085140
                             3734:  0.021629 -0.009732  0.091952
                             3735:  0.017696 -0.012513  0.098763
                             3736:  0.013764 -0.015294  0.105574
                             3737:  0.009831 -0.018074  0.112385
                             3738:  0.005899 -0.020855  0.119197
                             3739:  0.001966 -0.023636  0.126008
                             3740: -0.001966 -0.026416  0.132819
                             3741:  0.072751  0.034758  0.003406
                             3742:  0.068818  0.031978  0.010217
                             3743:  0.064886  0.029197  0.017028
                             3744:  0.060953  0.026416  0.023839
                             3745:  0.057021  0.023636  0.030651
                             3746:  0.053088  0.020855  0.037462
                             3747:  0.049156  0.018074  0.044273
                             3748:  0.045223  0.015294  0.051084
                             3749:  0.041291  0.012513  0.057895
                             3750:  0.037358  0.009732  0.064707
                             3751:  0.033426  0.006952  0.071518
                             3752:  0.029494  0.004171  0.078329
                             3753:  0.025561  0.001390  0.085140
                             3754:  0.021629 -0.001390  0.091952
                             3755:  0.017696 -0.004171  0.098763
                             3756:  0.013764 -0.006952  0.105574
                             3757:  0.009831 -0.009732  0.112385
                             3758:  0.005899 -0.012513  0.119197
                             3759:  0.001966 -0.015294  0.126008
                             3760: -0.001966 -0.018074  0.132819
                             3761:  0.072751  0.043100  0.003406
                             3762:  0.068818  0.040320  0.010217
                             3763:  0.064886  0.037539  0.017028
                             3764:  0.060953  0.034758  0.023839
                             3765:  0.057021  0.031978  0.030651
                             3766:  0.053088  0.029197  0.037462
                             3767:  0.049156  0.026416  0.044273
                             3768:  0.045223  0.023636  0.051084
                             3769:  0.041291  0.020855  0.057895
                             3770:  0.037358  0.018074  0.064707
                             3771:  0.033426  0.015294  0.071518
                             3772:  0.029494  0.012513  0.078329
                             3773:  0.025561  0.009732  0.085140
                             3774:  0.021629  0.006952  0.091952
                             3775:  0.017696  0.004171  0.098763
                             3776:  0.013764  0.001390  0.105574
                             3777:  0.009831 -0.001390  0.112385
                             3778:  0.005899 -0.004171  0.119197
                             3779:  0.001966 -0.006952  0.126008
                             3780: -0.001966 -0.009732  0.132819
                             3781:  0.072751  0.051442  0.003406
                             3782:  0.068818  0.048662  0.010217
                             3783:  0.064886  0.045881  0.017028
                             3784:  0.060953  0.043100  0.023839
                             3785:  0.057021  0.040320  0.030651
                             3786:  0.053088  0.037539  0.037462
                             3787:  0.049156  0.034758  0.044273
                             3788:  0.045223  0.031978  0.051084
                             3789:  0.041291  0.029197  0.057895
                             3790:  0.037358  0.026416  0.064707
                             3791:  0.033426  0.023636  0.071518
                             3792:  0.029494  0.020855  0.078329
                             3793:  0.025561  0.018074  0.085140
                             3794:  0.021629  0.015294  0.091952
                             3795:  0.017696  0.012513  0.098763
                             3796:  0.013764  0.009732  0.105574
                             3797:  0.009831  0.006952  0.112385
                             3798:  0.005899  0.004171  0.119197
                             3799:  0.001966  0.001390  0.126008
                             3800: -0.001966 -0.001390  0.132819
                             3801:  0.072751  0.059785  0.003406
                             3802:  0.068818  0.057004  0.010217
                             3803:  0.064886  0.054223  0.017028
                             3804:  0.060953  0.051442  0.023839
                             3805:  0.057021  0.048662  0.030651
                             3806:  0.053088  0.045881  0.037462
                             3807:  0.049156  0.043100  0.044273
                             3808:  0.045223  0.040320  0.051084
                             3809:  0.041291  0.037539  0.057895
                             3810:  0.037358  0.034758  0.064707
                             3811:  0.033426  0.031978  0.071518
                             3812:  0.029494  0.029197  0.078329
                             3813:  0.025561  0.026416  0.085140
                             3814:  0.021629  0.023636  0.091952
                             3815:  0.017696  0.020855  0.098763
                             3816:  0.013764  0.018074  0.105574
                             3817:  0.009831  0.015294  0.112385
                             3818:  0.005899  0.012513  0.119197
                             3819:  0.001966  0.009732  0.126008
                             3820: -0.001966  0.006952  0.132819
                             3821:  0.072751  0.068127  0.003406
                             3822:  0.068818  0.065346  0.010217
                             3823:  0.064886  0.062565  0.017028
                             3824:  0.060953  0.059785  0.023839
                             3825:  0.057021  0.057004  0.030651
                             3826:  0.053088  0.054223  0.037462
                             3827:  0.049156  0.051442  0.044273
                             3828:  0.045223  0.048662  0.051084
                             3829:  0.041291  0.045881  0.057895
                             3830:  0.037358  0.043100  0.064707
                             3831:  0.033426  0.040320  0.071518
                             3832:  0.029494  0.037539  0.078329
                             3833:  0.025561  0.034758  0.085140
                             3834:  0.021629  0.031978  0.091952
                             3835:  0.017696  0.029197  0.098763
                             3836:  0.013764  0.026416  0.105574
                             3837:  0.009831  0.023636  0.112385
                             3838:  0.005899  0.020855  0.119197
                             3839:  0.001966  0.018074  0.126008
                             3840: -0.001966  0.015294  0.132819
                             3841:  0.072751  0.076469  0.003406
                             3842:  0.068818  0.073688  0.010217
                             3843:  0.064886  0.070907  0.017028
                             3844:  0.060953  0.068127  0.023839
                             3845:  0.057021  0.065346  0.030651
                             3846:  0.053088  0.062565  0.037462
                             3847:  0.049156  0.059785  0.044273
                             3848:  0.045223  0.057004  0.051084
                             3849:  0.041291  0.054223  0.057895
                             3850:  0.037358  0.051442  0.064707
                             3851:  0.033426  0.048662  0.071518
                             3852:  0.029494  0.045881  0.078329
                             3853:  0.025561  0.043100  0.085140
                             3854:  0.021629  0.040320  0.091952
                             3855:  0.017696  0.037539  0.098763
                             3856:  0.013764  0.034758  0.105574
                             3857:  0.009831  0.031978  0.112385
                             3858:  0.005899  0.029197  0.119197
                             3859:  0.001966  0.026416  0.126008
                             3860: -0.001966  0.023636  0.132819
                             3861:  0.072751  0.084811  0.003406
                             3862:  0.068818  0.082030  0.010217
                             3863:  0.064886  0.079249  0.017028
                             3864:  0.060953  0.076469  0.023839
                             3865:  0.057021  0.073688  0.030651
                             3866:  0.053088  0.070907  0.037462
                             3867:  0.049156  0.068127  0.044273
                             3868:  0.045223  0.065346  0.051084
                             3869:  0.041291  0.062565  0.057895
                             3870:  0.037358  0.059785  0.064707
                             3871:  0.033426  0.057004  0.071518
                             3872:  0.029494  0.054223  0.078329
                             3873:  0.025561  0.051442  0.085140
                             3874:  0.021629  0.048662  0.091952
                             3875:  0.017696  0.045881  0.098763
                             3876:  0.013764  0.043100  0.105574
                             3877:  0.009831  0.040320  0.112385
                             3878:  0.005899  0.037539  0.119197
                             3879:  0.001966  0.034758  0.126008
                             3880: -0.001966  0.031978  0.132819
                             3881:  0.072751  0.093153  0.003406
                             3882:  0.068818  0.090372  0.010217
                             3883:  0.064886  0.087591  0.017028
                             3884:  0.060953  0.084811  0.023839
                             3885:  0.057021  0.082030  0.030651
                             3886:  0.053088  0.079249  0.037462
                             3887:  0.049156  0.076469  0.044273
                             3888:  0.045223  0.073688  0.051084
                             3889:  0.041291  0.070907  0.057895
                             3890:  0.037358  0.068127  0.064707
                             3891:  0.033426  0.065346  0.071518
                             3892:  0.029494  0.062565  0.078329
                             3893:  0.025561  0.059785  0.085140
                             3894:  0.021629  0.057004  0.091952
                             3895:  0.017696  0.054223  0.098763
                             3896:  0.013764  0.051442  0.105574
                             3897:  0.009831  0.048662  0.112385
                             3898:  0.005899  0.045881  0.119197
                             3899:  0.001966  0.043100  0.126008
                             3900: -0.001966  0.040320  0.132819
                             3901:  0.072751  0.101495  0.003406
                             3902:  0.068818  0.098714  0.010217
                             3903:  0.064886  0.095933  0.017028
                             3904:  0.060953  0.093153  0.023839
                             3905:  0.057021  0.090372  0.030651
                             3906:  0.053088  0.087591  0.037462
                             3907:  0.049156  0.084811  0.044273
                             3908:  0.045223  0.082030  0.051084
                             3909:  0.041291  0.079249  0.057895
                             3910:  0.037358  0.076469  0.064707
                             3911:  0.033426  0.073688  0.071518
                             3912:  0.029494  0.070907  0.078329
                             3913:  0.025561  0.068127  0.085140
                             3914:  0.021629  0.065346  0.091952
                             3915:  0.017696  0.062565  0.098763
                             3916:  0.013764  0.059785  0.105574
                             3917:  0.009831  0.057004  0.112385
                             3918:  0.005899  0.054223  0.119197
                             3919:  0.001966  0.051443  0.126008
                             3920: -0.001966  0.048662  0.132819
                             3921:  0.072751  0.109837  0.003406
                             3922:  0.068818  0.107056  0.010217
                             3923:  0.064886  0.104275  0.017028
                             3924:  0.060953  0.101495  0.023839
                             3925:  0.057021  0.098714  0.030651
                             3926:  0.053088  0.095933  0.037462
                             3927:  0.049156  0.093153  0.044273
                             3928:  0.045223  0.090372  0.051084
                             3929:  0.041291  0.087591  0.057895
                             3930:  0.037358  0.084811  0.064707
                             3931:  0.033426  0.082030  0.071518
                             3932:  0.029494  0.079249  0.078329
                             3933:  0.025561  0.076469  0.085140
                             3934:  0.021629  0.073688  0.091952
                             3935:  0.017696  0.070907  0.098763
                             3936:  0.013764  0.068127  0.105574
                             3937:  0.009831  0.065346  0.112385
                             3938:  0.005899  0.062565  0.119197
                             3939:  0.001966  0.059785  0.126008
                             3940: -0.001966  0.057004  0.132819
                             3941:  0.072751  0.118179  0.003406
                             3942:  0.068818  0.115398  0.010217
                             3943:  0.064886  0.112617  0.017028
                             3944:  0.060953  0.109837  0.023839
                             3945:  0.057021  0.107056  0.030651
                             3946:  0.053088  0.104275  0.037462
                             3947:  0.049156  0.101495  0.044273
                             3948:  0.045223  0.098714  0.051084
                             3949:  0.041291  0.095933  0.057895
                             3950:  0.037358  0.093153  0.064707
                             3951:  0.033426  0.090372  0.071518
                             3952:  0.029494  0.087591  0.078329
                             3953:  0.025561  0.084811  0.085140
                             3954:  0.021629  0.082030  0.091952
                             3955:  0.017696  0.079249  0.098763
                             3956:  0.013764  0.076469  0.105574
                             3957:  0.009831  0.073688  0.112385
                             3958:  0.005899  0.070907  0.119197
                             3959:  0.001966  0.068127  0.126008
                             3960: -0.001966  0.065346  0.132819
                             3961:  0.072751  0.126521  0.003406
                             3962:  0.068818  0.123740  0.010217
                             3963:  0.064886  0.120959  0.017028
                             3964:  0.060953  0.118179  0.023839
                             3965:  0.057021  0.115398  0.030651
                             3966:  0.053088  0.112617  0.037462
                             3967:  0.049156  0.109837  0.044273
                             3968:  0.045223  0.107056  0.051084
                             3969:  0.041291  0.104275  0.057895
                             3970:  0.037358  0.101495  0.064707
                             3971:  0.033426  0.098714  0.071518
                             3972:  0.029494  0.095933  0.078329
                             3973:  0.025561  0.093153  0.085140
                             3974:  0.021629  0.090372  0.091952
                             3975:  0.017696  0.087591  0.098763
                             3976:  0.013764  0.084811  0.105574
                             3977:  0.009831  0.082030  0.112385
                             3978:  0.005899  0.079249  0.119197
                             3979:  0.001966  0.076469  0.126008
                             3980: -0.001966  0.073688  0.132819
                             3981:  0.072751  0.134863  0.003406
                             3982:  0.068818  0.132082  0.010217
                             3983:  0.064886  0.129301  0.017028
                             3984:  0.060953  0.126521  0.023839
                             3985:  0.057021  0.123740  0.030651
                             3986:  0.053088  0.120959  0.037462
                             3987:  0.049156  0.118179  0.044273
                             3988:  0.045223  0.115398  0.051084
                             3989:  0.041291  0.112617  0.057895
                             3990:  0.037358  0.109837  0.064707
                             3991:  0.033426  0.107056  0.071518
                             3992:  0.029494  0.104275  0.078329
                             3993:  0.025561  0.101495  0.085140
                             3994:  0.021629  0.098714  0.091952
                             3995:  0.017696  0.095933  0.098763
                             3996:  0.013764  0.093153  0.105574
                             3997:  0.009831  0.090372  0.112385
                             3998:  0.005899  0.087591  0.119197
                             3999:  0.001966  0.084811  0.126008
                             4000: -0.001966  0.082030  0.132819

Extra options:
                             Mulliken analysis

--------------------------------------------------------------------------------

***  Geometry step: 0

 iSCC Total electronic   Diff electronic      SCC error    
    1    0.00000000E+00    0.00000000E+00    0.11124435E-11
>> Charges saved for restart in charges.bin

Total Energy:                       -2.7538716606 H          -74.9367 eV
Extrapolated to 0K:                 -2.7538716606 H          -74.9367 eV
Total Mermin free energy:           -2.7538716606 H          -74.9367 eV
Force related energy:               -2.7538716606 H          -74.9367 eV


--------------------------------------------------------------------------------
DFTB+ running times                          cpu [s]             wall clock [s]
--------------------------------------------------------------------------------
Global initialisation                  +       0.01 (  0.1%)       0.01 (  0.2%)
SCC                                    +      13.93 ( 98.1%)       4.47 ( 94.5%)
--------------------------------------------------------------------------------
Missing                                +       0.25 (  1.8%)       0.25 (  5.3%)
Total                                  =      14.19 (100.0%)       4.73 (100.0%)
--------------------------------------------------------------------------------
