|===============================================================================
|
|  DFTB+ release 24.1
|
|  Copyright (C) 2006 - 2024  DFTB+ developers group
|
|===============================================================================
|
|  When publishing results obtained with DFTB+, please cite the following
|  reference:
|
|  * DFTB+, a software package for efficient approximate density functional
|    theory based atomistic simulations, J. Chem. Phys. 152, 124101 (2020).
|    [doi: 10.1063/1.5143190]
|
|  You should also cite additional publications crediting the parametrization
|  data you use. Please consult the documentation of the SK-files for the
|  references.
|
|===============================================================================

Reading input file 'dftb_in.hsd'
Parser version: 14

--------------------------------------------------------------------------------
***  Converting input from parser version 12 to parser version 14 ...
WARNING!
-> Keyword renamed to 'PrintForces'.
Path: dftbplusinput/Analysis/CalculateForces
Line: 38-38 (File: dftb_in.hsd)

***  Done.

Reading SK-files:
/Users/inp5/Desktop/research/tight_binding/dftb_test/params/siband-1.1.0/skfiles/Si-Si.skf
Done.


Processed input in HSD format written to 'dftb_pin.hsd'

Starting initialization...
--------------------------------------------------------------------------------
WARNING!
-> Dipole printed for extended system : value printed is not well defined
OpenMP threads:              12
Chosen random seed:          1429345768
Current stacksize:           8 [Mb] (recommended: unlimited)
WARNING!
-> Current stacksize not set to unlimited or hard limit, which might cause
   random crashes (e.g. segmentation faults). It is advised to unlimit the
   stacksize by issuing 'ulimit -s unlimited' (Linux) or setting it to the 
   hard limit by 'ulimit -s hard' (Mac) in advance.
Mode:                        Static calculation
Self consistent charges:     Yes
SCC-tolerance:                 0.100000E-04
Max. scc iterations:                    100
Shell resolved Hubbard:      No
Spin polarisation:           No
Nr. of up electrons:             4.000000
Nr. of down electrons:           4.000000
Periodic boundaries:         Yes
Electronic solver:           Relatively robust
Mixer:                       Broyden mixer
Mixing parameter:                  0.200000
Maximal SCC-cycles:                     100
Nr. of chrg. vec. in memory:            100
Electronic temperature:              0.100000E-07 H      0.272114E-06 eV
Initial charges:             Set automatically (system chrg:   0.000E+00)
Included shells:            Si:  s, p, d
K-points and weights:           1:  0.000000  0.000000  0.000000     0.000125
                                2:  0.000000  0.000000  0.050000     0.000250
                                3:  0.000000  0.000000  0.100000     0.000250
                                4:  0.000000  0.000000  0.150000     0.000250
                                5:  0.000000  0.000000  0.200000     0.000250
                                6:  0.000000  0.000000  0.250000     0.000250
                                7:  0.000000  0.000000  0.300000     0.000250
                                8:  0.000000  0.000000  0.350000     0.000250
                                9:  0.000000  0.000000  0.400000     0.000250
                               10:  0.000000  0.000000  0.450000     0.000250
                               11:  0.000000  0.000000  0.500000     0.000125
                               12:  0.000000  0.050000  0.000000     0.000250
                               13:  0.000000  0.050000  0.050000     0.000250
                               14:  0.000000  0.050000  0.100000     0.000250
                               15:  0.000000  0.050000  0.150000     0.000250
                               16:  0.000000  0.050000  0.200000     0.000250
                               17:  0.000000  0.050000  0.250000     0.000250
                               18:  0.000000  0.050000  0.300000     0.000250
                               19:  0.000000  0.050000  0.350000     0.000250
                               20:  0.000000  0.050000  0.400000     0.000250
                               21:  0.000000  0.050000  0.450000     0.000250
                               22:  0.000000  0.050000  0.500000     0.000250
                               23:  0.000000  0.050000  0.550000     0.000250
                               24:  0.000000  0.050000  0.600000     0.000250
                               25:  0.000000  0.050000  0.650000     0.000250
                               26:  0.000000  0.050000  0.700000     0.000250
                               27:  0.000000  0.050000  0.750000     0.000250
                               28:  0.000000  0.050000  0.800000     0.000250
                               29:  0.000000  0.050000  0.850000     0.000250
                               30:  0.000000  0.050000  0.900000     0.000250
                               31:  0.000000  0.050000  0.950000     0.000250
                               32:  0.000000  0.100000  0.000000     0.000250
                               33:  0.000000  0.100000  0.050000     0.000250
                               34:  0.000000  0.100000  0.100000     0.000250
                               35:  0.000000  0.100000  0.150000     0.000250
                               36:  0.000000  0.100000  0.200000     0.000250
                               37:  0.000000  0.100000  0.250000     0.000250
                               38:  0.000000  0.100000  0.300000     0.000250
                               39:  0.000000  0.100000  0.350000     0.000250
                               40:  0.000000  0.100000  0.400000     0.000250
                               41:  0.000000  0.100000  0.450000     0.000250
                               42:  0.000000  0.100000  0.500000     0.000250
                               43:  0.000000  0.100000  0.550000     0.000250
                               44:  0.000000  0.100000  0.600000     0.000250
                               45:  0.000000  0.100000  0.650000     0.000250
                               46:  0.000000  0.100000  0.700000     0.000250
                               47:  0.000000  0.100000  0.750000     0.000250
                               48:  0.000000  0.100000  0.800000     0.000250
                               49:  0.000000  0.100000  0.850000     0.000250
                               50:  0.000000  0.100000  0.900000     0.000250
                               51:  0.000000  0.100000  0.950000     0.000250
                               52:  0.000000  0.150000  0.000000     0.000250
                               53:  0.000000  0.150000  0.050000     0.000250
                               54:  0.000000  0.150000  0.100000     0.000250
                               55:  0.000000  0.150000  0.150000     0.000250
                               56:  0.000000  0.150000  0.200000     0.000250
                               57:  0.000000  0.150000  0.250000     0.000250
                               58:  0.000000  0.150000  0.300000     0.000250
                               59:  0.000000  0.150000  0.350000     0.000250
                               60:  0.000000  0.150000  0.400000     0.000250
                               61:  0.000000  0.150000  0.450000     0.000250
                               62:  0.000000  0.150000  0.500000     0.000250
                               63:  0.000000  0.150000  0.550000     0.000250
                               64:  0.000000  0.150000  0.600000     0.000250
                               65:  0.000000  0.150000  0.650000     0.000250
                               66:  0.000000  0.150000  0.700000     0.000250
                               67:  0.000000  0.150000  0.750000     0.000250
                               68:  0.000000  0.150000  0.800000     0.000250
                               69:  0.000000  0.150000  0.850000     0.000250
                               70:  0.000000  0.150000  0.900000     0.000250
                               71:  0.000000  0.150000  0.950000     0.000250
                               72:  0.000000  0.200000  0.000000     0.000250
                               73:  0.000000  0.200000  0.050000     0.000250
                               74:  0.000000  0.200000  0.100000     0.000250
                               75:  0.000000  0.200000  0.150000     0.000250
                               76:  0.000000  0.200000  0.200000     0.000250
                               77:  0.000000  0.200000  0.250000     0.000250
                               78:  0.000000  0.200000  0.300000     0.000250
                               79:  0.000000  0.200000  0.350000     0.000250
                               80:  0.000000  0.200000  0.400000     0.000250
                               81:  0.000000  0.200000  0.450000     0.000250
                               82:  0.000000  0.200000  0.500000     0.000250
                               83:  0.000000  0.200000  0.550000     0.000250
                               84:  0.000000  0.200000  0.600000     0.000250
                               85:  0.000000  0.200000  0.650000     0.000250
                               86:  0.000000  0.200000  0.700000     0.000250
                               87:  0.000000  0.200000  0.750000     0.000250
                               88:  0.000000  0.200000  0.800000     0.000250
                               89:  0.000000  0.200000  0.850000     0.000250
                               90:  0.000000  0.200000  0.900000     0.000250
                               91:  0.000000  0.200000  0.950000     0.000250
                               92:  0.000000  0.250000  0.000000     0.000250
                               93:  0.000000  0.250000  0.050000     0.000250
                               94:  0.000000  0.250000  0.100000     0.000250
                               95:  0.000000  0.250000  0.150000     0.000250
                               96:  0.000000  0.250000  0.200000     0.000250
                               97:  0.000000  0.250000  0.250000     0.000250
                               98:  0.000000  0.250000  0.300000     0.000250
                               99:  0.000000  0.250000  0.350000     0.000250
                              100:  0.000000  0.250000  0.400000     0.000250
                              101:  0.000000  0.250000  0.450000     0.000250
                              102:  0.000000  0.250000  0.500000     0.000250
                              103:  0.000000  0.250000  0.550000     0.000250
                              104:  0.000000  0.250000  0.600000     0.000250
                              105:  0.000000  0.250000  0.650000     0.000250
                              106:  0.000000  0.250000  0.700000     0.000250
                              107:  0.000000  0.250000  0.750000     0.000250
                              108:  0.000000  0.250000  0.800000     0.000250
                              109:  0.000000  0.250000  0.850000     0.000250
                              110:  0.000000  0.250000  0.900000     0.000250
                              111:  0.000000  0.250000  0.950000     0.000250
                              112:  0.000000  0.300000  0.000000     0.000250
                              113:  0.000000  0.300000  0.050000     0.000250
                              114:  0.000000  0.300000  0.100000     0.000250
                              115:  0.000000  0.300000  0.150000     0.000250
                              116:  0.000000  0.300000  0.200000     0.000250
                              117:  0.000000  0.300000  0.250000     0.000250
                              118:  0.000000  0.300000  0.300000     0.000250
                              119:  0.000000  0.300000  0.350000     0.000250
                              120:  0.000000  0.300000  0.400000     0.000250
                              121:  0.000000  0.300000  0.450000     0.000250
                              122:  0.000000  0.300000  0.500000     0.000250
                              123:  0.000000  0.300000  0.550000     0.000250
                              124:  0.000000  0.300000  0.600000     0.000250
                              125:  0.000000  0.300000  0.650000     0.000250
                              126:  0.000000  0.300000  0.700000     0.000250
                              127:  0.000000  0.300000  0.750000     0.000250
                              128:  0.000000  0.300000  0.800000     0.000250
                              129:  0.000000  0.300000  0.850000     0.000250
                              130:  0.000000  0.300000  0.900000     0.000250
                              131:  0.000000  0.300000  0.950000     0.000250
                              132:  0.000000  0.350000  0.000000     0.000250
                              133:  0.000000  0.350000  0.050000     0.000250
                              134:  0.000000  0.350000  0.100000     0.000250
                              135:  0.000000  0.350000  0.150000     0.000250
                              136:  0.000000  0.350000  0.200000     0.000250
                              137:  0.000000  0.350000  0.250000     0.000250
                              138:  0.000000  0.350000  0.300000     0.000250
                              139:  0.000000  0.350000  0.350000     0.000250
                              140:  0.000000  0.350000  0.400000     0.000250
                              141:  0.000000  0.350000  0.450000     0.000250
                              142:  0.000000  0.350000  0.500000     0.000250
                              143:  0.000000  0.350000  0.550000     0.000250
                              144:  0.000000  0.350000  0.600000     0.000250
                              145:  0.000000  0.350000  0.650000     0.000250
                              146:  0.000000  0.350000  0.700000     0.000250
                              147:  0.000000  0.350000  0.750000     0.000250
                              148:  0.000000  0.350000  0.800000     0.000250
                              149:  0.000000  0.350000  0.850000     0.000250
                              150:  0.000000  0.350000  0.900000     0.000250
                              151:  0.000000  0.350000  0.950000     0.000250
                              152:  0.000000  0.400000  0.000000     0.000250
                              153:  0.000000  0.400000  0.050000     0.000250
                              154:  0.000000  0.400000  0.100000     0.000250
                              155:  0.000000  0.400000  0.150000     0.000250
                              156:  0.000000  0.400000  0.200000     0.000250
                              157:  0.000000  0.400000  0.250000     0.000250
                              158:  0.000000  0.400000  0.300000     0.000250
                              159:  0.000000  0.400000  0.350000     0.000250
                              160:  0.000000  0.400000  0.400000     0.000250
                              161:  0.000000  0.400000  0.450000     0.000250
                              162:  0.000000  0.400000  0.500000     0.000250
                              163:  0.000000  0.400000  0.550000     0.000250
                              164:  0.000000  0.400000  0.600000     0.000250
                              165:  0.000000  0.400000  0.650000     0.000250
                              166:  0.000000  0.400000  0.700000     0.000250
                              167:  0.000000  0.400000  0.750000     0.000250
                              168:  0.000000  0.400000  0.800000     0.000250
                              169:  0.000000  0.400000  0.850000     0.000250
                              170:  0.000000  0.400000  0.900000     0.000250
                              171:  0.000000  0.400000  0.950000     0.000250
                              172:  0.000000  0.450000  0.000000     0.000250
                              173:  0.000000  0.450000  0.050000     0.000250
                              174:  0.000000  0.450000  0.100000     0.000250
                              175:  0.000000  0.450000  0.150000     0.000250
                              176:  0.000000  0.450000  0.200000     0.000250
                              177:  0.000000  0.450000  0.250000     0.000250
                              178:  0.000000  0.450000  0.300000     0.000250
                              179:  0.000000  0.450000  0.350000     0.000250
                              180:  0.000000  0.450000  0.400000     0.000250
                              181:  0.000000  0.450000  0.450000     0.000250
                              182:  0.000000  0.450000  0.500000     0.000250
                              183:  0.000000  0.450000  0.550000     0.000250
                              184:  0.000000  0.450000  0.600000     0.000250
                              185:  0.000000  0.450000  0.650000     0.000250
                              186:  0.000000  0.450000  0.700000     0.000250
                              187:  0.000000  0.450000  0.750000     0.000250
                              188:  0.000000  0.450000  0.800000     0.000250
                              189:  0.000000  0.450000  0.850000     0.000250
                              190:  0.000000  0.450000  0.900000     0.000250
                              191:  0.000000  0.450000  0.950000     0.000250
                              192:  0.000000  0.500000  0.000000     0.000125
                              193:  0.000000  0.500000  0.050000     0.000250
                              194:  0.000000  0.500000  0.100000     0.000250
                              195:  0.000000  0.500000  0.150000     0.000250
                              196:  0.000000  0.500000  0.200000     0.000250
                              197:  0.000000  0.500000  0.250000     0.000250
                              198:  0.000000  0.500000  0.300000     0.000250
                              199:  0.000000  0.500000  0.350000     0.000250
                              200:  0.000000  0.500000  0.400000     0.000250
                              201:  0.000000  0.500000  0.450000     0.000250
                              202:  0.000000  0.500000  0.500000     0.000125
                              203:  0.050000  0.000000  0.000000     0.000250
                              204:  0.050000  0.000000  0.050000     0.000250
                              205:  0.050000  0.000000  0.100000     0.000250
                              206:  0.050000  0.000000  0.150000     0.000250
                              207:  0.050000  0.000000  0.200000     0.000250
                              208:  0.050000  0.000000  0.250000     0.000250
                              209:  0.050000  0.000000  0.300000     0.000250
                              210:  0.050000  0.000000  0.350000     0.000250
                              211:  0.050000  0.000000  0.400000     0.000250
                              212:  0.050000  0.000000  0.450000     0.000250
                              213:  0.050000  0.000000  0.500000     0.000250
                              214:  0.050000  0.000000  0.550000     0.000250
                              215:  0.050000  0.000000  0.600000     0.000250
                              216:  0.050000  0.000000  0.650000     0.000250
                              217:  0.050000  0.000000  0.700000     0.000250
                              218:  0.050000  0.000000  0.750000     0.000250
                              219:  0.050000  0.000000  0.800000     0.000250
                              220:  0.050000  0.000000  0.850000     0.000250
                              221:  0.050000  0.000000  0.900000     0.000250
                              222:  0.050000  0.000000  0.950000     0.000250
                              223:  0.050000  0.050000  0.000000     0.000250
                              224:  0.050000  0.050000  0.050000     0.000250
                              225:  0.050000  0.050000  0.100000     0.000250
                              226:  0.050000  0.050000  0.150000     0.000250
                              227:  0.050000  0.050000  0.200000     0.000250
                              228:  0.050000  0.050000  0.250000     0.000250
                              229:  0.050000  0.050000  0.300000     0.000250
                              230:  0.050000  0.050000  0.350000     0.000250
                              231:  0.050000  0.050000  0.400000     0.000250
                              232:  0.050000  0.050000  0.450000     0.000250
                              233:  0.050000  0.050000  0.500000     0.000250
                              234:  0.050000  0.050000  0.550000     0.000250
                              235:  0.050000  0.050000  0.600000     0.000250
                              236:  0.050000  0.050000  0.650000     0.000250
                              237:  0.050000  0.050000  0.700000     0.000250
                              238:  0.050000  0.050000  0.750000     0.000250
                              239:  0.050000  0.050000  0.800000     0.000250
                              240:  0.050000  0.050000  0.850000     0.000250
                              241:  0.050000  0.050000  0.900000     0.000250
                              242:  0.050000  0.050000  0.950000     0.000250
                              243:  0.050000  0.100000  0.000000     0.000250
                              244:  0.050000  0.100000  0.050000     0.000250
                              245:  0.050000  0.100000  0.100000     0.000250
                              246:  0.050000  0.100000  0.150000     0.000250
                              247:  0.050000  0.100000  0.200000     0.000250
                              248:  0.050000  0.100000  0.250000     0.000250
                              249:  0.050000  0.100000  0.300000     0.000250
                              250:  0.050000  0.100000  0.350000     0.000250
                              251:  0.050000  0.100000  0.400000     0.000250
                              252:  0.050000  0.100000  0.450000     0.000250
                              253:  0.050000  0.100000  0.500000     0.000250
                              254:  0.050000  0.100000  0.550000     0.000250
                              255:  0.050000  0.100000  0.600000     0.000250
                              256:  0.050000  0.100000  0.650000     0.000250
                              257:  0.050000  0.100000  0.700000     0.000250
                              258:  0.050000  0.100000  0.750000     0.000250
                              259:  0.050000  0.100000  0.800000     0.000250
                              260:  0.050000  0.100000  0.850000     0.000250
                              261:  0.050000  0.100000  0.900000     0.000250
                              262:  0.050000  0.100000  0.950000     0.000250
                              263:  0.050000  0.150000  0.000000     0.000250
                              264:  0.050000  0.150000  0.050000     0.000250
                              265:  0.050000  0.150000  0.100000     0.000250
                              266:  0.050000  0.150000  0.150000     0.000250
                              267:  0.050000  0.150000  0.200000     0.000250
                              268:  0.050000  0.150000  0.250000     0.000250
                              269:  0.050000  0.150000  0.300000     0.000250
                              270:  0.050000  0.150000  0.350000     0.000250
                              271:  0.050000  0.150000  0.400000     0.000250
                              272:  0.050000  0.150000  0.450000     0.000250
                              273:  0.050000  0.150000  0.500000     0.000250
                              274:  0.050000  0.150000  0.550000     0.000250
                              275:  0.050000  0.150000  0.600000     0.000250
                              276:  0.050000  0.150000  0.650000     0.000250
                              277:  0.050000  0.150000  0.700000     0.000250
                              278:  0.050000  0.150000  0.750000     0.000250
                              279:  0.050000  0.150000  0.800000     0.000250
                              280:  0.050000  0.150000  0.850000     0.000250
                              281:  0.050000  0.150000  0.900000     0.000250
                              282:  0.050000  0.150000  0.950000     0.000250
                              283:  0.050000  0.200000  0.000000     0.000250
                              284:  0.050000  0.200000  0.050000     0.000250
                              285:  0.050000  0.200000  0.100000     0.000250
                              286:  0.050000  0.200000  0.150000     0.000250
                              287:  0.050000  0.200000  0.200000     0.000250
                              288:  0.050000  0.200000  0.250000     0.000250
                              289:  0.050000  0.200000  0.300000     0.000250
                              290:  0.050000  0.200000  0.350000     0.000250
                              291:  0.050000  0.200000  0.400000     0.000250
                              292:  0.050000  0.200000  0.450000     0.000250
                              293:  0.050000  0.200000  0.500000     0.000250
                              294:  0.050000  0.200000  0.550000     0.000250
                              295:  0.050000  0.200000  0.600000     0.000250
                              296:  0.050000  0.200000  0.650000     0.000250
                              297:  0.050000  0.200000  0.700000     0.000250
                              298:  0.050000  0.200000  0.750000     0.000250
                              299:  0.050000  0.200000  0.800000     0.000250
                              300:  0.050000  0.200000  0.850000     0.000250
                              301:  0.050000  0.200000  0.900000     0.000250
                              302:  0.050000  0.200000  0.950000     0.000250
                              303:  0.050000  0.250000  0.000000     0.000250
                              304:  0.050000  0.250000  0.050000     0.000250
                              305:  0.050000  0.250000  0.100000     0.000250
                              306:  0.050000  0.250000  0.150000     0.000250
                              307:  0.050000  0.250000  0.200000     0.000250
                              308:  0.050000  0.250000  0.250000     0.000250
                              309:  0.050000  0.250000  0.300000     0.000250
                              310:  0.050000  0.250000  0.350000     0.000250
                              311:  0.050000  0.250000  0.400000     0.000250
                              312:  0.050000  0.250000  0.450000     0.000250
                              313:  0.050000  0.250000  0.500000     0.000250
                              314:  0.050000  0.250000  0.550000     0.000250
                              315:  0.050000  0.250000  0.600000     0.000250
                              316:  0.050000  0.250000  0.650000     0.000250
                              317:  0.050000  0.250000  0.700000     0.000250
                              318:  0.050000  0.250000  0.750000     0.000250
                              319:  0.050000  0.250000  0.800000     0.000250
                              320:  0.050000  0.250000  0.850000     0.000250
                              321:  0.050000  0.250000  0.900000     0.000250
                              322:  0.050000  0.250000  0.950000     0.000250
                              323:  0.050000  0.300000  0.000000     0.000250
                              324:  0.050000  0.300000  0.050000     0.000250
                              325:  0.050000  0.300000  0.100000     0.000250
                              326:  0.050000  0.300000  0.150000     0.000250
                              327:  0.050000  0.300000  0.200000     0.000250
                              328:  0.050000  0.300000  0.250000     0.000250
                              329:  0.050000  0.300000  0.300000     0.000250
                              330:  0.050000  0.300000  0.350000     0.000250
                              331:  0.050000  0.300000  0.400000     0.000250
                              332:  0.050000  0.300000  0.450000     0.000250
                              333:  0.050000  0.300000  0.500000     0.000250
                              334:  0.050000  0.300000  0.550000     0.000250
                              335:  0.050000  0.300000  0.600000     0.000250
                              336:  0.050000  0.300000  0.650000     0.000250
                              337:  0.050000  0.300000  0.700000     0.000250
                              338:  0.050000  0.300000  0.750000     0.000250
                              339:  0.050000  0.300000  0.800000     0.000250
                              340:  0.050000  0.300000  0.850000     0.000250
                              341:  0.050000  0.300000  0.900000     0.000250
                              342:  0.050000  0.300000  0.950000     0.000250
                              343:  0.050000  0.350000  0.000000     0.000250
                              344:  0.050000  0.350000  0.050000     0.000250
                              345:  0.050000  0.350000  0.100000     0.000250
                              346:  0.050000  0.350000  0.150000     0.000250
                              347:  0.050000  0.350000  0.200000     0.000250
                              348:  0.050000  0.350000  0.250000     0.000250
                              349:  0.050000  0.350000  0.300000     0.000250
                              350:  0.050000  0.350000  0.350000     0.000250
                              351:  0.050000  0.350000  0.400000     0.000250
                              352:  0.050000  0.350000  0.450000     0.000250
                              353:  0.050000  0.350000  0.500000     0.000250
                              354:  0.050000  0.350000  0.550000     0.000250
                              355:  0.050000  0.350000  0.600000     0.000250
                              356:  0.050000  0.350000  0.650000     0.000250
                              357:  0.050000  0.350000  0.700000     0.000250
                              358:  0.050000  0.350000  0.750000     0.000250
                              359:  0.050000  0.350000  0.800000     0.000250
                              360:  0.050000  0.350000  0.850000     0.000250
                              361:  0.050000  0.350000  0.900000     0.000250
                              362:  0.050000  0.350000  0.950000     0.000250
                              363:  0.050000  0.400000  0.000000     0.000250
                              364:  0.050000  0.400000  0.050000     0.000250
                              365:  0.050000  0.400000  0.100000     0.000250
                              366:  0.050000  0.400000  0.150000     0.000250
                              367:  0.050000  0.400000  0.200000     0.000250
                              368:  0.050000  0.400000  0.250000     0.000250
                              369:  0.050000  0.400000  0.300000     0.000250
                              370:  0.050000  0.400000  0.350000     0.000250
                              371:  0.050000  0.400000  0.400000     0.000250
                              372:  0.050000  0.400000  0.450000     0.000250
                              373:  0.050000  0.400000  0.500000     0.000250
                              374:  0.050000  0.400000  0.550000     0.000250
                              375:  0.050000  0.400000  0.600000     0.000250
                              376:  0.050000  0.400000  0.650000     0.000250
                              377:  0.050000  0.400000  0.700000     0.000250
                              378:  0.050000  0.400000  0.750000     0.000250
                              379:  0.050000  0.400000  0.800000     0.000250
                              380:  0.050000  0.400000  0.850000     0.000250
                              381:  0.050000  0.400000  0.900000     0.000250
                              382:  0.050000  0.400000  0.950000     0.000250
                              383:  0.050000  0.450000  0.000000     0.000250
                              384:  0.050000  0.450000  0.050000     0.000250
                              385:  0.050000  0.450000  0.100000     0.000250
                              386:  0.050000  0.450000  0.150000     0.000250
                              387:  0.050000  0.450000  0.200000     0.000250
                              388:  0.050000  0.450000  0.250000     0.000250
                              389:  0.050000  0.450000  0.300000     0.000250
                              390:  0.050000  0.450000  0.350000     0.000250
                              391:  0.050000  0.450000  0.400000     0.000250
                              392:  0.050000  0.450000  0.450000     0.000250
                              393:  0.050000  0.450000  0.500000     0.000250
                              394:  0.050000  0.450000  0.550000     0.000250
                              395:  0.050000  0.450000  0.600000     0.000250
                              396:  0.050000  0.450000  0.650000     0.000250
                              397:  0.050000  0.450000  0.700000     0.000250
                              398:  0.050000  0.450000  0.750000     0.000250
                              399:  0.050000  0.450000  0.800000     0.000250
                              400:  0.050000  0.450000  0.850000     0.000250
                              401:  0.050000  0.450000  0.900000     0.000250
                              402:  0.050000  0.450000  0.950000     0.000250
                              403:  0.050000  0.500000  0.000000     0.000250
                              404:  0.050000  0.500000  0.050000     0.000250
                              405:  0.050000  0.500000  0.100000     0.000250
                              406:  0.050000  0.500000  0.150000     0.000250
                              407:  0.050000  0.500000  0.200000     0.000250
                              408:  0.050000  0.500000  0.250000     0.000250
                              409:  0.050000  0.500000  0.300000     0.000250
                              410:  0.050000  0.500000  0.350000     0.000250
                              411:  0.050000  0.500000  0.400000     0.000250
                              412:  0.050000  0.500000  0.450000     0.000250
                              413:  0.050000  0.500000  0.500000     0.000250
                              414:  0.050000  0.500000  0.550000     0.000250
                              415:  0.050000  0.500000  0.600000     0.000250
                              416:  0.050000  0.500000  0.650000     0.000250
                              417:  0.050000  0.500000  0.700000     0.000250
                              418:  0.050000  0.500000  0.750000     0.000250
                              419:  0.050000  0.500000  0.800000     0.000250
                              420:  0.050000  0.500000  0.850000     0.000250
                              421:  0.050000  0.500000  0.900000     0.000250
                              422:  0.050000  0.500000  0.950000     0.000250
                              423:  0.050000  0.550000  0.000000     0.000250
                              424:  0.050000  0.550000  0.050000     0.000250
                              425:  0.050000  0.550000  0.100000     0.000250
                              426:  0.050000  0.550000  0.150000     0.000250
                              427:  0.050000  0.550000  0.200000     0.000250
                              428:  0.050000  0.550000  0.250000     0.000250
                              429:  0.050000  0.550000  0.300000     0.000250
                              430:  0.050000  0.550000  0.350000     0.000250
                              431:  0.050000  0.550000  0.400000     0.000250
                              432:  0.050000  0.550000  0.450000     0.000250
                              433:  0.050000  0.550000  0.500000     0.000250
                              434:  0.050000  0.550000  0.550000     0.000250
                              435:  0.050000  0.550000  0.600000     0.000250
                              436:  0.050000  0.550000  0.650000     0.000250
                              437:  0.050000  0.550000  0.700000     0.000250
                              438:  0.050000  0.550000  0.750000     0.000250
                              439:  0.050000  0.550000  0.800000     0.000250
                              440:  0.050000  0.550000  0.850000     0.000250
                              441:  0.050000  0.550000  0.900000     0.000250
                              442:  0.050000  0.550000  0.950000     0.000250
                              443:  0.050000  0.600000  0.000000     0.000250
                              444:  0.050000  0.600000  0.050000     0.000250
                              445:  0.050000  0.600000  0.100000     0.000250
                              446:  0.050000  0.600000  0.150000     0.000250
                              447:  0.050000  0.600000  0.200000     0.000250
                              448:  0.050000  0.600000  0.250000     0.000250
                              449:  0.050000  0.600000  0.300000     0.000250
                              450:  0.050000  0.600000  0.350000     0.000250
                              451:  0.050000  0.600000  0.400000     0.000250
                              452:  0.050000  0.600000  0.450000     0.000250
                              453:  0.050000  0.600000  0.500000     0.000250
                              454:  0.050000  0.600000  0.550000     0.000250
                              455:  0.050000  0.600000  0.600000     0.000250
                              456:  0.050000  0.600000  0.650000     0.000250
                              457:  0.050000  0.600000  0.700000     0.000250
                              458:  0.050000  0.600000  0.750000     0.000250
                              459:  0.050000  0.600000  0.800000     0.000250
                              460:  0.050000  0.600000  0.850000     0.000250
                              461:  0.050000  0.600000  0.900000     0.000250
                              462:  0.050000  0.600000  0.950000     0.000250
                              463:  0.050000  0.650000  0.000000     0.000250
                              464:  0.050000  0.650000  0.050000     0.000250
                              465:  0.050000  0.650000  0.100000     0.000250
                              466:  0.050000  0.650000  0.150000     0.000250
                              467:  0.050000  0.650000  0.200000     0.000250
                              468:  0.050000  0.650000  0.250000     0.000250
                              469:  0.050000  0.650000  0.300000     0.000250
                              470:  0.050000  0.650000  0.350000     0.000250
                              471:  0.050000  0.650000  0.400000     0.000250
                              472:  0.050000  0.650000  0.450000     0.000250
                              473:  0.050000  0.650000  0.500000     0.000250
                              474:  0.050000  0.650000  0.550000     0.000250
                              475:  0.050000  0.650000  0.600000     0.000250
                              476:  0.050000  0.650000  0.650000     0.000250
                              477:  0.050000  0.650000  0.700000     0.000250
                              478:  0.050000  0.650000  0.750000     0.000250
                              479:  0.050000  0.650000  0.800000     0.000250
                              480:  0.050000  0.650000  0.850000     0.000250
                              481:  0.050000  0.650000  0.900000     0.000250
                              482:  0.050000  0.650000  0.950000     0.000250
                              483:  0.050000  0.700000  0.000000     0.000250
                              484:  0.050000  0.700000  0.050000     0.000250
                              485:  0.050000  0.700000  0.100000     0.000250
                              486:  0.050000  0.700000  0.150000     0.000250
                              487:  0.050000  0.700000  0.200000     0.000250
                              488:  0.050000  0.700000  0.250000     0.000250
                              489:  0.050000  0.700000  0.300000     0.000250
                              490:  0.050000  0.700000  0.350000     0.000250
                              491:  0.050000  0.700000  0.400000     0.000250
                              492:  0.050000  0.700000  0.450000     0.000250
                              493:  0.050000  0.700000  0.500000     0.000250
                              494:  0.050000  0.700000  0.550000     0.000250
                              495:  0.050000  0.700000  0.600000     0.000250
                              496:  0.050000  0.700000  0.650000     0.000250
                              497:  0.050000  0.700000  0.700000     0.000250
                              498:  0.050000  0.700000  0.750000     0.000250
                              499:  0.050000  0.700000  0.800000     0.000250
                              500:  0.050000  0.700000  0.850000     0.000250
                              501:  0.050000  0.700000  0.900000     0.000250
                              502:  0.050000  0.700000  0.950000     0.000250
                              503:  0.050000  0.750000  0.000000     0.000250
                              504:  0.050000  0.750000  0.050000     0.000250
                              505:  0.050000  0.750000  0.100000     0.000250
                              506:  0.050000  0.750000  0.150000     0.000250
                              507:  0.050000  0.750000  0.200000     0.000250
                              508:  0.050000  0.750000  0.250000     0.000250
                              509:  0.050000  0.750000  0.300000     0.000250
                              510:  0.050000  0.750000  0.350000     0.000250
                              511:  0.050000  0.750000  0.400000     0.000250
                              512:  0.050000  0.750000  0.450000     0.000250
                              513:  0.050000  0.750000  0.500000     0.000250
                              514:  0.050000  0.750000  0.550000     0.000250
                              515:  0.050000  0.750000  0.600000     0.000250
                              516:  0.050000  0.750000  0.650000     0.000250
                              517:  0.050000  0.750000  0.700000     0.000250
                              518:  0.050000  0.750000  0.750000     0.000250
                              519:  0.050000  0.750000  0.800000     0.000250
                              520:  0.050000  0.750000  0.850000     0.000250
                              521:  0.050000  0.750000  0.900000     0.000250
                              522:  0.050000  0.750000  0.950000     0.000250
                              523:  0.050000  0.800000  0.000000     0.000250
                              524:  0.050000  0.800000  0.050000     0.000250
                              525:  0.050000  0.800000  0.100000     0.000250
                              526:  0.050000  0.800000  0.150000     0.000250
                              527:  0.050000  0.800000  0.200000     0.000250
                              528:  0.050000  0.800000  0.250000     0.000250
                              529:  0.050000  0.800000  0.300000     0.000250
                              530:  0.050000  0.800000  0.350000     0.000250
                              531:  0.050000  0.800000  0.400000     0.000250
                              532:  0.050000  0.800000  0.450000     0.000250
                              533:  0.050000  0.800000  0.500000     0.000250
                              534:  0.050000  0.800000  0.550000     0.000250
                              535:  0.050000  0.800000  0.600000     0.000250
                              536:  0.050000  0.800000  0.650000     0.000250
                              537:  0.050000  0.800000  0.700000     0.000250
                              538:  0.050000  0.800000  0.750000     0.000250
                              539:  0.050000  0.800000  0.800000     0.000250
                              540:  0.050000  0.800000  0.850000     0.000250
                              541:  0.050000  0.800000  0.900000     0.000250
                              542:  0.050000  0.800000  0.950000     0.000250
                              543:  0.050000  0.850000  0.000000     0.000250
                              544:  0.050000  0.850000  0.050000     0.000250
                              545:  0.050000  0.850000  0.100000     0.000250
                              546:  0.050000  0.850000  0.150000     0.000250
                              547:  0.050000  0.850000  0.200000     0.000250
                              548:  0.050000  0.850000  0.250000     0.000250
                              549:  0.050000  0.850000  0.300000     0.000250
                              550:  0.050000  0.850000  0.350000     0.000250
                              551:  0.050000  0.850000  0.400000     0.000250
                              552:  0.050000  0.850000  0.450000     0.000250
                              553:  0.050000  0.850000  0.500000     0.000250
                              554:  0.050000  0.850000  0.550000     0.000250
                              555:  0.050000  0.850000  0.600000     0.000250
                              556:  0.050000  0.850000  0.650000     0.000250
                              557:  0.050000  0.850000  0.700000     0.000250
                              558:  0.050000  0.850000  0.750000     0.000250
                              559:  0.050000  0.850000  0.800000     0.000250
                              560:  0.050000  0.850000  0.850000     0.000250
                              561:  0.050000  0.850000  0.900000     0.000250
                              562:  0.050000  0.850000  0.950000     0.000250
                              563:  0.050000  0.900000  0.000000     0.000250
                              564:  0.050000  0.900000  0.050000     0.000250
                              565:  0.050000  0.900000  0.100000     0.000250
                              566:  0.050000  0.900000  0.150000     0.000250
                              567:  0.050000  0.900000  0.200000     0.000250
                              568:  0.050000  0.900000  0.250000     0.000250
                              569:  0.050000  0.900000  0.300000     0.000250
                              570:  0.050000  0.900000  0.350000     0.000250
                              571:  0.050000  0.900000  0.400000     0.000250
                              572:  0.050000  0.900000  0.450000     0.000250
                              573:  0.050000  0.900000  0.500000     0.000250
                              574:  0.050000  0.900000  0.550000     0.000250
                              575:  0.050000  0.900000  0.600000     0.000250
                              576:  0.050000  0.900000  0.650000     0.000250
                              577:  0.050000  0.900000  0.700000     0.000250
                              578:  0.050000  0.900000  0.750000     0.000250
                              579:  0.050000  0.900000  0.800000     0.000250
                              580:  0.050000  0.900000  0.850000     0.000250
                              581:  0.050000  0.900000  0.900000     0.000250
                              582:  0.050000  0.900000  0.950000     0.000250
                              583:  0.050000  0.950000  0.000000     0.000250
                              584:  0.050000  0.950000  0.050000     0.000250
                              585:  0.050000  0.950000  0.100000     0.000250
                              586:  0.050000  0.950000  0.150000     0.000250
                              587:  0.050000  0.950000  0.200000     0.000250
                              588:  0.050000  0.950000  0.250000     0.000250
                              589:  0.050000  0.950000  0.300000     0.000250
                              590:  0.050000  0.950000  0.350000     0.000250
                              591:  0.050000  0.950000  0.400000     0.000250
                              592:  0.050000  0.950000  0.450000     0.000250
                              593:  0.050000  0.950000  0.500000     0.000250
                              594:  0.050000  0.950000  0.550000     0.000250
                              595:  0.050000  0.950000  0.600000     0.000250
                              596:  0.050000  0.950000  0.650000     0.000250
                              597:  0.050000  0.950000  0.700000     0.000250
                              598:  0.050000  0.950000  0.750000     0.000250
                              599:  0.050000  0.950000  0.800000     0.000250
                              600:  0.050000  0.950000  0.850000     0.000250
                              601:  0.050000  0.950000  0.900000     0.000250
                              602:  0.050000  0.950000  0.950000     0.000250
                              603:  0.100000  0.000000  0.000000     0.000250
                              604:  0.100000  0.000000  0.050000     0.000250
                              605:  0.100000  0.000000  0.100000     0.000250
                              606:  0.100000  0.000000  0.150000     0.000250
                              607:  0.100000  0.000000  0.200000     0.000250
                              608:  0.100000  0.000000  0.250000     0.000250
                              609:  0.100000  0.000000  0.300000     0.000250
                              610:  0.100000  0.000000  0.350000     0.000250
                              611:  0.100000  0.000000  0.400000     0.000250
                              612:  0.100000  0.000000  0.450000     0.000250
                              613:  0.100000  0.000000  0.500000     0.000250
                              614:  0.100000  0.000000  0.550000     0.000250
                              615:  0.100000  0.000000  0.600000     0.000250
                              616:  0.100000  0.000000  0.650000     0.000250
                              617:  0.100000  0.000000  0.700000     0.000250
                              618:  0.100000  0.000000  0.750000     0.000250
                              619:  0.100000  0.000000  0.800000     0.000250
                              620:  0.100000  0.000000  0.850000     0.000250
                              621:  0.100000  0.000000  0.900000     0.000250
                              622:  0.100000  0.000000  0.950000     0.000250
                              623:  0.100000  0.050000  0.000000     0.000250
                              624:  0.100000  0.050000  0.050000     0.000250
                              625:  0.100000  0.050000  0.100000     0.000250
                              626:  0.100000  0.050000  0.150000     0.000250
                              627:  0.100000  0.050000  0.200000     0.000250
                              628:  0.100000  0.050000  0.250000     0.000250
                              629:  0.100000  0.050000  0.300000     0.000250
                              630:  0.100000  0.050000  0.350000     0.000250
                              631:  0.100000  0.050000  0.400000     0.000250
                              632:  0.100000  0.050000  0.450000     0.000250
                              633:  0.100000  0.050000  0.500000     0.000250
                              634:  0.100000  0.050000  0.550000     0.000250
                              635:  0.100000  0.050000  0.600000     0.000250
                              636:  0.100000  0.050000  0.650000     0.000250
                              637:  0.100000  0.050000  0.700000     0.000250
                              638:  0.100000  0.050000  0.750000     0.000250
                              639:  0.100000  0.050000  0.800000     0.000250
                              640:  0.100000  0.050000  0.850000     0.000250
                              641:  0.100000  0.050000  0.900000     0.000250
                              642:  0.100000  0.050000  0.950000     0.000250
                              643:  0.100000  0.100000  0.000000     0.000250
                              644:  0.100000  0.100000  0.050000     0.000250
                              645:  0.100000  0.100000  0.100000     0.000250
                              646:  0.100000  0.100000  0.150000     0.000250
                              647:  0.100000  0.100000  0.200000     0.000250
                              648:  0.100000  0.100000  0.250000     0.000250
                              649:  0.100000  0.100000  0.300000     0.000250
                              650:  0.100000  0.100000  0.350000     0.000250
                              651:  0.100000  0.100000  0.400000     0.000250
                              652:  0.100000  0.100000  0.450000     0.000250
                              653:  0.100000  0.100000  0.500000     0.000250
                              654:  0.100000  0.100000  0.550000     0.000250
                              655:  0.100000  0.100000  0.600000     0.000250
                              656:  0.100000  0.100000  0.650000     0.000250
                              657:  0.100000  0.100000  0.700000     0.000250
                              658:  0.100000  0.100000  0.750000     0.000250
                              659:  0.100000  0.100000  0.800000     0.000250
                              660:  0.100000  0.100000  0.850000     0.000250
                              661:  0.100000  0.100000  0.900000     0.000250
                              662:  0.100000  0.100000  0.950000     0.000250
                              663:  0.100000  0.150000  0.000000     0.000250
                              664:  0.100000  0.150000  0.050000     0.000250
                              665:  0.100000  0.150000  0.100000     0.000250
                              666:  0.100000  0.150000  0.150000     0.000250
                              667:  0.100000  0.150000  0.200000     0.000250
                              668:  0.100000  0.150000  0.250000     0.000250
                              669:  0.100000  0.150000  0.300000     0.000250
                              670:  0.100000  0.150000  0.350000     0.000250
                              671:  0.100000  0.150000  0.400000     0.000250
                              672:  0.100000  0.150000  0.450000     0.000250
                              673:  0.100000  0.150000  0.500000     0.000250
                              674:  0.100000  0.150000  0.550000     0.000250
                              675:  0.100000  0.150000  0.600000     0.000250
                              676:  0.100000  0.150000  0.650000     0.000250
                              677:  0.100000  0.150000  0.700000     0.000250
                              678:  0.100000  0.150000  0.750000     0.000250
                              679:  0.100000  0.150000  0.800000     0.000250
                              680:  0.100000  0.150000  0.850000     0.000250
                              681:  0.100000  0.150000  0.900000     0.000250
                              682:  0.100000  0.150000  0.950000     0.000250
                              683:  0.100000  0.200000  0.000000     0.000250
                              684:  0.100000  0.200000  0.050000     0.000250
                              685:  0.100000  0.200000  0.100000     0.000250
                              686:  0.100000  0.200000  0.150000     0.000250
                              687:  0.100000  0.200000  0.200000     0.000250
                              688:  0.100000  0.200000  0.250000     0.000250
                              689:  0.100000  0.200000  0.300000     0.000250
                              690:  0.100000  0.200000  0.350000     0.000250
                              691:  0.100000  0.200000  0.400000     0.000250
                              692:  0.100000  0.200000  0.450000     0.000250
                              693:  0.100000  0.200000  0.500000     0.000250
                              694:  0.100000  0.200000  0.550000     0.000250
                              695:  0.100000  0.200000  0.600000     0.000250
                              696:  0.100000  0.200000  0.650000     0.000250
                              697:  0.100000  0.200000  0.700000     0.000250
                              698:  0.100000  0.200000  0.750000     0.000250
                              699:  0.100000  0.200000  0.800000     0.000250
                              700:  0.100000  0.200000  0.850000     0.000250
                              701:  0.100000  0.200000  0.900000     0.000250
                              702:  0.100000  0.200000  0.950000     0.000250
                              703:  0.100000  0.250000  0.000000     0.000250
                              704:  0.100000  0.250000  0.050000     0.000250
                              705:  0.100000  0.250000  0.100000     0.000250
                              706:  0.100000  0.250000  0.150000     0.000250
                              707:  0.100000  0.250000  0.200000     0.000250
                              708:  0.100000  0.250000  0.250000     0.000250
                              709:  0.100000  0.250000  0.300000     0.000250
                              710:  0.100000  0.250000  0.350000     0.000250
                              711:  0.100000  0.250000  0.400000     0.000250
                              712:  0.100000  0.250000  0.450000     0.000250
                              713:  0.100000  0.250000  0.500000     0.000250
                              714:  0.100000  0.250000  0.550000     0.000250
                              715:  0.100000  0.250000  0.600000     0.000250
                              716:  0.100000  0.250000  0.650000     0.000250
                              717:  0.100000  0.250000  0.700000     0.000250
                              718:  0.100000  0.250000  0.750000     0.000250
                              719:  0.100000  0.250000  0.800000     0.000250
                              720:  0.100000  0.250000  0.850000     0.000250
                              721:  0.100000  0.250000  0.900000     0.000250
                              722:  0.100000  0.250000  0.950000     0.000250
                              723:  0.100000  0.300000  0.000000     0.000250
                              724:  0.100000  0.300000  0.050000     0.000250
                              725:  0.100000  0.300000  0.100000     0.000250
                              726:  0.100000  0.300000  0.150000     0.000250
                              727:  0.100000  0.300000  0.200000     0.000250
                              728:  0.100000  0.300000  0.250000     0.000250
                              729:  0.100000  0.300000  0.300000     0.000250
                              730:  0.100000  0.300000  0.350000     0.000250
                              731:  0.100000  0.300000  0.400000     0.000250
                              732:  0.100000  0.300000  0.450000     0.000250
                              733:  0.100000  0.300000  0.500000     0.000250
                              734:  0.100000  0.300000  0.550000     0.000250
                              735:  0.100000  0.300000  0.600000     0.000250
                              736:  0.100000  0.300000  0.650000     0.000250
                              737:  0.100000  0.300000  0.700000     0.000250
                              738:  0.100000  0.300000  0.750000     0.000250
                              739:  0.100000  0.300000  0.800000     0.000250
                              740:  0.100000  0.300000  0.850000     0.000250
                              741:  0.100000  0.300000  0.900000     0.000250
                              742:  0.100000  0.300000  0.950000     0.000250
                              743:  0.100000  0.350000  0.000000     0.000250
                              744:  0.100000  0.350000  0.050000     0.000250
                              745:  0.100000  0.350000  0.100000     0.000250
                              746:  0.100000  0.350000  0.150000     0.000250
                              747:  0.100000  0.350000  0.200000     0.000250
                              748:  0.100000  0.350000  0.250000     0.000250
                              749:  0.100000  0.350000  0.300000     0.000250
                              750:  0.100000  0.350000  0.350000     0.000250
                              751:  0.100000  0.350000  0.400000     0.000250
                              752:  0.100000  0.350000  0.450000     0.000250
                              753:  0.100000  0.350000  0.500000     0.000250
                              754:  0.100000  0.350000  0.550000     0.000250
                              755:  0.100000  0.350000  0.600000     0.000250
                              756:  0.100000  0.350000  0.650000     0.000250
                              757:  0.100000  0.350000  0.700000     0.000250
                              758:  0.100000  0.350000  0.750000     0.000250
                              759:  0.100000  0.350000  0.800000     0.000250
                              760:  0.100000  0.350000  0.850000     0.000250
                              761:  0.100000  0.350000  0.900000     0.000250
                              762:  0.100000  0.350000  0.950000     0.000250
                              763:  0.100000  0.400000  0.000000     0.000250
                              764:  0.100000  0.400000  0.050000     0.000250
                              765:  0.100000  0.400000  0.100000     0.000250
                              766:  0.100000  0.400000  0.150000     0.000250
                              767:  0.100000  0.400000  0.200000     0.000250
                              768:  0.100000  0.400000  0.250000     0.000250
                              769:  0.100000  0.400000  0.300000     0.000250
                              770:  0.100000  0.400000  0.350000     0.000250
                              771:  0.100000  0.400000  0.400000     0.000250
                              772:  0.100000  0.400000  0.450000     0.000250
                              773:  0.100000  0.400000  0.500000     0.000250
                              774:  0.100000  0.400000  0.550000     0.000250
                              775:  0.100000  0.400000  0.600000     0.000250
                              776:  0.100000  0.400000  0.650000     0.000250
                              777:  0.100000  0.400000  0.700000     0.000250
                              778:  0.100000  0.400000  0.750000     0.000250
                              779:  0.100000  0.400000  0.800000     0.000250
                              780:  0.100000  0.400000  0.850000     0.000250
                              781:  0.100000  0.400000  0.900000     0.000250
                              782:  0.100000  0.400000  0.950000     0.000250
                              783:  0.100000  0.450000  0.000000     0.000250
                              784:  0.100000  0.450000  0.050000     0.000250
                              785:  0.100000  0.450000  0.100000     0.000250
                              786:  0.100000  0.450000  0.150000     0.000250
                              787:  0.100000  0.450000  0.200000     0.000250
                              788:  0.100000  0.450000  0.250000     0.000250
                              789:  0.100000  0.450000  0.300000     0.000250
                              790:  0.100000  0.450000  0.350000     0.000250
                              791:  0.100000  0.450000  0.400000     0.000250
                              792:  0.100000  0.450000  0.450000     0.000250
                              793:  0.100000  0.450000  0.500000     0.000250
                              794:  0.100000  0.450000  0.550000     0.000250
                              795:  0.100000  0.450000  0.600000     0.000250
                              796:  0.100000  0.450000  0.650000     0.000250
                              797:  0.100000  0.450000  0.700000     0.000250
                              798:  0.100000  0.450000  0.750000     0.000250
                              799:  0.100000  0.450000  0.800000     0.000250
                              800:  0.100000  0.450000  0.850000     0.000250
                              801:  0.100000  0.450000  0.900000     0.000250
                              802:  0.100000  0.450000  0.950000     0.000250
                              803:  0.100000  0.500000  0.000000     0.000250
                              804:  0.100000  0.500000  0.050000     0.000250
                              805:  0.100000  0.500000  0.100000     0.000250
                              806:  0.100000  0.500000  0.150000     0.000250
                              807:  0.100000  0.500000  0.200000     0.000250
                              808:  0.100000  0.500000  0.250000     0.000250
                              809:  0.100000  0.500000  0.300000     0.000250
                              810:  0.100000  0.500000  0.350000     0.000250
                              811:  0.100000  0.500000  0.400000     0.000250
                              812:  0.100000  0.500000  0.450000     0.000250
                              813:  0.100000  0.500000  0.500000     0.000250
                              814:  0.100000  0.500000  0.550000     0.000250
                              815:  0.100000  0.500000  0.600000     0.000250
                              816:  0.100000  0.500000  0.650000     0.000250
                              817:  0.100000  0.500000  0.700000     0.000250
                              818:  0.100000  0.500000  0.750000     0.000250
                              819:  0.100000  0.500000  0.800000     0.000250
                              820:  0.100000  0.500000  0.850000     0.000250
                              821:  0.100000  0.500000  0.900000     0.000250
                              822:  0.100000  0.500000  0.950000     0.000250
                              823:  0.100000  0.550000  0.000000     0.000250
                              824:  0.100000  0.550000  0.050000     0.000250
                              825:  0.100000  0.550000  0.100000     0.000250
                              826:  0.100000  0.550000  0.150000     0.000250
                              827:  0.100000  0.550000  0.200000     0.000250
                              828:  0.100000  0.550000  0.250000     0.000250
                              829:  0.100000  0.550000  0.300000     0.000250
                              830:  0.100000  0.550000  0.350000     0.000250
                              831:  0.100000  0.550000  0.400000     0.000250
                              832:  0.100000  0.550000  0.450000     0.000250
                              833:  0.100000  0.550000  0.500000     0.000250
                              834:  0.100000  0.550000  0.550000     0.000250
                              835:  0.100000  0.550000  0.600000     0.000250
                              836:  0.100000  0.550000  0.650000     0.000250
                              837:  0.100000  0.550000  0.700000     0.000250
                              838:  0.100000  0.550000  0.750000     0.000250
                              839:  0.100000  0.550000  0.800000     0.000250
                              840:  0.100000  0.550000  0.850000     0.000250
                              841:  0.100000  0.550000  0.900000     0.000250
                              842:  0.100000  0.550000  0.950000     0.000250
                              843:  0.100000  0.600000  0.000000     0.000250
                              844:  0.100000  0.600000  0.050000     0.000250
                              845:  0.100000  0.600000  0.100000     0.000250
                              846:  0.100000  0.600000  0.150000     0.000250
                              847:  0.100000  0.600000  0.200000     0.000250
                              848:  0.100000  0.600000  0.250000     0.000250
                              849:  0.100000  0.600000  0.300000     0.000250
                              850:  0.100000  0.600000  0.350000     0.000250
                              851:  0.100000  0.600000  0.400000     0.000250
                              852:  0.100000  0.600000  0.450000     0.000250
                              853:  0.100000  0.600000  0.500000     0.000250
                              854:  0.100000  0.600000  0.550000     0.000250
                              855:  0.100000  0.600000  0.600000     0.000250
                              856:  0.100000  0.600000  0.650000     0.000250
                              857:  0.100000  0.600000  0.700000     0.000250
                              858:  0.100000  0.600000  0.750000     0.000250
                              859:  0.100000  0.600000  0.800000     0.000250
                              860:  0.100000  0.600000  0.850000     0.000250
                              861:  0.100000  0.600000  0.900000     0.000250
                              862:  0.100000  0.600000  0.950000     0.000250
                              863:  0.100000  0.650000  0.000000     0.000250
                              864:  0.100000  0.650000  0.050000     0.000250
                              865:  0.100000  0.650000  0.100000     0.000250
                              866:  0.100000  0.650000  0.150000     0.000250
                              867:  0.100000  0.650000  0.200000     0.000250
                              868:  0.100000  0.650000  0.250000     0.000250
                              869:  0.100000  0.650000  0.300000     0.000250
                              870:  0.100000  0.650000  0.350000     0.000250
                              871:  0.100000  0.650000  0.400000     0.000250
                              872:  0.100000  0.650000  0.450000     0.000250
                              873:  0.100000  0.650000  0.500000     0.000250
                              874:  0.100000  0.650000  0.550000     0.000250
                              875:  0.100000  0.650000  0.600000     0.000250
                              876:  0.100000  0.650000  0.650000     0.000250
                              877:  0.100000  0.650000  0.700000     0.000250
                              878:  0.100000  0.650000  0.750000     0.000250
                              879:  0.100000  0.650000  0.800000     0.000250
                              880:  0.100000  0.650000  0.850000     0.000250
                              881:  0.100000  0.650000  0.900000     0.000250
                              882:  0.100000  0.650000  0.950000     0.000250
                              883:  0.100000  0.700000  0.000000     0.000250
                              884:  0.100000  0.700000  0.050000     0.000250
                              885:  0.100000  0.700000  0.100000     0.000250
                              886:  0.100000  0.700000  0.150000     0.000250
                              887:  0.100000  0.700000  0.200000     0.000250
                              888:  0.100000  0.700000  0.250000     0.000250
                              889:  0.100000  0.700000  0.300000     0.000250
                              890:  0.100000  0.700000  0.350000     0.000250
                              891:  0.100000  0.700000  0.400000     0.000250
                              892:  0.100000  0.700000  0.450000     0.000250
                              893:  0.100000  0.700000  0.500000     0.000250
                              894:  0.100000  0.700000  0.550000     0.000250
                              895:  0.100000  0.700000  0.600000     0.000250
                              896:  0.100000  0.700000  0.650000     0.000250
                              897:  0.100000  0.700000  0.700000     0.000250
                              898:  0.100000  0.700000  0.750000     0.000250
                              899:  0.100000  0.700000  0.800000     0.000250
                              900:  0.100000  0.700000  0.850000     0.000250
                              901:  0.100000  0.700000  0.900000     0.000250
                              902:  0.100000  0.700000  0.950000     0.000250
                              903:  0.100000  0.750000  0.000000     0.000250
                              904:  0.100000  0.750000  0.050000     0.000250
                              905:  0.100000  0.750000  0.100000     0.000250
                              906:  0.100000  0.750000  0.150000     0.000250
                              907:  0.100000  0.750000  0.200000     0.000250
                              908:  0.100000  0.750000  0.250000     0.000250
                              909:  0.100000  0.750000  0.300000     0.000250
                              910:  0.100000  0.750000  0.350000     0.000250
                              911:  0.100000  0.750000  0.400000     0.000250
                              912:  0.100000  0.750000  0.450000     0.000250
                              913:  0.100000  0.750000  0.500000     0.000250
                              914:  0.100000  0.750000  0.550000     0.000250
                              915:  0.100000  0.750000  0.600000     0.000250
                              916:  0.100000  0.750000  0.650000     0.000250
                              917:  0.100000  0.750000  0.700000     0.000250
                              918:  0.100000  0.750000  0.750000     0.000250
                              919:  0.100000  0.750000  0.800000     0.000250
                              920:  0.100000  0.750000  0.850000     0.000250
                              921:  0.100000  0.750000  0.900000     0.000250
                              922:  0.100000  0.750000  0.950000     0.000250
                              923:  0.100000  0.800000  0.000000     0.000250
                              924:  0.100000  0.800000  0.050000     0.000250
                              925:  0.100000  0.800000  0.100000     0.000250
                              926:  0.100000  0.800000  0.150000     0.000250
                              927:  0.100000  0.800000  0.200000     0.000250
                              928:  0.100000  0.800000  0.250000     0.000250
                              929:  0.100000  0.800000  0.300000     0.000250
                              930:  0.100000  0.800000  0.350000     0.000250
                              931:  0.100000  0.800000  0.400000     0.000250
                              932:  0.100000  0.800000  0.450000     0.000250
                              933:  0.100000  0.800000  0.500000     0.000250
                              934:  0.100000  0.800000  0.550000     0.000250
                              935:  0.100000  0.800000  0.600000     0.000250
                              936:  0.100000  0.800000  0.650000     0.000250
                              937:  0.100000  0.800000  0.700000     0.000250
                              938:  0.100000  0.800000  0.750000     0.000250
                              939:  0.100000  0.800000  0.800000     0.000250
                              940:  0.100000  0.800000  0.850000     0.000250
                              941:  0.100000  0.800000  0.900000     0.000250
                              942:  0.100000  0.800000  0.950000     0.000250
                              943:  0.100000  0.850000  0.000000     0.000250
                              944:  0.100000  0.850000  0.050000     0.000250
                              945:  0.100000  0.850000  0.100000     0.000250
                              946:  0.100000  0.850000  0.150000     0.000250
                              947:  0.100000  0.850000  0.200000     0.000250
                              948:  0.100000  0.850000  0.250000     0.000250
                              949:  0.100000  0.850000  0.300000     0.000250
                              950:  0.100000  0.850000  0.350000     0.000250
                              951:  0.100000  0.850000  0.400000     0.000250
                              952:  0.100000  0.850000  0.450000     0.000250
                              953:  0.100000  0.850000  0.500000     0.000250
                              954:  0.100000  0.850000  0.550000     0.000250
                              955:  0.100000  0.850000  0.600000     0.000250
                              956:  0.100000  0.850000  0.650000     0.000250
                              957:  0.100000  0.850000  0.700000     0.000250
                              958:  0.100000  0.850000  0.750000     0.000250
                              959:  0.100000  0.850000  0.800000     0.000250
                              960:  0.100000  0.850000  0.850000     0.000250
                              961:  0.100000  0.850000  0.900000     0.000250
                              962:  0.100000  0.850000  0.950000     0.000250
                              963:  0.100000  0.900000  0.000000     0.000250
                              964:  0.100000  0.900000  0.050000     0.000250
                              965:  0.100000  0.900000  0.100000     0.000250
                              966:  0.100000  0.900000  0.150000     0.000250
                              967:  0.100000  0.900000  0.200000     0.000250
                              968:  0.100000  0.900000  0.250000     0.000250
                              969:  0.100000  0.900000  0.300000     0.000250
                              970:  0.100000  0.900000  0.350000     0.000250
                              971:  0.100000  0.900000  0.400000     0.000250
                              972:  0.100000  0.900000  0.450000     0.000250
                              973:  0.100000  0.900000  0.500000     0.000250
                              974:  0.100000  0.900000  0.550000     0.000250
                              975:  0.100000  0.900000  0.600000     0.000250
                              976:  0.100000  0.900000  0.650000     0.000250
                              977:  0.100000  0.900000  0.700000     0.000250
                              978:  0.100000  0.900000  0.750000     0.000250
                              979:  0.100000  0.900000  0.800000     0.000250
                              980:  0.100000  0.900000  0.850000     0.000250
                              981:  0.100000  0.900000  0.900000     0.000250
                              982:  0.100000  0.900000  0.950000     0.000250
                              983:  0.100000  0.950000  0.000000     0.000250
                              984:  0.100000  0.950000  0.050000     0.000250
                              985:  0.100000  0.950000  0.100000     0.000250
                              986:  0.100000  0.950000  0.150000     0.000250
                              987:  0.100000  0.950000  0.200000     0.000250
                              988:  0.100000  0.950000  0.250000     0.000250
                              989:  0.100000  0.950000  0.300000     0.000250
                              990:  0.100000  0.950000  0.350000     0.000250
                              991:  0.100000  0.950000  0.400000     0.000250
                              992:  0.100000  0.950000  0.450000     0.000250
                              993:  0.100000  0.950000  0.500000     0.000250
                              994:  0.100000  0.950000  0.550000     0.000250
                              995:  0.100000  0.950000  0.600000     0.000250
                              996:  0.100000  0.950000  0.650000     0.000250
                              997:  0.100000  0.950000  0.700000     0.000250
                              998:  0.100000  0.950000  0.750000     0.000250
                              999:  0.100000  0.950000  0.800000     0.000250
                             1000:  0.100000  0.950000  0.850000     0.000250
                             1001:  0.100000  0.950000  0.900000     0.000250
                             1002:  0.100000  0.950000  0.950000     0.000250
                             1003:  0.150000  0.000000  0.000000     0.000250
                             1004:  0.150000  0.000000  0.050000     0.000250
                             1005:  0.150000  0.000000  0.100000     0.000250
                             1006:  0.150000  0.000000  0.150000     0.000250
                             1007:  0.150000  0.000000  0.200000     0.000250
                             1008:  0.150000  0.000000  0.250000     0.000250
                             1009:  0.150000  0.000000  0.300000     0.000250
                             1010:  0.150000  0.000000  0.350000     0.000250
                             1011:  0.150000  0.000000  0.400000     0.000250
                             1012:  0.150000  0.000000  0.450000     0.000250
                             1013:  0.150000  0.000000  0.500000     0.000250
                             1014:  0.150000  0.000000  0.550000     0.000250
                             1015:  0.150000  0.000000  0.600000     0.000250
                             1016:  0.150000  0.000000  0.650000     0.000250
                             1017:  0.150000  0.000000  0.700000     0.000250
                             1018:  0.150000  0.000000  0.750000     0.000250
                             1019:  0.150000  0.000000  0.800000     0.000250
                             1020:  0.150000  0.000000  0.850000     0.000250
                             1021:  0.150000  0.000000  0.900000     0.000250
                             1022:  0.150000  0.000000  0.950000     0.000250
                             1023:  0.150000  0.050000  0.000000     0.000250
                             1024:  0.150000  0.050000  0.050000     0.000250
                             1025:  0.150000  0.050000  0.100000     0.000250
                             1026:  0.150000  0.050000  0.150000     0.000250
                             1027:  0.150000  0.050000  0.200000     0.000250
                             1028:  0.150000  0.050000  0.250000     0.000250
                             1029:  0.150000  0.050000  0.300000     0.000250
                             1030:  0.150000  0.050000  0.350000     0.000250
                             1031:  0.150000  0.050000  0.400000     0.000250
                             1032:  0.150000  0.050000  0.450000     0.000250
                             1033:  0.150000  0.050000  0.500000     0.000250
                             1034:  0.150000  0.050000  0.550000     0.000250
                             1035:  0.150000  0.050000  0.600000     0.000250
                             1036:  0.150000  0.050000  0.650000     0.000250
                             1037:  0.150000  0.050000  0.700000     0.000250
                             1038:  0.150000  0.050000  0.750000     0.000250
                             1039:  0.150000  0.050000  0.800000     0.000250
                             1040:  0.150000  0.050000  0.850000     0.000250
                             1041:  0.150000  0.050000  0.900000     0.000250
                             1042:  0.150000  0.050000  0.950000     0.000250
                             1043:  0.150000  0.100000  0.000000     0.000250
                             1044:  0.150000  0.100000  0.050000     0.000250
                             1045:  0.150000  0.100000  0.100000     0.000250
                             1046:  0.150000  0.100000  0.150000     0.000250
                             1047:  0.150000  0.100000  0.200000     0.000250
                             1048:  0.150000  0.100000  0.250000     0.000250
                             1049:  0.150000  0.100000  0.300000     0.000250
                             1050:  0.150000  0.100000  0.350000     0.000250
                             1051:  0.150000  0.100000  0.400000     0.000250
                             1052:  0.150000  0.100000  0.450000     0.000250
                             1053:  0.150000  0.100000  0.500000     0.000250
                             1054:  0.150000  0.100000  0.550000     0.000250
                             1055:  0.150000  0.100000  0.600000     0.000250
                             1056:  0.150000  0.100000  0.650000     0.000250
                             1057:  0.150000  0.100000  0.700000     0.000250
                             1058:  0.150000  0.100000  0.750000     0.000250
                             1059:  0.150000  0.100000  0.800000     0.000250
                             1060:  0.150000  0.100000  0.850000     0.000250
                             1061:  0.150000  0.100000  0.900000     0.000250
                             1062:  0.150000  0.100000  0.950000     0.000250
                             1063:  0.150000  0.150000  0.000000     0.000250
                             1064:  0.150000  0.150000  0.050000     0.000250
                             1065:  0.150000  0.150000  0.100000     0.000250
                             1066:  0.150000  0.150000  0.150000     0.000250
                             1067:  0.150000  0.150000  0.200000     0.000250
                             1068:  0.150000  0.150000  0.250000     0.000250
                             1069:  0.150000  0.150000  0.300000     0.000250
                             1070:  0.150000  0.150000  0.350000     0.000250
                             1071:  0.150000  0.150000  0.400000     0.000250
                             1072:  0.150000  0.150000  0.450000     0.000250
                             1073:  0.150000  0.150000  0.500000     0.000250
                             1074:  0.150000  0.150000  0.550000     0.000250
                             1075:  0.150000  0.150000  0.600000     0.000250
                             1076:  0.150000  0.150000  0.650000     0.000250
                             1077:  0.150000  0.150000  0.700000     0.000250
                             1078:  0.150000  0.150000  0.750000     0.000250
                             1079:  0.150000  0.150000  0.800000     0.000250
                             1080:  0.150000  0.150000  0.850000     0.000250
                             1081:  0.150000  0.150000  0.900000     0.000250
                             1082:  0.150000  0.150000  0.950000     0.000250
                             1083:  0.150000  0.200000  0.000000     0.000250
                             1084:  0.150000  0.200000  0.050000     0.000250
                             1085:  0.150000  0.200000  0.100000     0.000250
                             1086:  0.150000  0.200000  0.150000     0.000250
                             1087:  0.150000  0.200000  0.200000     0.000250
                             1088:  0.150000  0.200000  0.250000     0.000250
                             1089:  0.150000  0.200000  0.300000     0.000250
                             1090:  0.150000  0.200000  0.350000     0.000250
                             1091:  0.150000  0.200000  0.400000     0.000250
                             1092:  0.150000  0.200000  0.450000     0.000250
                             1093:  0.150000  0.200000  0.500000     0.000250
                             1094:  0.150000  0.200000  0.550000     0.000250
                             1095:  0.150000  0.200000  0.600000     0.000250
                             1096:  0.150000  0.200000  0.650000     0.000250
                             1097:  0.150000  0.200000  0.700000     0.000250
                             1098:  0.150000  0.200000  0.750000     0.000250
                             1099:  0.150000  0.200000  0.800000     0.000250
                             1100:  0.150000  0.200000  0.850000     0.000250
                             1101:  0.150000  0.200000  0.900000     0.000250
                             1102:  0.150000  0.200000  0.950000     0.000250
                             1103:  0.150000  0.250000  0.000000     0.000250
                             1104:  0.150000  0.250000  0.050000     0.000250
                             1105:  0.150000  0.250000  0.100000     0.000250
                             1106:  0.150000  0.250000  0.150000     0.000250
                             1107:  0.150000  0.250000  0.200000     0.000250
                             1108:  0.150000  0.250000  0.250000     0.000250
                             1109:  0.150000  0.250000  0.300000     0.000250
                             1110:  0.150000  0.250000  0.350000     0.000250
                             1111:  0.150000  0.250000  0.400000     0.000250
                             1112:  0.150000  0.250000  0.450000     0.000250
                             1113:  0.150000  0.250000  0.500000     0.000250
                             1114:  0.150000  0.250000  0.550000     0.000250
                             1115:  0.150000  0.250000  0.600000     0.000250
                             1116:  0.150000  0.250000  0.650000     0.000250
                             1117:  0.150000  0.250000  0.700000     0.000250
                             1118:  0.150000  0.250000  0.750000     0.000250
                             1119:  0.150000  0.250000  0.800000     0.000250
                             1120:  0.150000  0.250000  0.850000     0.000250
                             1121:  0.150000  0.250000  0.900000     0.000250
                             1122:  0.150000  0.250000  0.950000     0.000250
                             1123:  0.150000  0.300000  0.000000     0.000250
                             1124:  0.150000  0.300000  0.050000     0.000250
                             1125:  0.150000  0.300000  0.100000     0.000250
                             1126:  0.150000  0.300000  0.150000     0.000250
                             1127:  0.150000  0.300000  0.200000     0.000250
                             1128:  0.150000  0.300000  0.250000     0.000250
                             1129:  0.150000  0.300000  0.300000     0.000250
                             1130:  0.150000  0.300000  0.350000     0.000250
                             1131:  0.150000  0.300000  0.400000     0.000250
                             1132:  0.150000  0.300000  0.450000     0.000250
                             1133:  0.150000  0.300000  0.500000     0.000250
                             1134:  0.150000  0.300000  0.550000     0.000250
                             1135:  0.150000  0.300000  0.600000     0.000250
                             1136:  0.150000  0.300000  0.650000     0.000250
                             1137:  0.150000  0.300000  0.700000     0.000250
                             1138:  0.150000  0.300000  0.750000     0.000250
                             1139:  0.150000  0.300000  0.800000     0.000250
                             1140:  0.150000  0.300000  0.850000     0.000250
                             1141:  0.150000  0.300000  0.900000     0.000250
                             1142:  0.150000  0.300000  0.950000     0.000250
                             1143:  0.150000  0.350000  0.000000     0.000250
                             1144:  0.150000  0.350000  0.050000     0.000250
                             1145:  0.150000  0.350000  0.100000     0.000250
                             1146:  0.150000  0.350000  0.150000     0.000250
                             1147:  0.150000  0.350000  0.200000     0.000250
                             1148:  0.150000  0.350000  0.250000     0.000250
                             1149:  0.150000  0.350000  0.300000     0.000250
                             1150:  0.150000  0.350000  0.350000     0.000250
                             1151:  0.150000  0.350000  0.400000     0.000250
                             1152:  0.150000  0.350000  0.450000     0.000250
                             1153:  0.150000  0.350000  0.500000     0.000250
                             1154:  0.150000  0.350000  0.550000     0.000250
                             1155:  0.150000  0.350000  0.600000     0.000250
                             1156:  0.150000  0.350000  0.650000     0.000250
                             1157:  0.150000  0.350000  0.700000     0.000250
                             1158:  0.150000  0.350000  0.750000     0.000250
                             1159:  0.150000  0.350000  0.800000     0.000250
                             1160:  0.150000  0.350000  0.850000     0.000250
                             1161:  0.150000  0.350000  0.900000     0.000250
                             1162:  0.150000  0.350000  0.950000     0.000250
                             1163:  0.150000  0.400000  0.000000     0.000250
                             1164:  0.150000  0.400000  0.050000     0.000250
                             1165:  0.150000  0.400000  0.100000     0.000250
                             1166:  0.150000  0.400000  0.150000     0.000250
                             1167:  0.150000  0.400000  0.200000     0.000250
                             1168:  0.150000  0.400000  0.250000     0.000250
                             1169:  0.150000  0.400000  0.300000     0.000250
                             1170:  0.150000  0.400000  0.350000     0.000250
                             1171:  0.150000  0.400000  0.400000     0.000250
                             1172:  0.150000  0.400000  0.450000     0.000250
                             1173:  0.150000  0.400000  0.500000     0.000250
                             1174:  0.150000  0.400000  0.550000     0.000250
                             1175:  0.150000  0.400000  0.600000     0.000250
                             1176:  0.150000  0.400000  0.650000     0.000250
                             1177:  0.150000  0.400000  0.700000     0.000250
                             1178:  0.150000  0.400000  0.750000     0.000250
                             1179:  0.150000  0.400000  0.800000     0.000250
                             1180:  0.150000  0.400000  0.850000     0.000250
                             1181:  0.150000  0.400000  0.900000     0.000250
                             1182:  0.150000  0.400000  0.950000     0.000250
                             1183:  0.150000  0.450000  0.000000     0.000250
                             1184:  0.150000  0.450000  0.050000     0.000250
                             1185:  0.150000  0.450000  0.100000     0.000250
                             1186:  0.150000  0.450000  0.150000     0.000250
                             1187:  0.150000  0.450000  0.200000     0.000250
                             1188:  0.150000  0.450000  0.250000     0.000250
                             1189:  0.150000  0.450000  0.300000     0.000250
                             1190:  0.150000  0.450000  0.350000     0.000250
                             1191:  0.150000  0.450000  0.400000     0.000250
                             1192:  0.150000  0.450000  0.450000     0.000250
                             1193:  0.150000  0.450000  0.500000     0.000250
                             1194:  0.150000  0.450000  0.550000     0.000250
                             1195:  0.150000  0.450000  0.600000     0.000250
                             1196:  0.150000  0.450000  0.650000     0.000250
                             1197:  0.150000  0.450000  0.700000     0.000250
                             1198:  0.150000  0.450000  0.750000     0.000250
                             1199:  0.150000  0.450000  0.800000     0.000250
                             1200:  0.150000  0.450000  0.850000     0.000250
                             1201:  0.150000  0.450000  0.900000     0.000250
                             1202:  0.150000  0.450000  0.950000     0.000250
                             1203:  0.150000  0.500000  0.000000     0.000250
                             1204:  0.150000  0.500000  0.050000     0.000250
                             1205:  0.150000  0.500000  0.100000     0.000250
                             1206:  0.150000  0.500000  0.150000     0.000250
                             1207:  0.150000  0.500000  0.200000     0.000250
                             1208:  0.150000  0.500000  0.250000     0.000250
                             1209:  0.150000  0.500000  0.300000     0.000250
                             1210:  0.150000  0.500000  0.350000     0.000250
                             1211:  0.150000  0.500000  0.400000     0.000250
                             1212:  0.150000  0.500000  0.450000     0.000250
                             1213:  0.150000  0.500000  0.500000     0.000250
                             1214:  0.150000  0.500000  0.550000     0.000250
                             1215:  0.150000  0.500000  0.600000     0.000250
                             1216:  0.150000  0.500000  0.650000     0.000250
                             1217:  0.150000  0.500000  0.700000     0.000250
                             1218:  0.150000  0.500000  0.750000     0.000250
                             1219:  0.150000  0.500000  0.800000     0.000250
                             1220:  0.150000  0.500000  0.850000     0.000250
                             1221:  0.150000  0.500000  0.900000     0.000250
                             1222:  0.150000  0.500000  0.950000     0.000250
                             1223:  0.150000  0.550000  0.000000     0.000250
                             1224:  0.150000  0.550000  0.050000     0.000250
                             1225:  0.150000  0.550000  0.100000     0.000250
                             1226:  0.150000  0.550000  0.150000     0.000250
                             1227:  0.150000  0.550000  0.200000     0.000250
                             1228:  0.150000  0.550000  0.250000     0.000250
                             1229:  0.150000  0.550000  0.300000     0.000250
                             1230:  0.150000  0.550000  0.350000     0.000250
                             1231:  0.150000  0.550000  0.400000     0.000250
                             1232:  0.150000  0.550000  0.450000     0.000250
                             1233:  0.150000  0.550000  0.500000     0.000250
                             1234:  0.150000  0.550000  0.550000     0.000250
                             1235:  0.150000  0.550000  0.600000     0.000250
                             1236:  0.150000  0.550000  0.650000     0.000250
                             1237:  0.150000  0.550000  0.700000     0.000250
                             1238:  0.150000  0.550000  0.750000     0.000250
                             1239:  0.150000  0.550000  0.800000     0.000250
                             1240:  0.150000  0.550000  0.850000     0.000250
                             1241:  0.150000  0.550000  0.900000     0.000250
                             1242:  0.150000  0.550000  0.950000     0.000250
                             1243:  0.150000  0.600000  0.000000     0.000250
                             1244:  0.150000  0.600000  0.050000     0.000250
                             1245:  0.150000  0.600000  0.100000     0.000250
                             1246:  0.150000  0.600000  0.150000     0.000250
                             1247:  0.150000  0.600000  0.200000     0.000250
                             1248:  0.150000  0.600000  0.250000     0.000250
                             1249:  0.150000  0.600000  0.300000     0.000250
                             1250:  0.150000  0.600000  0.350000     0.000250
                             1251:  0.150000  0.600000  0.400000     0.000250
                             1252:  0.150000  0.600000  0.450000     0.000250
                             1253:  0.150000  0.600000  0.500000     0.000250
                             1254:  0.150000  0.600000  0.550000     0.000250
                             1255:  0.150000  0.600000  0.600000     0.000250
                             1256:  0.150000  0.600000  0.650000     0.000250
                             1257:  0.150000  0.600000  0.700000     0.000250
                             1258:  0.150000  0.600000  0.750000     0.000250
                             1259:  0.150000  0.600000  0.800000     0.000250
                             1260:  0.150000  0.600000  0.850000     0.000250
                             1261:  0.150000  0.600000  0.900000     0.000250
                             1262:  0.150000  0.600000  0.950000     0.000250
                             1263:  0.150000  0.650000  0.000000     0.000250
                             1264:  0.150000  0.650000  0.050000     0.000250
                             1265:  0.150000  0.650000  0.100000     0.000250
                             1266:  0.150000  0.650000  0.150000     0.000250
                             1267:  0.150000  0.650000  0.200000     0.000250
                             1268:  0.150000  0.650000  0.250000     0.000250
                             1269:  0.150000  0.650000  0.300000     0.000250
                             1270:  0.150000  0.650000  0.350000     0.000250
                             1271:  0.150000  0.650000  0.400000     0.000250
                             1272:  0.150000  0.650000  0.450000     0.000250
                             1273:  0.150000  0.650000  0.500000     0.000250
                             1274:  0.150000  0.650000  0.550000     0.000250
                             1275:  0.150000  0.650000  0.600000     0.000250
                             1276:  0.150000  0.650000  0.650000     0.000250
                             1277:  0.150000  0.650000  0.700000     0.000250
                             1278:  0.150000  0.650000  0.750000     0.000250
                             1279:  0.150000  0.650000  0.800000     0.000250
                             1280:  0.150000  0.650000  0.850000     0.000250
                             1281:  0.150000  0.650000  0.900000     0.000250
                             1282:  0.150000  0.650000  0.950000     0.000250
                             1283:  0.150000  0.700000  0.000000     0.000250
                             1284:  0.150000  0.700000  0.050000     0.000250
                             1285:  0.150000  0.700000  0.100000     0.000250
                             1286:  0.150000  0.700000  0.150000     0.000250
                             1287:  0.150000  0.700000  0.200000     0.000250
                             1288:  0.150000  0.700000  0.250000     0.000250
                             1289:  0.150000  0.700000  0.300000     0.000250
                             1290:  0.150000  0.700000  0.350000     0.000250
                             1291:  0.150000  0.700000  0.400000     0.000250
                             1292:  0.150000  0.700000  0.450000     0.000250
                             1293:  0.150000  0.700000  0.500000     0.000250
                             1294:  0.150000  0.700000  0.550000     0.000250
                             1295:  0.150000  0.700000  0.600000     0.000250
                             1296:  0.150000  0.700000  0.650000     0.000250
                             1297:  0.150000  0.700000  0.700000     0.000250
                             1298:  0.150000  0.700000  0.750000     0.000250
                             1299:  0.150000  0.700000  0.800000     0.000250
                             1300:  0.150000  0.700000  0.850000     0.000250
                             1301:  0.150000  0.700000  0.900000     0.000250
                             1302:  0.150000  0.700000  0.950000     0.000250
                             1303:  0.150000  0.750000  0.000000     0.000250
                             1304:  0.150000  0.750000  0.050000     0.000250
                             1305:  0.150000  0.750000  0.100000     0.000250
                             1306:  0.150000  0.750000  0.150000     0.000250
                             1307:  0.150000  0.750000  0.200000     0.000250
                             1308:  0.150000  0.750000  0.250000     0.000250
                             1309:  0.150000  0.750000  0.300000     0.000250
                             1310:  0.150000  0.750000  0.350000     0.000250
                             1311:  0.150000  0.750000  0.400000     0.000250
                             1312:  0.150000  0.750000  0.450000     0.000250
                             1313:  0.150000  0.750000  0.500000     0.000250
                             1314:  0.150000  0.750000  0.550000     0.000250
                             1315:  0.150000  0.750000  0.600000     0.000250
                             1316:  0.150000  0.750000  0.650000     0.000250
                             1317:  0.150000  0.750000  0.700000     0.000250
                             1318:  0.150000  0.750000  0.750000     0.000250
                             1319:  0.150000  0.750000  0.800000     0.000250
                             1320:  0.150000  0.750000  0.850000     0.000250
                             1321:  0.150000  0.750000  0.900000     0.000250
                             1322:  0.150000  0.750000  0.950000     0.000250
                             1323:  0.150000  0.800000  0.000000     0.000250
                             1324:  0.150000  0.800000  0.050000     0.000250
                             1325:  0.150000  0.800000  0.100000     0.000250
                             1326:  0.150000  0.800000  0.150000     0.000250
                             1327:  0.150000  0.800000  0.200000     0.000250
                             1328:  0.150000  0.800000  0.250000     0.000250
                             1329:  0.150000  0.800000  0.300000     0.000250
                             1330:  0.150000  0.800000  0.350000     0.000250
                             1331:  0.150000  0.800000  0.400000     0.000250
                             1332:  0.150000  0.800000  0.450000     0.000250
                             1333:  0.150000  0.800000  0.500000     0.000250
                             1334:  0.150000  0.800000  0.550000     0.000250
                             1335:  0.150000  0.800000  0.600000     0.000250
                             1336:  0.150000  0.800000  0.650000     0.000250
                             1337:  0.150000  0.800000  0.700000     0.000250
                             1338:  0.150000  0.800000  0.750000     0.000250
                             1339:  0.150000  0.800000  0.800000     0.000250
                             1340:  0.150000  0.800000  0.850000     0.000250
                             1341:  0.150000  0.800000  0.900000     0.000250
                             1342:  0.150000  0.800000  0.950000     0.000250
                             1343:  0.150000  0.850000  0.000000     0.000250
                             1344:  0.150000  0.850000  0.050000     0.000250
                             1345:  0.150000  0.850000  0.100000     0.000250
                             1346:  0.150000  0.850000  0.150000     0.000250
                             1347:  0.150000  0.850000  0.200000     0.000250
                             1348:  0.150000  0.850000  0.250000     0.000250
                             1349:  0.150000  0.850000  0.300000     0.000250
                             1350:  0.150000  0.850000  0.350000     0.000250
                             1351:  0.150000  0.850000  0.400000     0.000250
                             1352:  0.150000  0.850000  0.450000     0.000250
                             1353:  0.150000  0.850000  0.500000     0.000250
                             1354:  0.150000  0.850000  0.550000     0.000250
                             1355:  0.150000  0.850000  0.600000     0.000250
                             1356:  0.150000  0.850000  0.650000     0.000250
                             1357:  0.150000  0.850000  0.700000     0.000250
                             1358:  0.150000  0.850000  0.750000     0.000250
                             1359:  0.150000  0.850000  0.800000     0.000250
                             1360:  0.150000  0.850000  0.850000     0.000250
                             1361:  0.150000  0.850000  0.900000     0.000250
                             1362:  0.150000  0.850000  0.950000     0.000250
                             1363:  0.150000  0.900000  0.000000     0.000250
                             1364:  0.150000  0.900000  0.050000     0.000250
                             1365:  0.150000  0.900000  0.100000     0.000250
                             1366:  0.150000  0.900000  0.150000     0.000250
                             1367:  0.150000  0.900000  0.200000     0.000250
                             1368:  0.150000  0.900000  0.250000     0.000250
                             1369:  0.150000  0.900000  0.300000     0.000250
                             1370:  0.150000  0.900000  0.350000     0.000250
                             1371:  0.150000  0.900000  0.400000     0.000250
                             1372:  0.150000  0.900000  0.450000     0.000250
                             1373:  0.150000  0.900000  0.500000     0.000250
                             1374:  0.150000  0.900000  0.550000     0.000250
                             1375:  0.150000  0.900000  0.600000     0.000250
                             1376:  0.150000  0.900000  0.650000     0.000250
                             1377:  0.150000  0.900000  0.700000     0.000250
                             1378:  0.150000  0.900000  0.750000     0.000250
                             1379:  0.150000  0.900000  0.800000     0.000250
                             1380:  0.150000  0.900000  0.850000     0.000250
                             1381:  0.150000  0.900000  0.900000     0.000250
                             1382:  0.150000  0.900000  0.950000     0.000250
                             1383:  0.150000  0.950000  0.000000     0.000250
                             1384:  0.150000  0.950000  0.050000     0.000250
                             1385:  0.150000  0.950000  0.100000     0.000250
                             1386:  0.150000  0.950000  0.150000     0.000250
                             1387:  0.150000  0.950000  0.200000     0.000250
                             1388:  0.150000  0.950000  0.250000     0.000250
                             1389:  0.150000  0.950000  0.300000     0.000250
                             1390:  0.150000  0.950000  0.350000     0.000250
                             1391:  0.150000  0.950000  0.400000     0.000250
                             1392:  0.150000  0.950000  0.450000     0.000250
                             1393:  0.150000  0.950000  0.500000     0.000250
                             1394:  0.150000  0.950000  0.550000     0.000250
                             1395:  0.150000  0.950000  0.600000     0.000250
                             1396:  0.150000  0.950000  0.650000     0.000250
                             1397:  0.150000  0.950000  0.700000     0.000250
                             1398:  0.150000  0.950000  0.750000     0.000250
                             1399:  0.150000  0.950000  0.800000     0.000250
                             1400:  0.150000  0.950000  0.850000     0.000250
                             1401:  0.150000  0.950000  0.900000     0.000250
                             1402:  0.150000  0.950000  0.950000     0.000250
                             1403:  0.200000  0.000000  0.000000     0.000250
                             1404:  0.200000  0.000000  0.050000     0.000250
                             1405:  0.200000  0.000000  0.100000     0.000250
                             1406:  0.200000  0.000000  0.150000     0.000250
                             1407:  0.200000  0.000000  0.200000     0.000250
                             1408:  0.200000  0.000000  0.250000     0.000250
                             1409:  0.200000  0.000000  0.300000     0.000250
                             1410:  0.200000  0.000000  0.350000     0.000250
                             1411:  0.200000  0.000000  0.400000     0.000250
                             1412:  0.200000  0.000000  0.450000     0.000250
                             1413:  0.200000  0.000000  0.500000     0.000250
                             1414:  0.200000  0.000000  0.550000     0.000250
                             1415:  0.200000  0.000000  0.600000     0.000250
                             1416:  0.200000  0.000000  0.650000     0.000250
                             1417:  0.200000  0.000000  0.700000     0.000250
                             1418:  0.200000  0.000000  0.750000     0.000250
                             1419:  0.200000  0.000000  0.800000     0.000250
                             1420:  0.200000  0.000000  0.850000     0.000250
                             1421:  0.200000  0.000000  0.900000     0.000250
                             1422:  0.200000  0.000000  0.950000     0.000250
                             1423:  0.200000  0.050000  0.000000     0.000250
                             1424:  0.200000  0.050000  0.050000     0.000250
                             1425:  0.200000  0.050000  0.100000     0.000250
                             1426:  0.200000  0.050000  0.150000     0.000250
                             1427:  0.200000  0.050000  0.200000     0.000250
                             1428:  0.200000  0.050000  0.250000     0.000250
                             1429:  0.200000  0.050000  0.300000     0.000250
                             1430:  0.200000  0.050000  0.350000     0.000250
                             1431:  0.200000  0.050000  0.400000     0.000250
                             1432:  0.200000  0.050000  0.450000     0.000250
                             1433:  0.200000  0.050000  0.500000     0.000250
                             1434:  0.200000  0.050000  0.550000     0.000250
                             1435:  0.200000  0.050000  0.600000     0.000250
                             1436:  0.200000  0.050000  0.650000     0.000250
                             1437:  0.200000  0.050000  0.700000     0.000250
                             1438:  0.200000  0.050000  0.750000     0.000250
                             1439:  0.200000  0.050000  0.800000     0.000250
                             1440:  0.200000  0.050000  0.850000     0.000250
                             1441:  0.200000  0.050000  0.900000     0.000250
                             1442:  0.200000  0.050000  0.950000     0.000250
                             1443:  0.200000  0.100000  0.000000     0.000250
                             1444:  0.200000  0.100000  0.050000     0.000250
                             1445:  0.200000  0.100000  0.100000     0.000250
                             1446:  0.200000  0.100000  0.150000     0.000250
                             1447:  0.200000  0.100000  0.200000     0.000250
                             1448:  0.200000  0.100000  0.250000     0.000250
                             1449:  0.200000  0.100000  0.300000     0.000250
                             1450:  0.200000  0.100000  0.350000     0.000250
                             1451:  0.200000  0.100000  0.400000     0.000250
                             1452:  0.200000  0.100000  0.450000     0.000250
                             1453:  0.200000  0.100000  0.500000     0.000250
                             1454:  0.200000  0.100000  0.550000     0.000250
                             1455:  0.200000  0.100000  0.600000     0.000250
                             1456:  0.200000  0.100000  0.650000     0.000250
                             1457:  0.200000  0.100000  0.700000     0.000250
                             1458:  0.200000  0.100000  0.750000     0.000250
                             1459:  0.200000  0.100000  0.800000     0.000250
                             1460:  0.200000  0.100000  0.850000     0.000250
                             1461:  0.200000  0.100000  0.900000     0.000250
                             1462:  0.200000  0.100000  0.950000     0.000250
                             1463:  0.200000  0.150000  0.000000     0.000250
                             1464:  0.200000  0.150000  0.050000     0.000250
                             1465:  0.200000  0.150000  0.100000     0.000250
                             1466:  0.200000  0.150000  0.150000     0.000250
                             1467:  0.200000  0.150000  0.200000     0.000250
                             1468:  0.200000  0.150000  0.250000     0.000250
                             1469:  0.200000  0.150000  0.300000     0.000250
                             1470:  0.200000  0.150000  0.350000     0.000250
                             1471:  0.200000  0.150000  0.400000     0.000250
                             1472:  0.200000  0.150000  0.450000     0.000250
                             1473:  0.200000  0.150000  0.500000     0.000250
                             1474:  0.200000  0.150000  0.550000     0.000250
                             1475:  0.200000  0.150000  0.600000     0.000250
                             1476:  0.200000  0.150000  0.650000     0.000250
                             1477:  0.200000  0.150000  0.700000     0.000250
                             1478:  0.200000  0.150000  0.750000     0.000250
                             1479:  0.200000  0.150000  0.800000     0.000250
                             1480:  0.200000  0.150000  0.850000     0.000250
                             1481:  0.200000  0.150000  0.900000     0.000250
                             1482:  0.200000  0.150000  0.950000     0.000250
                             1483:  0.200000  0.200000  0.000000     0.000250
                             1484:  0.200000  0.200000  0.050000     0.000250
                             1485:  0.200000  0.200000  0.100000     0.000250
                             1486:  0.200000  0.200000  0.150000     0.000250
                             1487:  0.200000  0.200000  0.200000     0.000250
                             1488:  0.200000  0.200000  0.250000     0.000250
                             1489:  0.200000  0.200000  0.300000     0.000250
                             1490:  0.200000  0.200000  0.350000     0.000250
                             1491:  0.200000  0.200000  0.400000     0.000250
                             1492:  0.200000  0.200000  0.450000     0.000250
                             1493:  0.200000  0.200000  0.500000     0.000250
                             1494:  0.200000  0.200000  0.550000     0.000250
                             1495:  0.200000  0.200000  0.600000     0.000250
                             1496:  0.200000  0.200000  0.650000     0.000250
                             1497:  0.200000  0.200000  0.700000     0.000250
                             1498:  0.200000  0.200000  0.750000     0.000250
                             1499:  0.200000  0.200000  0.800000     0.000250
                             1500:  0.200000  0.200000  0.850000     0.000250
                             1501:  0.200000  0.200000  0.900000     0.000250
                             1502:  0.200000  0.200000  0.950000     0.000250
                             1503:  0.200000  0.250000  0.000000     0.000250
                             1504:  0.200000  0.250000  0.050000     0.000250
                             1505:  0.200000  0.250000  0.100000     0.000250
                             1506:  0.200000  0.250000  0.150000     0.000250
                             1507:  0.200000  0.250000  0.200000     0.000250
                             1508:  0.200000  0.250000  0.250000     0.000250
                             1509:  0.200000  0.250000  0.300000     0.000250
                             1510:  0.200000  0.250000  0.350000     0.000250
                             1511:  0.200000  0.250000  0.400000     0.000250
                             1512:  0.200000  0.250000  0.450000     0.000250
                             1513:  0.200000  0.250000  0.500000     0.000250
                             1514:  0.200000  0.250000  0.550000     0.000250
                             1515:  0.200000  0.250000  0.600000     0.000250
                             1516:  0.200000  0.250000  0.650000     0.000250
                             1517:  0.200000  0.250000  0.700000     0.000250
                             1518:  0.200000  0.250000  0.750000     0.000250
                             1519:  0.200000  0.250000  0.800000     0.000250
                             1520:  0.200000  0.250000  0.850000     0.000250
                             1521:  0.200000  0.250000  0.900000     0.000250
                             1522:  0.200000  0.250000  0.950000     0.000250
                             1523:  0.200000  0.300000  0.000000     0.000250
                             1524:  0.200000  0.300000  0.050000     0.000250
                             1525:  0.200000  0.300000  0.100000     0.000250
                             1526:  0.200000  0.300000  0.150000     0.000250
                             1527:  0.200000  0.300000  0.200000     0.000250
                             1528:  0.200000  0.300000  0.250000     0.000250
                             1529:  0.200000  0.300000  0.300000     0.000250
                             1530:  0.200000  0.300000  0.350000     0.000250
                             1531:  0.200000  0.300000  0.400000     0.000250
                             1532:  0.200000  0.300000  0.450000     0.000250
                             1533:  0.200000  0.300000  0.500000     0.000250
                             1534:  0.200000  0.300000  0.550000     0.000250
                             1535:  0.200000  0.300000  0.600000     0.000250
                             1536:  0.200000  0.300000  0.650000     0.000250
                             1537:  0.200000  0.300000  0.700000     0.000250
                             1538:  0.200000  0.300000  0.750000     0.000250
                             1539:  0.200000  0.300000  0.800000     0.000250
                             1540:  0.200000  0.300000  0.850000     0.000250
                             1541:  0.200000  0.300000  0.900000     0.000250
                             1542:  0.200000  0.300000  0.950000     0.000250
                             1543:  0.200000  0.350000  0.000000     0.000250
                             1544:  0.200000  0.350000  0.050000     0.000250
                             1545:  0.200000  0.350000  0.100000     0.000250
                             1546:  0.200000  0.350000  0.150000     0.000250
                             1547:  0.200000  0.350000  0.200000     0.000250
                             1548:  0.200000  0.350000  0.250000     0.000250
                             1549:  0.200000  0.350000  0.300000     0.000250
                             1550:  0.200000  0.350000  0.350000     0.000250
                             1551:  0.200000  0.350000  0.400000     0.000250
                             1552:  0.200000  0.350000  0.450000     0.000250
                             1553:  0.200000  0.350000  0.500000     0.000250
                             1554:  0.200000  0.350000  0.550000     0.000250
                             1555:  0.200000  0.350000  0.600000     0.000250
                             1556:  0.200000  0.350000  0.650000     0.000250
                             1557:  0.200000  0.350000  0.700000     0.000250
                             1558:  0.200000  0.350000  0.750000     0.000250
                             1559:  0.200000  0.350000  0.800000     0.000250
                             1560:  0.200000  0.350000  0.850000     0.000250
                             1561:  0.200000  0.350000  0.900000     0.000250
                             1562:  0.200000  0.350000  0.950000     0.000250
                             1563:  0.200000  0.400000  0.000000     0.000250
                             1564:  0.200000  0.400000  0.050000     0.000250
                             1565:  0.200000  0.400000  0.100000     0.000250
                             1566:  0.200000  0.400000  0.150000     0.000250
                             1567:  0.200000  0.400000  0.200000     0.000250
                             1568:  0.200000  0.400000  0.250000     0.000250
                             1569:  0.200000  0.400000  0.300000     0.000250
                             1570:  0.200000  0.400000  0.350000     0.000250
                             1571:  0.200000  0.400000  0.400000     0.000250
                             1572:  0.200000  0.400000  0.450000     0.000250
                             1573:  0.200000  0.400000  0.500000     0.000250
                             1574:  0.200000  0.400000  0.550000     0.000250
                             1575:  0.200000  0.400000  0.600000     0.000250
                             1576:  0.200000  0.400000  0.650000     0.000250
                             1577:  0.200000  0.400000  0.700000     0.000250
                             1578:  0.200000  0.400000  0.750000     0.000250
                             1579:  0.200000  0.400000  0.800000     0.000250
                             1580:  0.200000  0.400000  0.850000     0.000250
                             1581:  0.200000  0.400000  0.900000     0.000250
                             1582:  0.200000  0.400000  0.950000     0.000250
                             1583:  0.200000  0.450000  0.000000     0.000250
                             1584:  0.200000  0.450000  0.050000     0.000250
                             1585:  0.200000  0.450000  0.100000     0.000250
                             1586:  0.200000  0.450000  0.150000     0.000250
                             1587:  0.200000  0.450000  0.200000     0.000250
                             1588:  0.200000  0.450000  0.250000     0.000250
                             1589:  0.200000  0.450000  0.300000     0.000250
                             1590:  0.200000  0.450000  0.350000     0.000250
                             1591:  0.200000  0.450000  0.400000     0.000250
                             1592:  0.200000  0.450000  0.450000     0.000250
                             1593:  0.200000  0.450000  0.500000     0.000250
                             1594:  0.200000  0.450000  0.550000     0.000250
                             1595:  0.200000  0.450000  0.600000     0.000250
                             1596:  0.200000  0.450000  0.650000     0.000250
                             1597:  0.200000  0.450000  0.700000     0.000250
                             1598:  0.200000  0.450000  0.750000     0.000250
                             1599:  0.200000  0.450000  0.800000     0.000250
                             1600:  0.200000  0.450000  0.850000     0.000250
                             1601:  0.200000  0.450000  0.900000     0.000250
                             1602:  0.200000  0.450000  0.950000     0.000250
                             1603:  0.200000  0.500000  0.000000     0.000250
                             1604:  0.200000  0.500000  0.050000     0.000250
                             1605:  0.200000  0.500000  0.100000     0.000250
                             1606:  0.200000  0.500000  0.150000     0.000250
                             1607:  0.200000  0.500000  0.200000     0.000250
                             1608:  0.200000  0.500000  0.250000     0.000250
                             1609:  0.200000  0.500000  0.300000     0.000250
                             1610:  0.200000  0.500000  0.350000     0.000250
                             1611:  0.200000  0.500000  0.400000     0.000250
                             1612:  0.200000  0.500000  0.450000     0.000250
                             1613:  0.200000  0.500000  0.500000     0.000250
                             1614:  0.200000  0.500000  0.550000     0.000250
                             1615:  0.200000  0.500000  0.600000     0.000250
                             1616:  0.200000  0.500000  0.650000     0.000250
                             1617:  0.200000  0.500000  0.700000     0.000250
                             1618:  0.200000  0.500000  0.750000     0.000250
                             1619:  0.200000  0.500000  0.800000     0.000250
                             1620:  0.200000  0.500000  0.850000     0.000250
                             1621:  0.200000  0.500000  0.900000     0.000250
                             1622:  0.200000  0.500000  0.950000     0.000250
                             1623:  0.200000  0.550000  0.000000     0.000250
                             1624:  0.200000  0.550000  0.050000     0.000250
                             1625:  0.200000  0.550000  0.100000     0.000250
                             1626:  0.200000  0.550000  0.150000     0.000250
                             1627:  0.200000  0.550000  0.200000     0.000250
                             1628:  0.200000  0.550000  0.250000     0.000250
                             1629:  0.200000  0.550000  0.300000     0.000250
                             1630:  0.200000  0.550000  0.350000     0.000250
                             1631:  0.200000  0.550000  0.400000     0.000250
                             1632:  0.200000  0.550000  0.450000     0.000250
                             1633:  0.200000  0.550000  0.500000     0.000250
                             1634:  0.200000  0.550000  0.550000     0.000250
                             1635:  0.200000  0.550000  0.600000     0.000250
                             1636:  0.200000  0.550000  0.650000     0.000250
                             1637:  0.200000  0.550000  0.700000     0.000250
                             1638:  0.200000  0.550000  0.750000     0.000250
                             1639:  0.200000  0.550000  0.800000     0.000250
                             1640:  0.200000  0.550000  0.850000     0.000250
                             1641:  0.200000  0.550000  0.900000     0.000250
                             1642:  0.200000  0.550000  0.950000     0.000250
                             1643:  0.200000  0.600000  0.000000     0.000250
                             1644:  0.200000  0.600000  0.050000     0.000250
                             1645:  0.200000  0.600000  0.100000     0.000250
                             1646:  0.200000  0.600000  0.150000     0.000250
                             1647:  0.200000  0.600000  0.200000     0.000250
                             1648:  0.200000  0.600000  0.250000     0.000250
                             1649:  0.200000  0.600000  0.300000     0.000250
                             1650:  0.200000  0.600000  0.350000     0.000250
                             1651:  0.200000  0.600000  0.400000     0.000250
                             1652:  0.200000  0.600000  0.450000     0.000250
                             1653:  0.200000  0.600000  0.500000     0.000250
                             1654:  0.200000  0.600000  0.550000     0.000250
                             1655:  0.200000  0.600000  0.600000     0.000250
                             1656:  0.200000  0.600000  0.650000     0.000250
                             1657:  0.200000  0.600000  0.700000     0.000250
                             1658:  0.200000  0.600000  0.750000     0.000250
                             1659:  0.200000  0.600000  0.800000     0.000250
                             1660:  0.200000  0.600000  0.850000     0.000250
                             1661:  0.200000  0.600000  0.900000     0.000250
                             1662:  0.200000  0.600000  0.950000     0.000250
                             1663:  0.200000  0.650000  0.000000     0.000250
                             1664:  0.200000  0.650000  0.050000     0.000250
                             1665:  0.200000  0.650000  0.100000     0.000250
                             1666:  0.200000  0.650000  0.150000     0.000250
                             1667:  0.200000  0.650000  0.200000     0.000250
                             1668:  0.200000  0.650000  0.250000     0.000250
                             1669:  0.200000  0.650000  0.300000     0.000250
                             1670:  0.200000  0.650000  0.350000     0.000250
                             1671:  0.200000  0.650000  0.400000     0.000250
                             1672:  0.200000  0.650000  0.450000     0.000250
                             1673:  0.200000  0.650000  0.500000     0.000250
                             1674:  0.200000  0.650000  0.550000     0.000250
                             1675:  0.200000  0.650000  0.600000     0.000250
                             1676:  0.200000  0.650000  0.650000     0.000250
                             1677:  0.200000  0.650000  0.700000     0.000250
                             1678:  0.200000  0.650000  0.750000     0.000250
                             1679:  0.200000  0.650000  0.800000     0.000250
                             1680:  0.200000  0.650000  0.850000     0.000250
                             1681:  0.200000  0.650000  0.900000     0.000250
                             1682:  0.200000  0.650000  0.950000     0.000250
                             1683:  0.200000  0.700000  0.000000     0.000250
                             1684:  0.200000  0.700000  0.050000     0.000250
                             1685:  0.200000  0.700000  0.100000     0.000250
                             1686:  0.200000  0.700000  0.150000     0.000250
                             1687:  0.200000  0.700000  0.200000     0.000250
                             1688:  0.200000  0.700000  0.250000     0.000250
                             1689:  0.200000  0.700000  0.300000     0.000250
                             1690:  0.200000  0.700000  0.350000     0.000250
                             1691:  0.200000  0.700000  0.400000     0.000250
                             1692:  0.200000  0.700000  0.450000     0.000250
                             1693:  0.200000  0.700000  0.500000     0.000250
                             1694:  0.200000  0.700000  0.550000     0.000250
                             1695:  0.200000  0.700000  0.600000     0.000250
                             1696:  0.200000  0.700000  0.650000     0.000250
                             1697:  0.200000  0.700000  0.700000     0.000250
                             1698:  0.200000  0.700000  0.750000     0.000250
                             1699:  0.200000  0.700000  0.800000     0.000250
                             1700:  0.200000  0.700000  0.850000     0.000250
                             1701:  0.200000  0.700000  0.900000     0.000250
                             1702:  0.200000  0.700000  0.950000     0.000250
                             1703:  0.200000  0.750000  0.000000     0.000250
                             1704:  0.200000  0.750000  0.050000     0.000250
                             1705:  0.200000  0.750000  0.100000     0.000250
                             1706:  0.200000  0.750000  0.150000     0.000250
                             1707:  0.200000  0.750000  0.200000     0.000250
                             1708:  0.200000  0.750000  0.250000     0.000250
                             1709:  0.200000  0.750000  0.300000     0.000250
                             1710:  0.200000  0.750000  0.350000     0.000250
                             1711:  0.200000  0.750000  0.400000     0.000250
                             1712:  0.200000  0.750000  0.450000     0.000250
                             1713:  0.200000  0.750000  0.500000     0.000250
                             1714:  0.200000  0.750000  0.550000     0.000250
                             1715:  0.200000  0.750000  0.600000     0.000250
                             1716:  0.200000  0.750000  0.650000     0.000250
                             1717:  0.200000  0.750000  0.700000     0.000250
                             1718:  0.200000  0.750000  0.750000     0.000250
                             1719:  0.200000  0.750000  0.800000     0.000250
                             1720:  0.200000  0.750000  0.850000     0.000250
                             1721:  0.200000  0.750000  0.900000     0.000250
                             1722:  0.200000  0.750000  0.950000     0.000250
                             1723:  0.200000  0.800000  0.000000     0.000250
                             1724:  0.200000  0.800000  0.050000     0.000250
                             1725:  0.200000  0.800000  0.100000     0.000250
                             1726:  0.200000  0.800000  0.150000     0.000250
                             1727:  0.200000  0.800000  0.200000     0.000250
                             1728:  0.200000  0.800000  0.250000     0.000250
                             1729:  0.200000  0.800000  0.300000     0.000250
                             1730:  0.200000  0.800000  0.350000     0.000250
                             1731:  0.200000  0.800000  0.400000     0.000250
                             1732:  0.200000  0.800000  0.450000     0.000250
                             1733:  0.200000  0.800000  0.500000     0.000250
                             1734:  0.200000  0.800000  0.550000     0.000250
                             1735:  0.200000  0.800000  0.600000     0.000250
                             1736:  0.200000  0.800000  0.650000     0.000250
                             1737:  0.200000  0.800000  0.700000     0.000250
                             1738:  0.200000  0.800000  0.750000     0.000250
                             1739:  0.200000  0.800000  0.800000     0.000250
                             1740:  0.200000  0.800000  0.850000     0.000250
                             1741:  0.200000  0.800000  0.900000     0.000250
                             1742:  0.200000  0.800000  0.950000     0.000250
                             1743:  0.200000  0.850000  0.000000     0.000250
                             1744:  0.200000  0.850000  0.050000     0.000250
                             1745:  0.200000  0.850000  0.100000     0.000250
                             1746:  0.200000  0.850000  0.150000     0.000250
                             1747:  0.200000  0.850000  0.200000     0.000250
                             1748:  0.200000  0.850000  0.250000     0.000250
                             1749:  0.200000  0.850000  0.300000     0.000250
                             1750:  0.200000  0.850000  0.350000     0.000250
                             1751:  0.200000  0.850000  0.400000     0.000250
                             1752:  0.200000  0.850000  0.450000     0.000250
                             1753:  0.200000  0.850000  0.500000     0.000250
                             1754:  0.200000  0.850000  0.550000     0.000250
                             1755:  0.200000  0.850000  0.600000     0.000250
                             1756:  0.200000  0.850000  0.650000     0.000250
                             1757:  0.200000  0.850000  0.700000     0.000250
                             1758:  0.200000  0.850000  0.750000     0.000250
                             1759:  0.200000  0.850000  0.800000     0.000250
                             1760:  0.200000  0.850000  0.850000     0.000250
                             1761:  0.200000  0.850000  0.900000     0.000250
                             1762:  0.200000  0.850000  0.950000     0.000250
                             1763:  0.200000  0.900000  0.000000     0.000250
                             1764:  0.200000  0.900000  0.050000     0.000250
                             1765:  0.200000  0.900000  0.100000     0.000250
                             1766:  0.200000  0.900000  0.150000     0.000250
                             1767:  0.200000  0.900000  0.200000     0.000250
                             1768:  0.200000  0.900000  0.250000     0.000250
                             1769:  0.200000  0.900000  0.300000     0.000250
                             1770:  0.200000  0.900000  0.350000     0.000250
                             1771:  0.200000  0.900000  0.400000     0.000250
                             1772:  0.200000  0.900000  0.450000     0.000250
                             1773:  0.200000  0.900000  0.500000     0.000250
                             1774:  0.200000  0.900000  0.550000     0.000250
                             1775:  0.200000  0.900000  0.600000     0.000250
                             1776:  0.200000  0.900000  0.650000     0.000250
                             1777:  0.200000  0.900000  0.700000     0.000250
                             1778:  0.200000  0.900000  0.750000     0.000250
                             1779:  0.200000  0.900000  0.800000     0.000250
                             1780:  0.200000  0.900000  0.850000     0.000250
                             1781:  0.200000  0.900000  0.900000     0.000250
                             1782:  0.200000  0.900000  0.950000     0.000250
                             1783:  0.200000  0.950000  0.000000     0.000250
                             1784:  0.200000  0.950000  0.050000     0.000250
                             1785:  0.200000  0.950000  0.100000     0.000250
                             1786:  0.200000  0.950000  0.150000     0.000250
                             1787:  0.200000  0.950000  0.200000     0.000250
                             1788:  0.200000  0.950000  0.250000     0.000250
                             1789:  0.200000  0.950000  0.300000     0.000250
                             1790:  0.200000  0.950000  0.350000     0.000250
                             1791:  0.200000  0.950000  0.400000     0.000250
                             1792:  0.200000  0.950000  0.450000     0.000250
                             1793:  0.200000  0.950000  0.500000     0.000250
                             1794:  0.200000  0.950000  0.550000     0.000250
                             1795:  0.200000  0.950000  0.600000     0.000250
                             1796:  0.200000  0.950000  0.650000     0.000250
                             1797:  0.200000  0.950000  0.700000     0.000250
                             1798:  0.200000  0.950000  0.750000     0.000250
                             1799:  0.200000  0.950000  0.800000     0.000250
                             1800:  0.200000  0.950000  0.850000     0.000250
                             1801:  0.200000  0.950000  0.900000     0.000250
                             1802:  0.200000  0.950000  0.950000     0.000250
                             1803:  0.250000  0.000000  0.000000     0.000250
                             1804:  0.250000  0.000000  0.050000     0.000250
                             1805:  0.250000  0.000000  0.100000     0.000250
                             1806:  0.250000  0.000000  0.150000     0.000250
                             1807:  0.250000  0.000000  0.200000     0.000250
                             1808:  0.250000  0.000000  0.250000     0.000250
                             1809:  0.250000  0.000000  0.300000     0.000250
                             1810:  0.250000  0.000000  0.350000     0.000250
                             1811:  0.250000  0.000000  0.400000     0.000250
                             1812:  0.250000  0.000000  0.450000     0.000250
                             1813:  0.250000  0.000000  0.500000     0.000250
                             1814:  0.250000  0.000000  0.550000     0.000250
                             1815:  0.250000  0.000000  0.600000     0.000250
                             1816:  0.250000  0.000000  0.650000     0.000250
                             1817:  0.250000  0.000000  0.700000     0.000250
                             1818:  0.250000  0.000000  0.750000     0.000250
                             1819:  0.250000  0.000000  0.800000     0.000250
                             1820:  0.250000  0.000000  0.850000     0.000250
                             1821:  0.250000  0.000000  0.900000     0.000250
                             1822:  0.250000  0.000000  0.950000     0.000250
                             1823:  0.250000  0.050000  0.000000     0.000250
                             1824:  0.250000  0.050000  0.050000     0.000250
                             1825:  0.250000  0.050000  0.100000     0.000250
                             1826:  0.250000  0.050000  0.150000     0.000250
                             1827:  0.250000  0.050000  0.200000     0.000250
                             1828:  0.250000  0.050000  0.250000     0.000250
                             1829:  0.250000  0.050000  0.300000     0.000250
                             1830:  0.250000  0.050000  0.350000     0.000250
                             1831:  0.250000  0.050000  0.400000     0.000250
                             1832:  0.250000  0.050000  0.450000     0.000250
                             1833:  0.250000  0.050000  0.500000     0.000250
                             1834:  0.250000  0.050000  0.550000     0.000250
                             1835:  0.250000  0.050000  0.600000     0.000250
                             1836:  0.250000  0.050000  0.650000     0.000250
                             1837:  0.250000  0.050000  0.700000     0.000250
                             1838:  0.250000  0.050000  0.750000     0.000250
                             1839:  0.250000  0.050000  0.800000     0.000250
                             1840:  0.250000  0.050000  0.850000     0.000250
                             1841:  0.250000  0.050000  0.900000     0.000250
                             1842:  0.250000  0.050000  0.950000     0.000250
                             1843:  0.250000  0.100000  0.000000     0.000250
                             1844:  0.250000  0.100000  0.050000     0.000250
                             1845:  0.250000  0.100000  0.100000     0.000250
                             1846:  0.250000  0.100000  0.150000     0.000250
                             1847:  0.250000  0.100000  0.200000     0.000250
                             1848:  0.250000  0.100000  0.250000     0.000250
                             1849:  0.250000  0.100000  0.300000     0.000250
                             1850:  0.250000  0.100000  0.350000     0.000250
                             1851:  0.250000  0.100000  0.400000     0.000250
                             1852:  0.250000  0.100000  0.450000     0.000250
                             1853:  0.250000  0.100000  0.500000     0.000250
                             1854:  0.250000  0.100000  0.550000     0.000250
                             1855:  0.250000  0.100000  0.600000     0.000250
                             1856:  0.250000  0.100000  0.650000     0.000250
                             1857:  0.250000  0.100000  0.700000     0.000250
                             1858:  0.250000  0.100000  0.750000     0.000250
                             1859:  0.250000  0.100000  0.800000     0.000250
                             1860:  0.250000  0.100000  0.850000     0.000250
                             1861:  0.250000  0.100000  0.900000     0.000250
                             1862:  0.250000  0.100000  0.950000     0.000250
                             1863:  0.250000  0.150000  0.000000     0.000250
                             1864:  0.250000  0.150000  0.050000     0.000250
                             1865:  0.250000  0.150000  0.100000     0.000250
                             1866:  0.250000  0.150000  0.150000     0.000250
                             1867:  0.250000  0.150000  0.200000     0.000250
                             1868:  0.250000  0.150000  0.250000     0.000250
                             1869:  0.250000  0.150000  0.300000     0.000250
                             1870:  0.250000  0.150000  0.350000     0.000250
                             1871:  0.250000  0.150000  0.400000     0.000250
                             1872:  0.250000  0.150000  0.450000     0.000250
                             1873:  0.250000  0.150000  0.500000     0.000250
                             1874:  0.250000  0.150000  0.550000     0.000250
                             1875:  0.250000  0.150000  0.600000     0.000250
                             1876:  0.250000  0.150000  0.650000     0.000250
                             1877:  0.250000  0.150000  0.700000     0.000250
                             1878:  0.250000  0.150000  0.750000     0.000250
                             1879:  0.250000  0.150000  0.800000     0.000250
                             1880:  0.250000  0.150000  0.850000     0.000250
                             1881:  0.250000  0.150000  0.900000     0.000250
                             1882:  0.250000  0.150000  0.950000     0.000250
                             1883:  0.250000  0.200000  0.000000     0.000250
                             1884:  0.250000  0.200000  0.050000     0.000250
                             1885:  0.250000  0.200000  0.100000     0.000250
                             1886:  0.250000  0.200000  0.150000     0.000250
                             1887:  0.250000  0.200000  0.200000     0.000250
                             1888:  0.250000  0.200000  0.250000     0.000250
                             1889:  0.250000  0.200000  0.300000     0.000250
                             1890:  0.250000  0.200000  0.350000     0.000250
                             1891:  0.250000  0.200000  0.400000     0.000250
                             1892:  0.250000  0.200000  0.450000     0.000250
                             1893:  0.250000  0.200000  0.500000     0.000250
                             1894:  0.250000  0.200000  0.550000     0.000250
                             1895:  0.250000  0.200000  0.600000     0.000250
                             1896:  0.250000  0.200000  0.650000     0.000250
                             1897:  0.250000  0.200000  0.700000     0.000250
                             1898:  0.250000  0.200000  0.750000     0.000250
                             1899:  0.250000  0.200000  0.800000     0.000250
                             1900:  0.250000  0.200000  0.850000     0.000250
                             1901:  0.250000  0.200000  0.900000     0.000250
                             1902:  0.250000  0.200000  0.950000     0.000250
                             1903:  0.250000  0.250000  0.000000     0.000250
                             1904:  0.250000  0.250000  0.050000     0.000250
                             1905:  0.250000  0.250000  0.100000     0.000250
                             1906:  0.250000  0.250000  0.150000     0.000250
                             1907:  0.250000  0.250000  0.200000     0.000250
                             1908:  0.250000  0.250000  0.250000     0.000250
                             1909:  0.250000  0.250000  0.300000     0.000250
                             1910:  0.250000  0.250000  0.350000     0.000250
                             1911:  0.250000  0.250000  0.400000     0.000250
                             1912:  0.250000  0.250000  0.450000     0.000250
                             1913:  0.250000  0.250000  0.500000     0.000250
                             1914:  0.250000  0.250000  0.550000     0.000250
                             1915:  0.250000  0.250000  0.600000     0.000250
                             1916:  0.250000  0.250000  0.650000     0.000250
                             1917:  0.250000  0.250000  0.700000     0.000250
                             1918:  0.250000  0.250000  0.750000     0.000250
                             1919:  0.250000  0.250000  0.800000     0.000250
                             1920:  0.250000  0.250000  0.850000     0.000250
                             1921:  0.250000  0.250000  0.900000     0.000250
                             1922:  0.250000  0.250000  0.950000     0.000250
                             1923:  0.250000  0.300000  0.000000     0.000250
                             1924:  0.250000  0.300000  0.050000     0.000250
                             1925:  0.250000  0.300000  0.100000     0.000250
                             1926:  0.250000  0.300000  0.150000     0.000250
                             1927:  0.250000  0.300000  0.200000     0.000250
                             1928:  0.250000  0.300000  0.250000     0.000250
                             1929:  0.250000  0.300000  0.300000     0.000250
                             1930:  0.250000  0.300000  0.350000     0.000250
                             1931:  0.250000  0.300000  0.400000     0.000250
                             1932:  0.250000  0.300000  0.450000     0.000250
                             1933:  0.250000  0.300000  0.500000     0.000250
                             1934:  0.250000  0.300000  0.550000     0.000250
                             1935:  0.250000  0.300000  0.600000     0.000250
                             1936:  0.250000  0.300000  0.650000     0.000250
                             1937:  0.250000  0.300000  0.700000     0.000250
                             1938:  0.250000  0.300000  0.750000     0.000250
                             1939:  0.250000  0.300000  0.800000     0.000250
                             1940:  0.250000  0.300000  0.850000     0.000250
                             1941:  0.250000  0.300000  0.900000     0.000250
                             1942:  0.250000  0.300000  0.950000     0.000250
                             1943:  0.250000  0.350000  0.000000     0.000250
                             1944:  0.250000  0.350000  0.050000     0.000250
                             1945:  0.250000  0.350000  0.100000     0.000250
                             1946:  0.250000  0.350000  0.150000     0.000250
                             1947:  0.250000  0.350000  0.200000     0.000250
                             1948:  0.250000  0.350000  0.250000     0.000250
                             1949:  0.250000  0.350000  0.300000     0.000250
                             1950:  0.250000  0.350000  0.350000     0.000250
                             1951:  0.250000  0.350000  0.400000     0.000250
                             1952:  0.250000  0.350000  0.450000     0.000250
                             1953:  0.250000  0.350000  0.500000     0.000250
                             1954:  0.250000  0.350000  0.550000     0.000250
                             1955:  0.250000  0.350000  0.600000     0.000250
                             1956:  0.250000  0.350000  0.650000     0.000250
                             1957:  0.250000  0.350000  0.700000     0.000250
                             1958:  0.250000  0.350000  0.750000     0.000250
                             1959:  0.250000  0.350000  0.800000     0.000250
                             1960:  0.250000  0.350000  0.850000     0.000250
                             1961:  0.250000  0.350000  0.900000     0.000250
                             1962:  0.250000  0.350000  0.950000     0.000250
                             1963:  0.250000  0.400000  0.000000     0.000250
                             1964:  0.250000  0.400000  0.050000     0.000250
                             1965:  0.250000  0.400000  0.100000     0.000250
                             1966:  0.250000  0.400000  0.150000     0.000250
                             1967:  0.250000  0.400000  0.200000     0.000250
                             1968:  0.250000  0.400000  0.250000     0.000250
                             1969:  0.250000  0.400000  0.300000     0.000250
                             1970:  0.250000  0.400000  0.350000     0.000250
                             1971:  0.250000  0.400000  0.400000     0.000250
                             1972:  0.250000  0.400000  0.450000     0.000250
                             1973:  0.250000  0.400000  0.500000     0.000250
                             1974:  0.250000  0.400000  0.550000     0.000250
                             1975:  0.250000  0.400000  0.600000     0.000250
                             1976:  0.250000  0.400000  0.650000     0.000250
                             1977:  0.250000  0.400000  0.700000     0.000250
                             1978:  0.250000  0.400000  0.750000     0.000250
                             1979:  0.250000  0.400000  0.800000     0.000250
                             1980:  0.250000  0.400000  0.850000     0.000250
                             1981:  0.250000  0.400000  0.900000     0.000250
                             1982:  0.250000  0.400000  0.950000     0.000250
                             1983:  0.250000  0.450000  0.000000     0.000250
                             1984:  0.250000  0.450000  0.050000     0.000250
                             1985:  0.250000  0.450000  0.100000     0.000250
                             1986:  0.250000  0.450000  0.150000     0.000250
                             1987:  0.250000  0.450000  0.200000     0.000250
                             1988:  0.250000  0.450000  0.250000     0.000250
                             1989:  0.250000  0.450000  0.300000     0.000250
                             1990:  0.250000  0.450000  0.350000     0.000250
                             1991:  0.250000  0.450000  0.400000     0.000250
                             1992:  0.250000  0.450000  0.450000     0.000250
                             1993:  0.250000  0.450000  0.500000     0.000250
                             1994:  0.250000  0.450000  0.550000     0.000250
                             1995:  0.250000  0.450000  0.600000     0.000250
                             1996:  0.250000  0.450000  0.650000     0.000250
                             1997:  0.250000  0.450000  0.700000     0.000250
                             1998:  0.250000  0.450000  0.750000     0.000250
                             1999:  0.250000  0.450000  0.800000     0.000250
                             2000:  0.250000  0.450000  0.850000     0.000250
                             2001:  0.250000  0.450000  0.900000     0.000250
                             2002:  0.250000  0.450000  0.950000     0.000250
                             2003:  0.250000  0.500000  0.000000     0.000250
                             2004:  0.250000  0.500000  0.050000     0.000250
                             2005:  0.250000  0.500000  0.100000     0.000250
                             2006:  0.250000  0.500000  0.150000     0.000250
                             2007:  0.250000  0.500000  0.200000     0.000250
                             2008:  0.250000  0.500000  0.250000     0.000250
                             2009:  0.250000  0.500000  0.300000     0.000250
                             2010:  0.250000  0.500000  0.350000     0.000250
                             2011:  0.250000  0.500000  0.400000     0.000250
                             2012:  0.250000  0.500000  0.450000     0.000250
                             2013:  0.250000  0.500000  0.500000     0.000250
                             2014:  0.250000  0.500000  0.550000     0.000250
                             2015:  0.250000  0.500000  0.600000     0.000250
                             2016:  0.250000  0.500000  0.650000     0.000250
                             2017:  0.250000  0.500000  0.700000     0.000250
                             2018:  0.250000  0.500000  0.750000     0.000250
                             2019:  0.250000  0.500000  0.800000     0.000250
                             2020:  0.250000  0.500000  0.850000     0.000250
                             2021:  0.250000  0.500000  0.900000     0.000250
                             2022:  0.250000  0.500000  0.950000     0.000250
                             2023:  0.250000  0.550000  0.000000     0.000250
                             2024:  0.250000  0.550000  0.050000     0.000250
                             2025:  0.250000  0.550000  0.100000     0.000250
                             2026:  0.250000  0.550000  0.150000     0.000250
                             2027:  0.250000  0.550000  0.200000     0.000250
                             2028:  0.250000  0.550000  0.250000     0.000250
                             2029:  0.250000  0.550000  0.300000     0.000250
                             2030:  0.250000  0.550000  0.350000     0.000250
                             2031:  0.250000  0.550000  0.400000     0.000250
                             2032:  0.250000  0.550000  0.450000     0.000250
                             2033:  0.250000  0.550000  0.500000     0.000250
                             2034:  0.250000  0.550000  0.550000     0.000250
                             2035:  0.250000  0.550000  0.600000     0.000250
                             2036:  0.250000  0.550000  0.650000     0.000250
                             2037:  0.250000  0.550000  0.700000     0.000250
                             2038:  0.250000  0.550000  0.750000     0.000250
                             2039:  0.250000  0.550000  0.800000     0.000250
                             2040:  0.250000  0.550000  0.850000     0.000250
                             2041:  0.250000  0.550000  0.900000     0.000250
                             2042:  0.250000  0.550000  0.950000     0.000250
                             2043:  0.250000  0.600000  0.000000     0.000250
                             2044:  0.250000  0.600000  0.050000     0.000250
                             2045:  0.250000  0.600000  0.100000     0.000250
                             2046:  0.250000  0.600000  0.150000     0.000250
                             2047:  0.250000  0.600000  0.200000     0.000250
                             2048:  0.250000  0.600000  0.250000     0.000250
                             2049:  0.250000  0.600000  0.300000     0.000250
                             2050:  0.250000  0.600000  0.350000     0.000250
                             2051:  0.250000  0.600000  0.400000     0.000250
                             2052:  0.250000  0.600000  0.450000     0.000250
                             2053:  0.250000  0.600000  0.500000     0.000250
                             2054:  0.250000  0.600000  0.550000     0.000250
                             2055:  0.250000  0.600000  0.600000     0.000250
                             2056:  0.250000  0.600000  0.650000     0.000250
                             2057:  0.250000  0.600000  0.700000     0.000250
                             2058:  0.250000  0.600000  0.750000     0.000250
                             2059:  0.250000  0.600000  0.800000     0.000250
                             2060:  0.250000  0.600000  0.850000     0.000250
                             2061:  0.250000  0.600000  0.900000     0.000250
                             2062:  0.250000  0.600000  0.950000     0.000250
                             2063:  0.250000  0.650000  0.000000     0.000250
                             2064:  0.250000  0.650000  0.050000     0.000250
                             2065:  0.250000  0.650000  0.100000     0.000250
                             2066:  0.250000  0.650000  0.150000     0.000250
                             2067:  0.250000  0.650000  0.200000     0.000250
                             2068:  0.250000  0.650000  0.250000     0.000250
                             2069:  0.250000  0.650000  0.300000     0.000250
                             2070:  0.250000  0.650000  0.350000     0.000250
                             2071:  0.250000  0.650000  0.400000     0.000250
                             2072:  0.250000  0.650000  0.450000     0.000250
                             2073:  0.250000  0.650000  0.500000     0.000250
                             2074:  0.250000  0.650000  0.550000     0.000250
                             2075:  0.250000  0.650000  0.600000     0.000250
                             2076:  0.250000  0.650000  0.650000     0.000250
                             2077:  0.250000  0.650000  0.700000     0.000250
                             2078:  0.250000  0.650000  0.750000     0.000250
                             2079:  0.250000  0.650000  0.800000     0.000250
                             2080:  0.250000  0.650000  0.850000     0.000250
                             2081:  0.250000  0.650000  0.900000     0.000250
                             2082:  0.250000  0.650000  0.950000     0.000250
                             2083:  0.250000  0.700000  0.000000     0.000250
                             2084:  0.250000  0.700000  0.050000     0.000250
                             2085:  0.250000  0.700000  0.100000     0.000250
                             2086:  0.250000  0.700000  0.150000     0.000250
                             2087:  0.250000  0.700000  0.200000     0.000250
                             2088:  0.250000  0.700000  0.250000     0.000250
                             2089:  0.250000  0.700000  0.300000     0.000250
                             2090:  0.250000  0.700000  0.350000     0.000250
                             2091:  0.250000  0.700000  0.400000     0.000250
                             2092:  0.250000  0.700000  0.450000     0.000250
                             2093:  0.250000  0.700000  0.500000     0.000250
                             2094:  0.250000  0.700000  0.550000     0.000250
                             2095:  0.250000  0.700000  0.600000     0.000250
                             2096:  0.250000  0.700000  0.650000     0.000250
                             2097:  0.250000  0.700000  0.700000     0.000250
                             2098:  0.250000  0.700000  0.750000     0.000250
                             2099:  0.250000  0.700000  0.800000     0.000250
                             2100:  0.250000  0.700000  0.850000     0.000250
                             2101:  0.250000  0.700000  0.900000     0.000250
                             2102:  0.250000  0.700000  0.950000     0.000250
                             2103:  0.250000  0.750000  0.000000     0.000250
                             2104:  0.250000  0.750000  0.050000     0.000250
                             2105:  0.250000  0.750000  0.100000     0.000250
                             2106:  0.250000  0.750000  0.150000     0.000250
                             2107:  0.250000  0.750000  0.200000     0.000250
                             2108:  0.250000  0.750000  0.250000     0.000250
                             2109:  0.250000  0.750000  0.300000     0.000250
                             2110:  0.250000  0.750000  0.350000     0.000250
                             2111:  0.250000  0.750000  0.400000     0.000250
                             2112:  0.250000  0.750000  0.450000     0.000250
                             2113:  0.250000  0.750000  0.500000     0.000250
                             2114:  0.250000  0.750000  0.550000     0.000250
                             2115:  0.250000  0.750000  0.600000     0.000250
                             2116:  0.250000  0.750000  0.650000     0.000250
                             2117:  0.250000  0.750000  0.700000     0.000250
                             2118:  0.250000  0.750000  0.750000     0.000250
                             2119:  0.250000  0.750000  0.800000     0.000250
                             2120:  0.250000  0.750000  0.850000     0.000250
                             2121:  0.250000  0.750000  0.900000     0.000250
                             2122:  0.250000  0.750000  0.950000     0.000250
                             2123:  0.250000  0.800000  0.000000     0.000250
                             2124:  0.250000  0.800000  0.050000     0.000250
                             2125:  0.250000  0.800000  0.100000     0.000250
                             2126:  0.250000  0.800000  0.150000     0.000250
                             2127:  0.250000  0.800000  0.200000     0.000250
                             2128:  0.250000  0.800000  0.250000     0.000250
                             2129:  0.250000  0.800000  0.300000     0.000250
                             2130:  0.250000  0.800000  0.350000     0.000250
                             2131:  0.250000  0.800000  0.400000     0.000250
                             2132:  0.250000  0.800000  0.450000     0.000250
                             2133:  0.250000  0.800000  0.500000     0.000250
                             2134:  0.250000  0.800000  0.550000     0.000250
                             2135:  0.250000  0.800000  0.600000     0.000250
                             2136:  0.250000  0.800000  0.650000     0.000250
                             2137:  0.250000  0.800000  0.700000     0.000250
                             2138:  0.250000  0.800000  0.750000     0.000250
                             2139:  0.250000  0.800000  0.800000     0.000250
                             2140:  0.250000  0.800000  0.850000     0.000250
                             2141:  0.250000  0.800000  0.900000     0.000250
                             2142:  0.250000  0.800000  0.950000     0.000250
                             2143:  0.250000  0.850000  0.000000     0.000250
                             2144:  0.250000  0.850000  0.050000     0.000250
                             2145:  0.250000  0.850000  0.100000     0.000250
                             2146:  0.250000  0.850000  0.150000     0.000250
                             2147:  0.250000  0.850000  0.200000     0.000250
                             2148:  0.250000  0.850000  0.250000     0.000250
                             2149:  0.250000  0.850000  0.300000     0.000250
                             2150:  0.250000  0.850000  0.350000     0.000250
                             2151:  0.250000  0.850000  0.400000     0.000250
                             2152:  0.250000  0.850000  0.450000     0.000250
                             2153:  0.250000  0.850000  0.500000     0.000250
                             2154:  0.250000  0.850000  0.550000     0.000250
                             2155:  0.250000  0.850000  0.600000     0.000250
                             2156:  0.250000  0.850000  0.650000     0.000250
                             2157:  0.250000  0.850000  0.700000     0.000250
                             2158:  0.250000  0.850000  0.750000     0.000250
                             2159:  0.250000  0.850000  0.800000     0.000250
                             2160:  0.250000  0.850000  0.850000     0.000250
                             2161:  0.250000  0.850000  0.900000     0.000250
                             2162:  0.250000  0.850000  0.950000     0.000250
                             2163:  0.250000  0.900000  0.000000     0.000250
                             2164:  0.250000  0.900000  0.050000     0.000250
                             2165:  0.250000  0.900000  0.100000     0.000250
                             2166:  0.250000  0.900000  0.150000     0.000250
                             2167:  0.250000  0.900000  0.200000     0.000250
                             2168:  0.250000  0.900000  0.250000     0.000250
                             2169:  0.250000  0.900000  0.300000     0.000250
                             2170:  0.250000  0.900000  0.350000     0.000250
                             2171:  0.250000  0.900000  0.400000     0.000250
                             2172:  0.250000  0.900000  0.450000     0.000250
                             2173:  0.250000  0.900000  0.500000     0.000250
                             2174:  0.250000  0.900000  0.550000     0.000250
                             2175:  0.250000  0.900000  0.600000     0.000250
                             2176:  0.250000  0.900000  0.650000     0.000250
                             2177:  0.250000  0.900000  0.700000     0.000250
                             2178:  0.250000  0.900000  0.750000     0.000250
                             2179:  0.250000  0.900000  0.800000     0.000250
                             2180:  0.250000  0.900000  0.850000     0.000250
                             2181:  0.250000  0.900000  0.900000     0.000250
                             2182:  0.250000  0.900000  0.950000     0.000250
                             2183:  0.250000  0.950000  0.000000     0.000250
                             2184:  0.250000  0.950000  0.050000     0.000250
                             2185:  0.250000  0.950000  0.100000     0.000250
                             2186:  0.250000  0.950000  0.150000     0.000250
                             2187:  0.250000  0.950000  0.200000     0.000250
                             2188:  0.250000  0.950000  0.250000     0.000250
                             2189:  0.250000  0.950000  0.300000     0.000250
                             2190:  0.250000  0.950000  0.350000     0.000250
                             2191:  0.250000  0.950000  0.400000     0.000250
                             2192:  0.250000  0.950000  0.450000     0.000250
                             2193:  0.250000  0.950000  0.500000     0.000250
                             2194:  0.250000  0.950000  0.550000     0.000250
                             2195:  0.250000  0.950000  0.600000     0.000250
                             2196:  0.250000  0.950000  0.650000     0.000250
                             2197:  0.250000  0.950000  0.700000     0.000250
                             2198:  0.250000  0.950000  0.750000     0.000250
                             2199:  0.250000  0.950000  0.800000     0.000250
                             2200:  0.250000  0.950000  0.850000     0.000250
                             2201:  0.250000  0.950000  0.900000     0.000250
                             2202:  0.250000  0.950000  0.950000     0.000250
                             2203:  0.300000  0.000000  0.000000     0.000250
                             2204:  0.300000  0.000000  0.050000     0.000250
                             2205:  0.300000  0.000000  0.100000     0.000250
                             2206:  0.300000  0.000000  0.150000     0.000250
                             2207:  0.300000  0.000000  0.200000     0.000250
                             2208:  0.300000  0.000000  0.250000     0.000250
                             2209:  0.300000  0.000000  0.300000     0.000250
                             2210:  0.300000  0.000000  0.350000     0.000250
                             2211:  0.300000  0.000000  0.400000     0.000250
                             2212:  0.300000  0.000000  0.450000     0.000250
                             2213:  0.300000  0.000000  0.500000     0.000250
                             2214:  0.300000  0.000000  0.550000     0.000250
                             2215:  0.300000  0.000000  0.600000     0.000250
                             2216:  0.300000  0.000000  0.650000     0.000250
                             2217:  0.300000  0.000000  0.700000     0.000250
                             2218:  0.300000  0.000000  0.750000     0.000250
                             2219:  0.300000  0.000000  0.800000     0.000250
                             2220:  0.300000  0.000000  0.850000     0.000250
                             2221:  0.300000  0.000000  0.900000     0.000250
                             2222:  0.300000  0.000000  0.950000     0.000250
                             2223:  0.300000  0.050000  0.000000     0.000250
                             2224:  0.300000  0.050000  0.050000     0.000250
                             2225:  0.300000  0.050000  0.100000     0.000250
                             2226:  0.300000  0.050000  0.150000     0.000250
                             2227:  0.300000  0.050000  0.200000     0.000250
                             2228:  0.300000  0.050000  0.250000     0.000250
                             2229:  0.300000  0.050000  0.300000     0.000250
                             2230:  0.300000  0.050000  0.350000     0.000250
                             2231:  0.300000  0.050000  0.400000     0.000250
                             2232:  0.300000  0.050000  0.450000     0.000250
                             2233:  0.300000  0.050000  0.500000     0.000250
                             2234:  0.300000  0.050000  0.550000     0.000250
                             2235:  0.300000  0.050000  0.600000     0.000250
                             2236:  0.300000  0.050000  0.650000     0.000250
                             2237:  0.300000  0.050000  0.700000     0.000250
                             2238:  0.300000  0.050000  0.750000     0.000250
                             2239:  0.300000  0.050000  0.800000     0.000250
                             2240:  0.300000  0.050000  0.850000     0.000250
                             2241:  0.300000  0.050000  0.900000     0.000250
                             2242:  0.300000  0.050000  0.950000     0.000250
                             2243:  0.300000  0.100000  0.000000     0.000250
                             2244:  0.300000  0.100000  0.050000     0.000250
                             2245:  0.300000  0.100000  0.100000     0.000250
                             2246:  0.300000  0.100000  0.150000     0.000250
                             2247:  0.300000  0.100000  0.200000     0.000250
                             2248:  0.300000  0.100000  0.250000     0.000250
                             2249:  0.300000  0.100000  0.300000     0.000250
                             2250:  0.300000  0.100000  0.350000     0.000250
                             2251:  0.300000  0.100000  0.400000     0.000250
                             2252:  0.300000  0.100000  0.450000     0.000250
                             2253:  0.300000  0.100000  0.500000     0.000250
                             2254:  0.300000  0.100000  0.550000     0.000250
                             2255:  0.300000  0.100000  0.600000     0.000250
                             2256:  0.300000  0.100000  0.650000     0.000250
                             2257:  0.300000  0.100000  0.700000     0.000250
                             2258:  0.300000  0.100000  0.750000     0.000250
                             2259:  0.300000  0.100000  0.800000     0.000250
                             2260:  0.300000  0.100000  0.850000     0.000250
                             2261:  0.300000  0.100000  0.900000     0.000250
                             2262:  0.300000  0.100000  0.950000     0.000250
                             2263:  0.300000  0.150000  0.000000     0.000250
                             2264:  0.300000  0.150000  0.050000     0.000250
                             2265:  0.300000  0.150000  0.100000     0.000250
                             2266:  0.300000  0.150000  0.150000     0.000250
                             2267:  0.300000  0.150000  0.200000     0.000250
                             2268:  0.300000  0.150000  0.250000     0.000250
                             2269:  0.300000  0.150000  0.300000     0.000250
                             2270:  0.300000  0.150000  0.350000     0.000250
                             2271:  0.300000  0.150000  0.400000     0.000250
                             2272:  0.300000  0.150000  0.450000     0.000250
                             2273:  0.300000  0.150000  0.500000     0.000250
                             2274:  0.300000  0.150000  0.550000     0.000250
                             2275:  0.300000  0.150000  0.600000     0.000250
                             2276:  0.300000  0.150000  0.650000     0.000250
                             2277:  0.300000  0.150000  0.700000     0.000250
                             2278:  0.300000  0.150000  0.750000     0.000250
                             2279:  0.300000  0.150000  0.800000     0.000250
                             2280:  0.300000  0.150000  0.850000     0.000250
                             2281:  0.300000  0.150000  0.900000     0.000250
                             2282:  0.300000  0.150000  0.950000     0.000250
                             2283:  0.300000  0.200000  0.000000     0.000250
                             2284:  0.300000  0.200000  0.050000     0.000250
                             2285:  0.300000  0.200000  0.100000     0.000250
                             2286:  0.300000  0.200000  0.150000     0.000250
                             2287:  0.300000  0.200000  0.200000     0.000250
                             2288:  0.300000  0.200000  0.250000     0.000250
                             2289:  0.300000  0.200000  0.300000     0.000250
                             2290:  0.300000  0.200000  0.350000     0.000250
                             2291:  0.300000  0.200000  0.400000     0.000250
                             2292:  0.300000  0.200000  0.450000     0.000250
                             2293:  0.300000  0.200000  0.500000     0.000250
                             2294:  0.300000  0.200000  0.550000     0.000250
                             2295:  0.300000  0.200000  0.600000     0.000250
                             2296:  0.300000  0.200000  0.650000     0.000250
                             2297:  0.300000  0.200000  0.700000     0.000250
                             2298:  0.300000  0.200000  0.750000     0.000250
                             2299:  0.300000  0.200000  0.800000     0.000250
                             2300:  0.300000  0.200000  0.850000     0.000250
                             2301:  0.300000  0.200000  0.900000     0.000250
                             2302:  0.300000  0.200000  0.950000     0.000250
                             2303:  0.300000  0.250000  0.000000     0.000250
                             2304:  0.300000  0.250000  0.050000     0.000250
                             2305:  0.300000  0.250000  0.100000     0.000250
                             2306:  0.300000  0.250000  0.150000     0.000250
                             2307:  0.300000  0.250000  0.200000     0.000250
                             2308:  0.300000  0.250000  0.250000     0.000250
                             2309:  0.300000  0.250000  0.300000     0.000250
                             2310:  0.300000  0.250000  0.350000     0.000250
                             2311:  0.300000  0.250000  0.400000     0.000250
                             2312:  0.300000  0.250000  0.450000     0.000250
                             2313:  0.300000  0.250000  0.500000     0.000250
                             2314:  0.300000  0.250000  0.550000     0.000250
                             2315:  0.300000  0.250000  0.600000     0.000250
                             2316:  0.300000  0.250000  0.650000     0.000250
                             2317:  0.300000  0.250000  0.700000     0.000250
                             2318:  0.300000  0.250000  0.750000     0.000250
                             2319:  0.300000  0.250000  0.800000     0.000250
                             2320:  0.300000  0.250000  0.850000     0.000250
                             2321:  0.300000  0.250000  0.900000     0.000250
                             2322:  0.300000  0.250000  0.950000     0.000250
                             2323:  0.300000  0.300000  0.000000     0.000250
                             2324:  0.300000  0.300000  0.050000     0.000250
                             2325:  0.300000  0.300000  0.100000     0.000250
                             2326:  0.300000  0.300000  0.150000     0.000250
                             2327:  0.300000  0.300000  0.200000     0.000250
                             2328:  0.300000  0.300000  0.250000     0.000250
                             2329:  0.300000  0.300000  0.300000     0.000250
                             2330:  0.300000  0.300000  0.350000     0.000250
                             2331:  0.300000  0.300000  0.400000     0.000250
                             2332:  0.300000  0.300000  0.450000     0.000250
                             2333:  0.300000  0.300000  0.500000     0.000250
                             2334:  0.300000  0.300000  0.550000     0.000250
                             2335:  0.300000  0.300000  0.600000     0.000250
                             2336:  0.300000  0.300000  0.650000     0.000250
                             2337:  0.300000  0.300000  0.700000     0.000250
                             2338:  0.300000  0.300000  0.750000     0.000250
                             2339:  0.300000  0.300000  0.800000     0.000250
                             2340:  0.300000  0.300000  0.850000     0.000250
                             2341:  0.300000  0.300000  0.900000     0.000250
                             2342:  0.300000  0.300000  0.950000     0.000250
                             2343:  0.300000  0.350000  0.000000     0.000250
                             2344:  0.300000  0.350000  0.050000     0.000250
                             2345:  0.300000  0.350000  0.100000     0.000250
                             2346:  0.300000  0.350000  0.150000     0.000250
                             2347:  0.300000  0.350000  0.200000     0.000250
                             2348:  0.300000  0.350000  0.250000     0.000250
                             2349:  0.300000  0.350000  0.300000     0.000250
                             2350:  0.300000  0.350000  0.350000     0.000250
                             2351:  0.300000  0.350000  0.400000     0.000250
                             2352:  0.300000  0.350000  0.450000     0.000250
                             2353:  0.300000  0.350000  0.500000     0.000250
                             2354:  0.300000  0.350000  0.550000     0.000250
                             2355:  0.300000  0.350000  0.600000     0.000250
                             2356:  0.300000  0.350000  0.650000     0.000250
                             2357:  0.300000  0.350000  0.700000     0.000250
                             2358:  0.300000  0.350000  0.750000     0.000250
                             2359:  0.300000  0.350000  0.800000     0.000250
                             2360:  0.300000  0.350000  0.850000     0.000250
                             2361:  0.300000  0.350000  0.900000     0.000250
                             2362:  0.300000  0.350000  0.950000     0.000250
                             2363:  0.300000  0.400000  0.000000     0.000250
                             2364:  0.300000  0.400000  0.050000     0.000250
                             2365:  0.300000  0.400000  0.100000     0.000250
                             2366:  0.300000  0.400000  0.150000     0.000250
                             2367:  0.300000  0.400000  0.200000     0.000250
                             2368:  0.300000  0.400000  0.250000     0.000250
                             2369:  0.300000  0.400000  0.300000     0.000250
                             2370:  0.300000  0.400000  0.350000     0.000250
                             2371:  0.300000  0.400000  0.400000     0.000250
                             2372:  0.300000  0.400000  0.450000     0.000250
                             2373:  0.300000  0.400000  0.500000     0.000250
                             2374:  0.300000  0.400000  0.550000     0.000250
                             2375:  0.300000  0.400000  0.600000     0.000250
                             2376:  0.300000  0.400000  0.650000     0.000250
                             2377:  0.300000  0.400000  0.700000     0.000250
                             2378:  0.300000  0.400000  0.750000     0.000250
                             2379:  0.300000  0.400000  0.800000     0.000250
                             2380:  0.300000  0.400000  0.850000     0.000250
                             2381:  0.300000  0.400000  0.900000     0.000250
                             2382:  0.300000  0.400000  0.950000     0.000250
                             2383:  0.300000  0.450000  0.000000     0.000250
                             2384:  0.300000  0.450000  0.050000     0.000250
                             2385:  0.300000  0.450000  0.100000     0.000250
                             2386:  0.300000  0.450000  0.150000     0.000250
                             2387:  0.300000  0.450000  0.200000     0.000250
                             2388:  0.300000  0.450000  0.250000     0.000250
                             2389:  0.300000  0.450000  0.300000     0.000250
                             2390:  0.300000  0.450000  0.350000     0.000250
                             2391:  0.300000  0.450000  0.400000     0.000250
                             2392:  0.300000  0.450000  0.450000     0.000250
                             2393:  0.300000  0.450000  0.500000     0.000250
                             2394:  0.300000  0.450000  0.550000     0.000250
                             2395:  0.300000  0.450000  0.600000     0.000250
                             2396:  0.300000  0.450000  0.650000     0.000250
                             2397:  0.300000  0.450000  0.700000     0.000250
                             2398:  0.300000  0.450000  0.750000     0.000250
                             2399:  0.300000  0.450000  0.800000     0.000250
                             2400:  0.300000  0.450000  0.850000     0.000250
                             2401:  0.300000  0.450000  0.900000     0.000250
                             2402:  0.300000  0.450000  0.950000     0.000250
                             2403:  0.300000  0.500000  0.000000     0.000250
                             2404:  0.300000  0.500000  0.050000     0.000250
                             2405:  0.300000  0.500000  0.100000     0.000250
                             2406:  0.300000  0.500000  0.150000     0.000250
                             2407:  0.300000  0.500000  0.200000     0.000250
                             2408:  0.300000  0.500000  0.250000     0.000250
                             2409:  0.300000  0.500000  0.300000     0.000250
                             2410:  0.300000  0.500000  0.350000     0.000250
                             2411:  0.300000  0.500000  0.400000     0.000250
                             2412:  0.300000  0.500000  0.450000     0.000250
                             2413:  0.300000  0.500000  0.500000     0.000250
                             2414:  0.300000  0.500000  0.550000     0.000250
                             2415:  0.300000  0.500000  0.600000     0.000250
                             2416:  0.300000  0.500000  0.650000     0.000250
                             2417:  0.300000  0.500000  0.700000     0.000250
                             2418:  0.300000  0.500000  0.750000     0.000250
                             2419:  0.300000  0.500000  0.800000     0.000250
                             2420:  0.300000  0.500000  0.850000     0.000250
                             2421:  0.300000  0.500000  0.900000     0.000250
                             2422:  0.300000  0.500000  0.950000     0.000250
                             2423:  0.300000  0.550000  0.000000     0.000250
                             2424:  0.300000  0.550000  0.050000     0.000250
                             2425:  0.300000  0.550000  0.100000     0.000250
                             2426:  0.300000  0.550000  0.150000     0.000250
                             2427:  0.300000  0.550000  0.200000     0.000250
                             2428:  0.300000  0.550000  0.250000     0.000250
                             2429:  0.300000  0.550000  0.300000     0.000250
                             2430:  0.300000  0.550000  0.350000     0.000250
                             2431:  0.300000  0.550000  0.400000     0.000250
                             2432:  0.300000  0.550000  0.450000     0.000250
                             2433:  0.300000  0.550000  0.500000     0.000250
                             2434:  0.300000  0.550000  0.550000     0.000250
                             2435:  0.300000  0.550000  0.600000     0.000250
                             2436:  0.300000  0.550000  0.650000     0.000250
                             2437:  0.300000  0.550000  0.700000     0.000250
                             2438:  0.300000  0.550000  0.750000     0.000250
                             2439:  0.300000  0.550000  0.800000     0.000250
                             2440:  0.300000  0.550000  0.850000     0.000250
                             2441:  0.300000  0.550000  0.900000     0.000250
                             2442:  0.300000  0.550000  0.950000     0.000250
                             2443:  0.300000  0.600000  0.000000     0.000250
                             2444:  0.300000  0.600000  0.050000     0.000250
                             2445:  0.300000  0.600000  0.100000     0.000250
                             2446:  0.300000  0.600000  0.150000     0.000250
                             2447:  0.300000  0.600000  0.200000     0.000250
                             2448:  0.300000  0.600000  0.250000     0.000250
                             2449:  0.300000  0.600000  0.300000     0.000250
                             2450:  0.300000  0.600000  0.350000     0.000250
                             2451:  0.300000  0.600000  0.400000     0.000250
                             2452:  0.300000  0.600000  0.450000     0.000250
                             2453:  0.300000  0.600000  0.500000     0.000250
                             2454:  0.300000  0.600000  0.550000     0.000250
                             2455:  0.300000  0.600000  0.600000     0.000250
                             2456:  0.300000  0.600000  0.650000     0.000250
                             2457:  0.300000  0.600000  0.700000     0.000250
                             2458:  0.300000  0.600000  0.750000     0.000250
                             2459:  0.300000  0.600000  0.800000     0.000250
                             2460:  0.300000  0.600000  0.850000     0.000250
                             2461:  0.300000  0.600000  0.900000     0.000250
                             2462:  0.300000  0.600000  0.950000     0.000250
                             2463:  0.300000  0.650000  0.000000     0.000250
                             2464:  0.300000  0.650000  0.050000     0.000250
                             2465:  0.300000  0.650000  0.100000     0.000250
                             2466:  0.300000  0.650000  0.150000     0.000250
                             2467:  0.300000  0.650000  0.200000     0.000250
                             2468:  0.300000  0.650000  0.250000     0.000250
                             2469:  0.300000  0.650000  0.300000     0.000250
                             2470:  0.300000  0.650000  0.350000     0.000250
                             2471:  0.300000  0.650000  0.400000     0.000250
                             2472:  0.300000  0.650000  0.450000     0.000250
                             2473:  0.300000  0.650000  0.500000     0.000250
                             2474:  0.300000  0.650000  0.550000     0.000250
                             2475:  0.300000  0.650000  0.600000     0.000250
                             2476:  0.300000  0.650000  0.650000     0.000250
                             2477:  0.300000  0.650000  0.700000     0.000250
                             2478:  0.300000  0.650000  0.750000     0.000250
                             2479:  0.300000  0.650000  0.800000     0.000250
                             2480:  0.300000  0.650000  0.850000     0.000250
                             2481:  0.300000  0.650000  0.900000     0.000250
                             2482:  0.300000  0.650000  0.950000     0.000250
                             2483:  0.300000  0.700000  0.000000     0.000250
                             2484:  0.300000  0.700000  0.050000     0.000250
                             2485:  0.300000  0.700000  0.100000     0.000250
                             2486:  0.300000  0.700000  0.150000     0.000250
                             2487:  0.300000  0.700000  0.200000     0.000250
                             2488:  0.300000  0.700000  0.250000     0.000250
                             2489:  0.300000  0.700000  0.300000     0.000250
                             2490:  0.300000  0.700000  0.350000     0.000250
                             2491:  0.300000  0.700000  0.400000     0.000250
                             2492:  0.300000  0.700000  0.450000     0.000250
                             2493:  0.300000  0.700000  0.500000     0.000250
                             2494:  0.300000  0.700000  0.550000     0.000250
                             2495:  0.300000  0.700000  0.600000     0.000250
                             2496:  0.300000  0.700000  0.650000     0.000250
                             2497:  0.300000  0.700000  0.700000     0.000250
                             2498:  0.300000  0.700000  0.750000     0.000250
                             2499:  0.300000  0.700000  0.800000     0.000250
                             2500:  0.300000  0.700000  0.850000     0.000250
                             2501:  0.300000  0.700000  0.900000     0.000250
                             2502:  0.300000  0.700000  0.950000     0.000250
                             2503:  0.300000  0.750000  0.000000     0.000250
                             2504:  0.300000  0.750000  0.050000     0.000250
                             2505:  0.300000  0.750000  0.100000     0.000250
                             2506:  0.300000  0.750000  0.150000     0.000250
                             2507:  0.300000  0.750000  0.200000     0.000250
                             2508:  0.300000  0.750000  0.250000     0.000250
                             2509:  0.300000  0.750000  0.300000     0.000250
                             2510:  0.300000  0.750000  0.350000     0.000250
                             2511:  0.300000  0.750000  0.400000     0.000250
                             2512:  0.300000  0.750000  0.450000     0.000250
                             2513:  0.300000  0.750000  0.500000     0.000250
                             2514:  0.300000  0.750000  0.550000     0.000250
                             2515:  0.300000  0.750000  0.600000     0.000250
                             2516:  0.300000  0.750000  0.650000     0.000250
                             2517:  0.300000  0.750000  0.700000     0.000250
                             2518:  0.300000  0.750000  0.750000     0.000250
                             2519:  0.300000  0.750000  0.800000     0.000250
                             2520:  0.300000  0.750000  0.850000     0.000250
                             2521:  0.300000  0.750000  0.900000     0.000250
                             2522:  0.300000  0.750000  0.950000     0.000250
                             2523:  0.300000  0.800000  0.000000     0.000250
                             2524:  0.300000  0.800000  0.050000     0.000250
                             2525:  0.300000  0.800000  0.100000     0.000250
                             2526:  0.300000  0.800000  0.150000     0.000250
                             2527:  0.300000  0.800000  0.200000     0.000250
                             2528:  0.300000  0.800000  0.250000     0.000250
                             2529:  0.300000  0.800000  0.300000     0.000250
                             2530:  0.300000  0.800000  0.350000     0.000250
                             2531:  0.300000  0.800000  0.400000     0.000250
                             2532:  0.300000  0.800000  0.450000     0.000250
                             2533:  0.300000  0.800000  0.500000     0.000250
                             2534:  0.300000  0.800000  0.550000     0.000250
                             2535:  0.300000  0.800000  0.600000     0.000250
                             2536:  0.300000  0.800000  0.650000     0.000250
                             2537:  0.300000  0.800000  0.700000     0.000250
                             2538:  0.300000  0.800000  0.750000     0.000250
                             2539:  0.300000  0.800000  0.800000     0.000250
                             2540:  0.300000  0.800000  0.850000     0.000250
                             2541:  0.300000  0.800000  0.900000     0.000250
                             2542:  0.300000  0.800000  0.950000     0.000250
                             2543:  0.300000  0.850000  0.000000     0.000250
                             2544:  0.300000  0.850000  0.050000     0.000250
                             2545:  0.300000  0.850000  0.100000     0.000250
                             2546:  0.300000  0.850000  0.150000     0.000250
                             2547:  0.300000  0.850000  0.200000     0.000250
                             2548:  0.300000  0.850000  0.250000     0.000250
                             2549:  0.300000  0.850000  0.300000     0.000250
                             2550:  0.300000  0.850000  0.350000     0.000250
                             2551:  0.300000  0.850000  0.400000     0.000250
                             2552:  0.300000  0.850000  0.450000     0.000250
                             2553:  0.300000  0.850000  0.500000     0.000250
                             2554:  0.300000  0.850000  0.550000     0.000250
                             2555:  0.300000  0.850000  0.600000     0.000250
                             2556:  0.300000  0.850000  0.650000     0.000250
                             2557:  0.300000  0.850000  0.700000     0.000250
                             2558:  0.300000  0.850000  0.750000     0.000250
                             2559:  0.300000  0.850000  0.800000     0.000250
                             2560:  0.300000  0.850000  0.850000     0.000250
                             2561:  0.300000  0.850000  0.900000     0.000250
                             2562:  0.300000  0.850000  0.950000     0.000250
                             2563:  0.300000  0.900000  0.000000     0.000250
                             2564:  0.300000  0.900000  0.050000     0.000250
                             2565:  0.300000  0.900000  0.100000     0.000250
                             2566:  0.300000  0.900000  0.150000     0.000250
                             2567:  0.300000  0.900000  0.200000     0.000250
                             2568:  0.300000  0.900000  0.250000     0.000250
                             2569:  0.300000  0.900000  0.300000     0.000250
                             2570:  0.300000  0.900000  0.350000     0.000250
                             2571:  0.300000  0.900000  0.400000     0.000250
                             2572:  0.300000  0.900000  0.450000     0.000250
                             2573:  0.300000  0.900000  0.500000     0.000250
                             2574:  0.300000  0.900000  0.550000     0.000250
                             2575:  0.300000  0.900000  0.600000     0.000250
                             2576:  0.300000  0.900000  0.650000     0.000250
                             2577:  0.300000  0.900000  0.700000     0.000250
                             2578:  0.300000  0.900000  0.750000     0.000250
                             2579:  0.300000  0.900000  0.800000     0.000250
                             2580:  0.300000  0.900000  0.850000     0.000250
                             2581:  0.300000  0.900000  0.900000     0.000250
                             2582:  0.300000  0.900000  0.950000     0.000250
                             2583:  0.300000  0.950000  0.000000     0.000250
                             2584:  0.300000  0.950000  0.050000     0.000250
                             2585:  0.300000  0.950000  0.100000     0.000250
                             2586:  0.300000  0.950000  0.150000     0.000250
                             2587:  0.300000  0.950000  0.200000     0.000250
                             2588:  0.300000  0.950000  0.250000     0.000250
                             2589:  0.300000  0.950000  0.300000     0.000250
                             2590:  0.300000  0.950000  0.350000     0.000250
                             2591:  0.300000  0.950000  0.400000     0.000250
                             2592:  0.300000  0.950000  0.450000     0.000250
                             2593:  0.300000  0.950000  0.500000     0.000250
                             2594:  0.300000  0.950000  0.550000     0.000250
                             2595:  0.300000  0.950000  0.600000     0.000250
                             2596:  0.300000  0.950000  0.650000     0.000250
                             2597:  0.300000  0.950000  0.700000     0.000250
                             2598:  0.300000  0.950000  0.750000     0.000250
                             2599:  0.300000  0.950000  0.800000     0.000250
                             2600:  0.300000  0.950000  0.850000     0.000250
                             2601:  0.300000  0.950000  0.900000     0.000250
                             2602:  0.300000  0.950000  0.950000     0.000250
                             2603:  0.350000  0.000000  0.000000     0.000250
                             2604:  0.350000  0.000000  0.050000     0.000250
                             2605:  0.350000  0.000000  0.100000     0.000250
                             2606:  0.350000  0.000000  0.150000     0.000250
                             2607:  0.350000  0.000000  0.200000     0.000250
                             2608:  0.350000  0.000000  0.250000     0.000250
                             2609:  0.350000  0.000000  0.300000     0.000250
                             2610:  0.350000  0.000000  0.350000     0.000250
                             2611:  0.350000  0.000000  0.400000     0.000250
                             2612:  0.350000  0.000000  0.450000     0.000250
                             2613:  0.350000  0.000000  0.500000     0.000250
                             2614:  0.350000  0.000000  0.550000     0.000250
                             2615:  0.350000  0.000000  0.600000     0.000250
                             2616:  0.350000  0.000000  0.650000     0.000250
                             2617:  0.350000  0.000000  0.700000     0.000250
                             2618:  0.350000  0.000000  0.750000     0.000250
                             2619:  0.350000  0.000000  0.800000     0.000250
                             2620:  0.350000  0.000000  0.850000     0.000250
                             2621:  0.350000  0.000000  0.900000     0.000250
                             2622:  0.350000  0.000000  0.950000     0.000250
                             2623:  0.350000  0.050000  0.000000     0.000250
                             2624:  0.350000  0.050000  0.050000     0.000250
                             2625:  0.350000  0.050000  0.100000     0.000250
                             2626:  0.350000  0.050000  0.150000     0.000250
                             2627:  0.350000  0.050000  0.200000     0.000250
                             2628:  0.350000  0.050000  0.250000     0.000250
                             2629:  0.350000  0.050000  0.300000     0.000250
                             2630:  0.350000  0.050000  0.350000     0.000250
                             2631:  0.350000  0.050000  0.400000     0.000250
                             2632:  0.350000  0.050000  0.450000     0.000250
                             2633:  0.350000  0.050000  0.500000     0.000250
                             2634:  0.350000  0.050000  0.550000     0.000250
                             2635:  0.350000  0.050000  0.600000     0.000250
                             2636:  0.350000  0.050000  0.650000     0.000250
                             2637:  0.350000  0.050000  0.700000     0.000250
                             2638:  0.350000  0.050000  0.750000     0.000250
                             2639:  0.350000  0.050000  0.800000     0.000250
                             2640:  0.350000  0.050000  0.850000     0.000250
                             2641:  0.350000  0.050000  0.900000     0.000250
                             2642:  0.350000  0.050000  0.950000     0.000250
                             2643:  0.350000  0.100000  0.000000     0.000250
                             2644:  0.350000  0.100000  0.050000     0.000250
                             2645:  0.350000  0.100000  0.100000     0.000250
                             2646:  0.350000  0.100000  0.150000     0.000250
                             2647:  0.350000  0.100000  0.200000     0.000250
                             2648:  0.350000  0.100000  0.250000     0.000250
                             2649:  0.350000  0.100000  0.300000     0.000250
                             2650:  0.350000  0.100000  0.350000     0.000250
                             2651:  0.350000  0.100000  0.400000     0.000250
                             2652:  0.350000  0.100000  0.450000     0.000250
                             2653:  0.350000  0.100000  0.500000     0.000250
                             2654:  0.350000  0.100000  0.550000     0.000250
                             2655:  0.350000  0.100000  0.600000     0.000250
                             2656:  0.350000  0.100000  0.650000     0.000250
                             2657:  0.350000  0.100000  0.700000     0.000250
                             2658:  0.350000  0.100000  0.750000     0.000250
                             2659:  0.350000  0.100000  0.800000     0.000250
                             2660:  0.350000  0.100000  0.850000     0.000250
                             2661:  0.350000  0.100000  0.900000     0.000250
                             2662:  0.350000  0.100000  0.950000     0.000250
                             2663:  0.350000  0.150000  0.000000     0.000250
                             2664:  0.350000  0.150000  0.050000     0.000250
                             2665:  0.350000  0.150000  0.100000     0.000250
                             2666:  0.350000  0.150000  0.150000     0.000250
                             2667:  0.350000  0.150000  0.200000     0.000250
                             2668:  0.350000  0.150000  0.250000     0.000250
                             2669:  0.350000  0.150000  0.300000     0.000250
                             2670:  0.350000  0.150000  0.350000     0.000250
                             2671:  0.350000  0.150000  0.400000     0.000250
                             2672:  0.350000  0.150000  0.450000     0.000250
                             2673:  0.350000  0.150000  0.500000     0.000250
                             2674:  0.350000  0.150000  0.550000     0.000250
                             2675:  0.350000  0.150000  0.600000     0.000250
                             2676:  0.350000  0.150000  0.650000     0.000250
                             2677:  0.350000  0.150000  0.700000     0.000250
                             2678:  0.350000  0.150000  0.750000     0.000250
                             2679:  0.350000  0.150000  0.800000     0.000250
                             2680:  0.350000  0.150000  0.850000     0.000250
                             2681:  0.350000  0.150000  0.900000     0.000250
                             2682:  0.350000  0.150000  0.950000     0.000250
                             2683:  0.350000  0.200000  0.000000     0.000250
                             2684:  0.350000  0.200000  0.050000     0.000250
                             2685:  0.350000  0.200000  0.100000     0.000250
                             2686:  0.350000  0.200000  0.150000     0.000250
                             2687:  0.350000  0.200000  0.200000     0.000250
                             2688:  0.350000  0.200000  0.250000     0.000250
                             2689:  0.350000  0.200000  0.300000     0.000250
                             2690:  0.350000  0.200000  0.350000     0.000250
                             2691:  0.350000  0.200000  0.400000     0.000250
                             2692:  0.350000  0.200000  0.450000     0.000250
                             2693:  0.350000  0.200000  0.500000     0.000250
                             2694:  0.350000  0.200000  0.550000     0.000250
                             2695:  0.350000  0.200000  0.600000     0.000250
                             2696:  0.350000  0.200000  0.650000     0.000250
                             2697:  0.350000  0.200000  0.700000     0.000250
                             2698:  0.350000  0.200000  0.750000     0.000250
                             2699:  0.350000  0.200000  0.800000     0.000250
                             2700:  0.350000  0.200000  0.850000     0.000250
                             2701:  0.350000  0.200000  0.900000     0.000250
                             2702:  0.350000  0.200000  0.950000     0.000250
                             2703:  0.350000  0.250000  0.000000     0.000250
                             2704:  0.350000  0.250000  0.050000     0.000250
                             2705:  0.350000  0.250000  0.100000     0.000250
                             2706:  0.350000  0.250000  0.150000     0.000250
                             2707:  0.350000  0.250000  0.200000     0.000250
                             2708:  0.350000  0.250000  0.250000     0.000250
                             2709:  0.350000  0.250000  0.300000     0.000250
                             2710:  0.350000  0.250000  0.350000     0.000250
                             2711:  0.350000  0.250000  0.400000     0.000250
                             2712:  0.350000  0.250000  0.450000     0.000250
                             2713:  0.350000  0.250000  0.500000     0.000250
                             2714:  0.350000  0.250000  0.550000     0.000250
                             2715:  0.350000  0.250000  0.600000     0.000250
                             2716:  0.350000  0.250000  0.650000     0.000250
                             2717:  0.350000  0.250000  0.700000     0.000250
                             2718:  0.350000  0.250000  0.750000     0.000250
                             2719:  0.350000  0.250000  0.800000     0.000250
                             2720:  0.350000  0.250000  0.850000     0.000250
                             2721:  0.350000  0.250000  0.900000     0.000250
                             2722:  0.350000  0.250000  0.950000     0.000250
                             2723:  0.350000  0.300000  0.000000     0.000250
                             2724:  0.350000  0.300000  0.050000     0.000250
                             2725:  0.350000  0.300000  0.100000     0.000250
                             2726:  0.350000  0.300000  0.150000     0.000250
                             2727:  0.350000  0.300000  0.200000     0.000250
                             2728:  0.350000  0.300000  0.250000     0.000250
                             2729:  0.350000  0.300000  0.300000     0.000250
                             2730:  0.350000  0.300000  0.350000     0.000250
                             2731:  0.350000  0.300000  0.400000     0.000250
                             2732:  0.350000  0.300000  0.450000     0.000250
                             2733:  0.350000  0.300000  0.500000     0.000250
                             2734:  0.350000  0.300000  0.550000     0.000250
                             2735:  0.350000  0.300000  0.600000     0.000250
                             2736:  0.350000  0.300000  0.650000     0.000250
                             2737:  0.350000  0.300000  0.700000     0.000250
                             2738:  0.350000  0.300000  0.750000     0.000250
                             2739:  0.350000  0.300000  0.800000     0.000250
                             2740:  0.350000  0.300000  0.850000     0.000250
                             2741:  0.350000  0.300000  0.900000     0.000250
                             2742:  0.350000  0.300000  0.950000     0.000250
                             2743:  0.350000  0.350000  0.000000     0.000250
                             2744:  0.350000  0.350000  0.050000     0.000250
                             2745:  0.350000  0.350000  0.100000     0.000250
                             2746:  0.350000  0.350000  0.150000     0.000250
                             2747:  0.350000  0.350000  0.200000     0.000250
                             2748:  0.350000  0.350000  0.250000     0.000250
                             2749:  0.350000  0.350000  0.300000     0.000250
                             2750:  0.350000  0.350000  0.350000     0.000250
                             2751:  0.350000  0.350000  0.400000     0.000250
                             2752:  0.350000  0.350000  0.450000     0.000250
                             2753:  0.350000  0.350000  0.500000     0.000250
                             2754:  0.350000  0.350000  0.550000     0.000250
                             2755:  0.350000  0.350000  0.600000     0.000250
                             2756:  0.350000  0.350000  0.650000     0.000250
                             2757:  0.350000  0.350000  0.700000     0.000250
                             2758:  0.350000  0.350000  0.750000     0.000250
                             2759:  0.350000  0.350000  0.800000     0.000250
                             2760:  0.350000  0.350000  0.850000     0.000250
                             2761:  0.350000  0.350000  0.900000     0.000250
                             2762:  0.350000  0.350000  0.950000     0.000250
                             2763:  0.350000  0.400000  0.000000     0.000250
                             2764:  0.350000  0.400000  0.050000     0.000250
                             2765:  0.350000  0.400000  0.100000     0.000250
                             2766:  0.350000  0.400000  0.150000     0.000250
                             2767:  0.350000  0.400000  0.200000     0.000250
                             2768:  0.350000  0.400000  0.250000     0.000250
                             2769:  0.350000  0.400000  0.300000     0.000250
                             2770:  0.350000  0.400000  0.350000     0.000250
                             2771:  0.350000  0.400000  0.400000     0.000250
                             2772:  0.350000  0.400000  0.450000     0.000250
                             2773:  0.350000  0.400000  0.500000     0.000250
                             2774:  0.350000  0.400000  0.550000     0.000250
                             2775:  0.350000  0.400000  0.600000     0.000250
                             2776:  0.350000  0.400000  0.650000     0.000250
                             2777:  0.350000  0.400000  0.700000     0.000250
                             2778:  0.350000  0.400000  0.750000     0.000250
                             2779:  0.350000  0.400000  0.800000     0.000250
                             2780:  0.350000  0.400000  0.850000     0.000250
                             2781:  0.350000  0.400000  0.900000     0.000250
                             2782:  0.350000  0.400000  0.950000     0.000250
                             2783:  0.350000  0.450000  0.000000     0.000250
                             2784:  0.350000  0.450000  0.050000     0.000250
                             2785:  0.350000  0.450000  0.100000     0.000250
                             2786:  0.350000  0.450000  0.150000     0.000250
                             2787:  0.350000  0.450000  0.200000     0.000250
                             2788:  0.350000  0.450000  0.250000     0.000250
                             2789:  0.350000  0.450000  0.300000     0.000250
                             2790:  0.350000  0.450000  0.350000     0.000250
                             2791:  0.350000  0.450000  0.400000     0.000250
                             2792:  0.350000  0.450000  0.450000     0.000250
                             2793:  0.350000  0.450000  0.500000     0.000250
                             2794:  0.350000  0.450000  0.550000     0.000250
                             2795:  0.350000  0.450000  0.600000     0.000250
                             2796:  0.350000  0.450000  0.650000     0.000250
                             2797:  0.350000  0.450000  0.700000     0.000250
                             2798:  0.350000  0.450000  0.750000     0.000250
                             2799:  0.350000  0.450000  0.800000     0.000250
                             2800:  0.350000  0.450000  0.850000     0.000250
                             2801:  0.350000  0.450000  0.900000     0.000250
                             2802:  0.350000  0.450000  0.950000     0.000250
                             2803:  0.350000  0.500000  0.000000     0.000250
                             2804:  0.350000  0.500000  0.050000     0.000250
                             2805:  0.350000  0.500000  0.100000     0.000250
                             2806:  0.350000  0.500000  0.150000     0.000250
                             2807:  0.350000  0.500000  0.200000     0.000250
                             2808:  0.350000  0.500000  0.250000     0.000250
                             2809:  0.350000  0.500000  0.300000     0.000250
                             2810:  0.350000  0.500000  0.350000     0.000250
                             2811:  0.350000  0.500000  0.400000     0.000250
                             2812:  0.350000  0.500000  0.450000     0.000250
                             2813:  0.350000  0.500000  0.500000     0.000250
                             2814:  0.350000  0.500000  0.550000     0.000250
                             2815:  0.350000  0.500000  0.600000     0.000250
                             2816:  0.350000  0.500000  0.650000     0.000250
                             2817:  0.350000  0.500000  0.700000     0.000250
                             2818:  0.350000  0.500000  0.750000     0.000250
                             2819:  0.350000  0.500000  0.800000     0.000250
                             2820:  0.350000  0.500000  0.850000     0.000250
                             2821:  0.350000  0.500000  0.900000     0.000250
                             2822:  0.350000  0.500000  0.950000     0.000250
                             2823:  0.350000  0.550000  0.000000     0.000250
                             2824:  0.350000  0.550000  0.050000     0.000250
                             2825:  0.350000  0.550000  0.100000     0.000250
                             2826:  0.350000  0.550000  0.150000     0.000250
                             2827:  0.350000  0.550000  0.200000     0.000250
                             2828:  0.350000  0.550000  0.250000     0.000250
                             2829:  0.350000  0.550000  0.300000     0.000250
                             2830:  0.350000  0.550000  0.350000     0.000250
                             2831:  0.350000  0.550000  0.400000     0.000250
                             2832:  0.350000  0.550000  0.450000     0.000250
                             2833:  0.350000  0.550000  0.500000     0.000250
                             2834:  0.350000  0.550000  0.550000     0.000250
                             2835:  0.350000  0.550000  0.600000     0.000250
                             2836:  0.350000  0.550000  0.650000     0.000250
                             2837:  0.350000  0.550000  0.700000     0.000250
                             2838:  0.350000  0.550000  0.750000     0.000250
                             2839:  0.350000  0.550000  0.800000     0.000250
                             2840:  0.350000  0.550000  0.850000     0.000250
                             2841:  0.350000  0.550000  0.900000     0.000250
                             2842:  0.350000  0.550000  0.950000     0.000250
                             2843:  0.350000  0.600000  0.000000     0.000250
                             2844:  0.350000  0.600000  0.050000     0.000250
                             2845:  0.350000  0.600000  0.100000     0.000250
                             2846:  0.350000  0.600000  0.150000     0.000250
                             2847:  0.350000  0.600000  0.200000     0.000250
                             2848:  0.350000  0.600000  0.250000     0.000250
                             2849:  0.350000  0.600000  0.300000     0.000250
                             2850:  0.350000  0.600000  0.350000     0.000250
                             2851:  0.350000  0.600000  0.400000     0.000250
                             2852:  0.350000  0.600000  0.450000     0.000250
                             2853:  0.350000  0.600000  0.500000     0.000250
                             2854:  0.350000  0.600000  0.550000     0.000250
                             2855:  0.350000  0.600000  0.600000     0.000250
                             2856:  0.350000  0.600000  0.650000     0.000250
                             2857:  0.350000  0.600000  0.700000     0.000250
                             2858:  0.350000  0.600000  0.750000     0.000250
                             2859:  0.350000  0.600000  0.800000     0.000250
                             2860:  0.350000  0.600000  0.850000     0.000250
                             2861:  0.350000  0.600000  0.900000     0.000250
                             2862:  0.350000  0.600000  0.950000     0.000250
                             2863:  0.350000  0.650000  0.000000     0.000250
                             2864:  0.350000  0.650000  0.050000     0.000250
                             2865:  0.350000  0.650000  0.100000     0.000250
                             2866:  0.350000  0.650000  0.150000     0.000250
                             2867:  0.350000  0.650000  0.200000     0.000250
                             2868:  0.350000  0.650000  0.250000     0.000250
                             2869:  0.350000  0.650000  0.300000     0.000250
                             2870:  0.350000  0.650000  0.350000     0.000250
                             2871:  0.350000  0.650000  0.400000     0.000250
                             2872:  0.350000  0.650000  0.450000     0.000250
                             2873:  0.350000  0.650000  0.500000     0.000250
                             2874:  0.350000  0.650000  0.550000     0.000250
                             2875:  0.350000  0.650000  0.600000     0.000250
                             2876:  0.350000  0.650000  0.650000     0.000250
                             2877:  0.350000  0.650000  0.700000     0.000250
                             2878:  0.350000  0.650000  0.750000     0.000250
                             2879:  0.350000  0.650000  0.800000     0.000250
                             2880:  0.350000  0.650000  0.850000     0.000250
                             2881:  0.350000  0.650000  0.900000     0.000250
                             2882:  0.350000  0.650000  0.950000     0.000250
                             2883:  0.350000  0.700000  0.000000     0.000250
                             2884:  0.350000  0.700000  0.050000     0.000250
                             2885:  0.350000  0.700000  0.100000     0.000250
                             2886:  0.350000  0.700000  0.150000     0.000250
                             2887:  0.350000  0.700000  0.200000     0.000250
                             2888:  0.350000  0.700000  0.250000     0.000250
                             2889:  0.350000  0.700000  0.300000     0.000250
                             2890:  0.350000  0.700000  0.350000     0.000250
                             2891:  0.350000  0.700000  0.400000     0.000250
                             2892:  0.350000  0.700000  0.450000     0.000250
                             2893:  0.350000  0.700000  0.500000     0.000250
                             2894:  0.350000  0.700000  0.550000     0.000250
                             2895:  0.350000  0.700000  0.600000     0.000250
                             2896:  0.350000  0.700000  0.650000     0.000250
                             2897:  0.350000  0.700000  0.700000     0.000250
                             2898:  0.350000  0.700000  0.750000     0.000250
                             2899:  0.350000  0.700000  0.800000     0.000250
                             2900:  0.350000  0.700000  0.850000     0.000250
                             2901:  0.350000  0.700000  0.900000     0.000250
                             2902:  0.350000  0.700000  0.950000     0.000250
                             2903:  0.350000  0.750000  0.000000     0.000250
                             2904:  0.350000  0.750000  0.050000     0.000250
                             2905:  0.350000  0.750000  0.100000     0.000250
                             2906:  0.350000  0.750000  0.150000     0.000250
                             2907:  0.350000  0.750000  0.200000     0.000250
                             2908:  0.350000  0.750000  0.250000     0.000250
                             2909:  0.350000  0.750000  0.300000     0.000250
                             2910:  0.350000  0.750000  0.350000     0.000250
                             2911:  0.350000  0.750000  0.400000     0.000250
                             2912:  0.350000  0.750000  0.450000     0.000250
                             2913:  0.350000  0.750000  0.500000     0.000250
                             2914:  0.350000  0.750000  0.550000     0.000250
                             2915:  0.350000  0.750000  0.600000     0.000250
                             2916:  0.350000  0.750000  0.650000     0.000250
                             2917:  0.350000  0.750000  0.700000     0.000250
                             2918:  0.350000  0.750000  0.750000     0.000250
                             2919:  0.350000  0.750000  0.800000     0.000250
                             2920:  0.350000  0.750000  0.850000     0.000250
                             2921:  0.350000  0.750000  0.900000     0.000250
                             2922:  0.350000  0.750000  0.950000     0.000250
                             2923:  0.350000  0.800000  0.000000     0.000250
                             2924:  0.350000  0.800000  0.050000     0.000250
                             2925:  0.350000  0.800000  0.100000     0.000250
                             2926:  0.350000  0.800000  0.150000     0.000250
                             2927:  0.350000  0.800000  0.200000     0.000250
                             2928:  0.350000  0.800000  0.250000     0.000250
                             2929:  0.350000  0.800000  0.300000     0.000250
                             2930:  0.350000  0.800000  0.350000     0.000250
                             2931:  0.350000  0.800000  0.400000     0.000250
                             2932:  0.350000  0.800000  0.450000     0.000250
                             2933:  0.350000  0.800000  0.500000     0.000250
                             2934:  0.350000  0.800000  0.550000     0.000250
                             2935:  0.350000  0.800000  0.600000     0.000250
                             2936:  0.350000  0.800000  0.650000     0.000250
                             2937:  0.350000  0.800000  0.700000     0.000250
                             2938:  0.350000  0.800000  0.750000     0.000250
                             2939:  0.350000  0.800000  0.800000     0.000250
                             2940:  0.350000  0.800000  0.850000     0.000250
                             2941:  0.350000  0.800000  0.900000     0.000250
                             2942:  0.350000  0.800000  0.950000     0.000250
                             2943:  0.350000  0.850000  0.000000     0.000250
                             2944:  0.350000  0.850000  0.050000     0.000250
                             2945:  0.350000  0.850000  0.100000     0.000250
                             2946:  0.350000  0.850000  0.150000     0.000250
                             2947:  0.350000  0.850000  0.200000     0.000250
                             2948:  0.350000  0.850000  0.250000     0.000250
                             2949:  0.350000  0.850000  0.300000     0.000250
                             2950:  0.350000  0.850000  0.350000     0.000250
                             2951:  0.350000  0.850000  0.400000     0.000250
                             2952:  0.350000  0.850000  0.450000     0.000250
                             2953:  0.350000  0.850000  0.500000     0.000250
                             2954:  0.350000  0.850000  0.550000     0.000250
                             2955:  0.350000  0.850000  0.600000     0.000250
                             2956:  0.350000  0.850000  0.650000     0.000250
                             2957:  0.350000  0.850000  0.700000     0.000250
                             2958:  0.350000  0.850000  0.750000     0.000250
                             2959:  0.350000  0.850000  0.800000     0.000250
                             2960:  0.350000  0.850000  0.850000     0.000250
                             2961:  0.350000  0.850000  0.900000     0.000250
                             2962:  0.350000  0.850000  0.950000     0.000250
                             2963:  0.350000  0.900000  0.000000     0.000250
                             2964:  0.350000  0.900000  0.050000     0.000250
                             2965:  0.350000  0.900000  0.100000     0.000250
                             2966:  0.350000  0.900000  0.150000     0.000250
                             2967:  0.350000  0.900000  0.200000     0.000250
                             2968:  0.350000  0.900000  0.250000     0.000250
                             2969:  0.350000  0.900000  0.300000     0.000250
                             2970:  0.350000  0.900000  0.350000     0.000250
                             2971:  0.350000  0.900000  0.400000     0.000250
                             2972:  0.350000  0.900000  0.450000     0.000250
                             2973:  0.350000  0.900000  0.500000     0.000250
                             2974:  0.350000  0.900000  0.550000     0.000250
                             2975:  0.350000  0.900000  0.600000     0.000250
                             2976:  0.350000  0.900000  0.650000     0.000250
                             2977:  0.350000  0.900000  0.700000     0.000250
                             2978:  0.350000  0.900000  0.750000     0.000250
                             2979:  0.350000  0.900000  0.800000     0.000250
                             2980:  0.350000  0.900000  0.850000     0.000250
                             2981:  0.350000  0.900000  0.900000     0.000250
                             2982:  0.350000  0.900000  0.950000     0.000250
                             2983:  0.350000  0.950000  0.000000     0.000250
                             2984:  0.350000  0.950000  0.050000     0.000250
                             2985:  0.350000  0.950000  0.100000     0.000250
                             2986:  0.350000  0.950000  0.150000     0.000250
                             2987:  0.350000  0.950000  0.200000     0.000250
                             2988:  0.350000  0.950000  0.250000     0.000250
                             2989:  0.350000  0.950000  0.300000     0.000250
                             2990:  0.350000  0.950000  0.350000     0.000250
                             2991:  0.350000  0.950000  0.400000     0.000250
                             2992:  0.350000  0.950000  0.450000     0.000250
                             2993:  0.350000  0.950000  0.500000     0.000250
                             2994:  0.350000  0.950000  0.550000     0.000250
                             2995:  0.350000  0.950000  0.600000     0.000250
                             2996:  0.350000  0.950000  0.650000     0.000250
                             2997:  0.350000  0.950000  0.700000     0.000250
                             2998:  0.350000  0.950000  0.750000     0.000250
                             2999:  0.350000  0.950000  0.800000     0.000250
                             3000:  0.350000  0.950000  0.850000     0.000250
                             3001:  0.350000  0.950000  0.900000     0.000250
                             3002:  0.350000  0.950000  0.950000     0.000250
                             3003:  0.400000  0.000000  0.000000     0.000250
                             3004:  0.400000  0.000000  0.050000     0.000250
                             3005:  0.400000  0.000000  0.100000     0.000250
                             3006:  0.400000  0.000000  0.150000     0.000250
                             3007:  0.400000  0.000000  0.200000     0.000250
                             3008:  0.400000  0.000000  0.250000     0.000250
                             3009:  0.400000  0.000000  0.300000     0.000250
                             3010:  0.400000  0.000000  0.350000     0.000250
                             3011:  0.400000  0.000000  0.400000     0.000250
                             3012:  0.400000  0.000000  0.450000     0.000250
                             3013:  0.400000  0.000000  0.500000     0.000250
                             3014:  0.400000  0.000000  0.550000     0.000250
                             3015:  0.400000  0.000000  0.600000     0.000250
                             3016:  0.400000  0.000000  0.650000     0.000250
                             3017:  0.400000  0.000000  0.700000     0.000250
                             3018:  0.400000  0.000000  0.750000     0.000250
                             3019:  0.400000  0.000000  0.800000     0.000250
                             3020:  0.400000  0.000000  0.850000     0.000250
                             3021:  0.400000  0.000000  0.900000     0.000250
                             3022:  0.400000  0.000000  0.950000     0.000250
                             3023:  0.400000  0.050000  0.000000     0.000250
                             3024:  0.400000  0.050000  0.050000     0.000250
                             3025:  0.400000  0.050000  0.100000     0.000250
                             3026:  0.400000  0.050000  0.150000     0.000250
                             3027:  0.400000  0.050000  0.200000     0.000250
                             3028:  0.400000  0.050000  0.250000     0.000250
                             3029:  0.400000  0.050000  0.300000     0.000250
                             3030:  0.400000  0.050000  0.350000     0.000250
                             3031:  0.400000  0.050000  0.400000     0.000250
                             3032:  0.400000  0.050000  0.450000     0.000250
                             3033:  0.400000  0.050000  0.500000     0.000250
                             3034:  0.400000  0.050000  0.550000     0.000250
                             3035:  0.400000  0.050000  0.600000     0.000250
                             3036:  0.400000  0.050000  0.650000     0.000250
                             3037:  0.400000  0.050000  0.700000     0.000250
                             3038:  0.400000  0.050000  0.750000     0.000250
                             3039:  0.400000  0.050000  0.800000     0.000250
                             3040:  0.400000  0.050000  0.850000     0.000250
                             3041:  0.400000  0.050000  0.900000     0.000250
                             3042:  0.400000  0.050000  0.950000     0.000250
                             3043:  0.400000  0.100000  0.000000     0.000250
                             3044:  0.400000  0.100000  0.050000     0.000250
                             3045:  0.400000  0.100000  0.100000     0.000250
                             3046:  0.400000  0.100000  0.150000     0.000250
                             3047:  0.400000  0.100000  0.200000     0.000250
                             3048:  0.400000  0.100000  0.250000     0.000250
                             3049:  0.400000  0.100000  0.300000     0.000250
                             3050:  0.400000  0.100000  0.350000     0.000250
                             3051:  0.400000  0.100000  0.400000     0.000250
                             3052:  0.400000  0.100000  0.450000     0.000250
                             3053:  0.400000  0.100000  0.500000     0.000250
                             3054:  0.400000  0.100000  0.550000     0.000250
                             3055:  0.400000  0.100000  0.600000     0.000250
                             3056:  0.400000  0.100000  0.650000     0.000250
                             3057:  0.400000  0.100000  0.700000     0.000250
                             3058:  0.400000  0.100000  0.750000     0.000250
                             3059:  0.400000  0.100000  0.800000     0.000250
                             3060:  0.400000  0.100000  0.850000     0.000250
                             3061:  0.400000  0.100000  0.900000     0.000250
                             3062:  0.400000  0.100000  0.950000     0.000250
                             3063:  0.400000  0.150000  0.000000     0.000250
                             3064:  0.400000  0.150000  0.050000     0.000250
                             3065:  0.400000  0.150000  0.100000     0.000250
                             3066:  0.400000  0.150000  0.150000     0.000250
                             3067:  0.400000  0.150000  0.200000     0.000250
                             3068:  0.400000  0.150000  0.250000     0.000250
                             3069:  0.400000  0.150000  0.300000     0.000250
                             3070:  0.400000  0.150000  0.350000     0.000250
                             3071:  0.400000  0.150000  0.400000     0.000250
                             3072:  0.400000  0.150000  0.450000     0.000250
                             3073:  0.400000  0.150000  0.500000     0.000250
                             3074:  0.400000  0.150000  0.550000     0.000250
                             3075:  0.400000  0.150000  0.600000     0.000250
                             3076:  0.400000  0.150000  0.650000     0.000250
                             3077:  0.400000  0.150000  0.700000     0.000250
                             3078:  0.400000  0.150000  0.750000     0.000250
                             3079:  0.400000  0.150000  0.800000     0.000250
                             3080:  0.400000  0.150000  0.850000     0.000250
                             3081:  0.400000  0.150000  0.900000     0.000250
                             3082:  0.400000  0.150000  0.950000     0.000250
                             3083:  0.400000  0.200000  0.000000     0.000250
                             3084:  0.400000  0.200000  0.050000     0.000250
                             3085:  0.400000  0.200000  0.100000     0.000250
                             3086:  0.400000  0.200000  0.150000     0.000250
                             3087:  0.400000  0.200000  0.200000     0.000250
                             3088:  0.400000  0.200000  0.250000     0.000250
                             3089:  0.400000  0.200000  0.300000     0.000250
                             3090:  0.400000  0.200000  0.350000     0.000250
                             3091:  0.400000  0.200000  0.400000     0.000250
                             3092:  0.400000  0.200000  0.450000     0.000250
                             3093:  0.400000  0.200000  0.500000     0.000250
                             3094:  0.400000  0.200000  0.550000     0.000250
                             3095:  0.400000  0.200000  0.600000     0.000250
                             3096:  0.400000  0.200000  0.650000     0.000250
                             3097:  0.400000  0.200000  0.700000     0.000250
                             3098:  0.400000  0.200000  0.750000     0.000250
                             3099:  0.400000  0.200000  0.800000     0.000250
                             3100:  0.400000  0.200000  0.850000     0.000250
                             3101:  0.400000  0.200000  0.900000     0.000250
                             3102:  0.400000  0.200000  0.950000     0.000250
                             3103:  0.400000  0.250000  0.000000     0.000250
                             3104:  0.400000  0.250000  0.050000     0.000250
                             3105:  0.400000  0.250000  0.100000     0.000250
                             3106:  0.400000  0.250000  0.150000     0.000250
                             3107:  0.400000  0.250000  0.200000     0.000250
                             3108:  0.400000  0.250000  0.250000     0.000250
                             3109:  0.400000  0.250000  0.300000     0.000250
                             3110:  0.400000  0.250000  0.350000     0.000250
                             3111:  0.400000  0.250000  0.400000     0.000250
                             3112:  0.400000  0.250000  0.450000     0.000250
                             3113:  0.400000  0.250000  0.500000     0.000250
                             3114:  0.400000  0.250000  0.550000     0.000250
                             3115:  0.400000  0.250000  0.600000     0.000250
                             3116:  0.400000  0.250000  0.650000     0.000250
                             3117:  0.400000  0.250000  0.700000     0.000250
                             3118:  0.400000  0.250000  0.750000     0.000250
                             3119:  0.400000  0.250000  0.800000     0.000250
                             3120:  0.400000  0.250000  0.850000     0.000250
                             3121:  0.400000  0.250000  0.900000     0.000250
                             3122:  0.400000  0.250000  0.950000     0.000250
                             3123:  0.400000  0.300000  0.000000     0.000250
                             3124:  0.400000  0.300000  0.050000     0.000250
                             3125:  0.400000  0.300000  0.100000     0.000250
                             3126:  0.400000  0.300000  0.150000     0.000250
                             3127:  0.400000  0.300000  0.200000     0.000250
                             3128:  0.400000  0.300000  0.250000     0.000250
                             3129:  0.400000  0.300000  0.300000     0.000250
                             3130:  0.400000  0.300000  0.350000     0.000250
                             3131:  0.400000  0.300000  0.400000     0.000250
                             3132:  0.400000  0.300000  0.450000     0.000250
                             3133:  0.400000  0.300000  0.500000     0.000250
                             3134:  0.400000  0.300000  0.550000     0.000250
                             3135:  0.400000  0.300000  0.600000     0.000250
                             3136:  0.400000  0.300000  0.650000     0.000250
                             3137:  0.400000  0.300000  0.700000     0.000250
                             3138:  0.400000  0.300000  0.750000     0.000250
                             3139:  0.400000  0.300000  0.800000     0.000250
                             3140:  0.400000  0.300000  0.850000     0.000250
                             3141:  0.400000  0.300000  0.900000     0.000250
                             3142:  0.400000  0.300000  0.950000     0.000250
                             3143:  0.400000  0.350000  0.000000     0.000250
                             3144:  0.400000  0.350000  0.050000     0.000250
                             3145:  0.400000  0.350000  0.100000     0.000250
                             3146:  0.400000  0.350000  0.150000     0.000250
                             3147:  0.400000  0.350000  0.200000     0.000250
                             3148:  0.400000  0.350000  0.250000     0.000250
                             3149:  0.400000  0.350000  0.300000     0.000250
                             3150:  0.400000  0.350000  0.350000     0.000250
                             3151:  0.400000  0.350000  0.400000     0.000250
                             3152:  0.400000  0.350000  0.450000     0.000250
                             3153:  0.400000  0.350000  0.500000     0.000250
                             3154:  0.400000  0.350000  0.550000     0.000250
                             3155:  0.400000  0.350000  0.600000     0.000250
                             3156:  0.400000  0.350000  0.650000     0.000250
                             3157:  0.400000  0.350000  0.700000     0.000250
                             3158:  0.400000  0.350000  0.750000     0.000250
                             3159:  0.400000  0.350000  0.800000     0.000250
                             3160:  0.400000  0.350000  0.850000     0.000250
                             3161:  0.400000  0.350000  0.900000     0.000250
                             3162:  0.400000  0.350000  0.950000     0.000250
                             3163:  0.400000  0.400000  0.000000     0.000250
                             3164:  0.400000  0.400000  0.050000     0.000250
                             3165:  0.400000  0.400000  0.100000     0.000250
                             3166:  0.400000  0.400000  0.150000     0.000250
                             3167:  0.400000  0.400000  0.200000     0.000250
                             3168:  0.400000  0.400000  0.250000     0.000250
                             3169:  0.400000  0.400000  0.300000     0.000250
                             3170:  0.400000  0.400000  0.350000     0.000250
                             3171:  0.400000  0.400000  0.400000     0.000250
                             3172:  0.400000  0.400000  0.450000     0.000250
                             3173:  0.400000  0.400000  0.500000     0.000250
                             3174:  0.400000  0.400000  0.550000     0.000250
                             3175:  0.400000  0.400000  0.600000     0.000250
                             3176:  0.400000  0.400000  0.650000     0.000250
                             3177:  0.400000  0.400000  0.700000     0.000250
                             3178:  0.400000  0.400000  0.750000     0.000250
                             3179:  0.400000  0.400000  0.800000     0.000250
                             3180:  0.400000  0.400000  0.850000     0.000250
                             3181:  0.400000  0.400000  0.900000     0.000250
                             3182:  0.400000  0.400000  0.950000     0.000250
                             3183:  0.400000  0.450000  0.000000     0.000250
                             3184:  0.400000  0.450000  0.050000     0.000250
                             3185:  0.400000  0.450000  0.100000     0.000250
                             3186:  0.400000  0.450000  0.150000     0.000250
                             3187:  0.400000  0.450000  0.200000     0.000250
                             3188:  0.400000  0.450000  0.250000     0.000250
                             3189:  0.400000  0.450000  0.300000     0.000250
                             3190:  0.400000  0.450000  0.350000     0.000250
                             3191:  0.400000  0.450000  0.400000     0.000250
                             3192:  0.400000  0.450000  0.450000     0.000250
                             3193:  0.400000  0.450000  0.500000     0.000250
                             3194:  0.400000  0.450000  0.550000     0.000250
                             3195:  0.400000  0.450000  0.600000     0.000250
                             3196:  0.400000  0.450000  0.650000     0.000250
                             3197:  0.400000  0.450000  0.700000     0.000250
                             3198:  0.400000  0.450000  0.750000     0.000250
                             3199:  0.400000  0.450000  0.800000     0.000250
                             3200:  0.400000  0.450000  0.850000     0.000250
                             3201:  0.400000  0.450000  0.900000     0.000250
                             3202:  0.400000  0.450000  0.950000     0.000250
                             3203:  0.400000  0.500000  0.000000     0.000250
                             3204:  0.400000  0.500000  0.050000     0.000250
                             3205:  0.400000  0.500000  0.100000     0.000250
                             3206:  0.400000  0.500000  0.150000     0.000250
                             3207:  0.400000  0.500000  0.200000     0.000250
                             3208:  0.400000  0.500000  0.250000     0.000250
                             3209:  0.400000  0.500000  0.300000     0.000250
                             3210:  0.400000  0.500000  0.350000     0.000250
                             3211:  0.400000  0.500000  0.400000     0.000250
                             3212:  0.400000  0.500000  0.450000     0.000250
                             3213:  0.400000  0.500000  0.500000     0.000250
                             3214:  0.400000  0.500000  0.550000     0.000250
                             3215:  0.400000  0.500000  0.600000     0.000250
                             3216:  0.400000  0.500000  0.650000     0.000250
                             3217:  0.400000  0.500000  0.700000     0.000250
                             3218:  0.400000  0.500000  0.750000     0.000250
                             3219:  0.400000  0.500000  0.800000     0.000250
                             3220:  0.400000  0.500000  0.850000     0.000250
                             3221:  0.400000  0.500000  0.900000     0.000250
                             3222:  0.400000  0.500000  0.950000     0.000250
                             3223:  0.400000  0.550000  0.000000     0.000250
                             3224:  0.400000  0.550000  0.050000     0.000250
                             3225:  0.400000  0.550000  0.100000     0.000250
                             3226:  0.400000  0.550000  0.150000     0.000250
                             3227:  0.400000  0.550000  0.200000     0.000250
                             3228:  0.400000  0.550000  0.250000     0.000250
                             3229:  0.400000  0.550000  0.300000     0.000250
                             3230:  0.400000  0.550000  0.350000     0.000250
                             3231:  0.400000  0.550000  0.400000     0.000250
                             3232:  0.400000  0.550000  0.450000     0.000250
                             3233:  0.400000  0.550000  0.500000     0.000250
                             3234:  0.400000  0.550000  0.550000     0.000250
                             3235:  0.400000  0.550000  0.600000     0.000250
                             3236:  0.400000  0.550000  0.650000     0.000250
                             3237:  0.400000  0.550000  0.700000     0.000250
                             3238:  0.400000  0.550000  0.750000     0.000250
                             3239:  0.400000  0.550000  0.800000     0.000250
                             3240:  0.400000  0.550000  0.850000     0.000250
                             3241:  0.400000  0.550000  0.900000     0.000250
                             3242:  0.400000  0.550000  0.950000     0.000250
                             3243:  0.400000  0.600000  0.000000     0.000250
                             3244:  0.400000  0.600000  0.050000     0.000250
                             3245:  0.400000  0.600000  0.100000     0.000250
                             3246:  0.400000  0.600000  0.150000     0.000250
                             3247:  0.400000  0.600000  0.200000     0.000250
                             3248:  0.400000  0.600000  0.250000     0.000250
                             3249:  0.400000  0.600000  0.300000     0.000250
                             3250:  0.400000  0.600000  0.350000     0.000250
                             3251:  0.400000  0.600000  0.400000     0.000250
                             3252:  0.400000  0.600000  0.450000     0.000250
                             3253:  0.400000  0.600000  0.500000     0.000250
                             3254:  0.400000  0.600000  0.550000     0.000250
                             3255:  0.400000  0.600000  0.600000     0.000250
                             3256:  0.400000  0.600000  0.650000     0.000250
                             3257:  0.400000  0.600000  0.700000     0.000250
                             3258:  0.400000  0.600000  0.750000     0.000250
                             3259:  0.400000  0.600000  0.800000     0.000250
                             3260:  0.400000  0.600000  0.850000     0.000250
                             3261:  0.400000  0.600000  0.900000     0.000250
                             3262:  0.400000  0.600000  0.950000     0.000250
                             3263:  0.400000  0.650000  0.000000     0.000250
                             3264:  0.400000  0.650000  0.050000     0.000250
                             3265:  0.400000  0.650000  0.100000     0.000250
                             3266:  0.400000  0.650000  0.150000     0.000250
                             3267:  0.400000  0.650000  0.200000     0.000250
                             3268:  0.400000  0.650000  0.250000     0.000250
                             3269:  0.400000  0.650000  0.300000     0.000250
                             3270:  0.400000  0.650000  0.350000     0.000250
                             3271:  0.400000  0.650000  0.400000     0.000250
                             3272:  0.400000  0.650000  0.450000     0.000250
                             3273:  0.400000  0.650000  0.500000     0.000250
                             3274:  0.400000  0.650000  0.550000     0.000250
                             3275:  0.400000  0.650000  0.600000     0.000250
                             3276:  0.400000  0.650000  0.650000     0.000250
                             3277:  0.400000  0.650000  0.700000     0.000250
                             3278:  0.400000  0.650000  0.750000     0.000250
                             3279:  0.400000  0.650000  0.800000     0.000250
                             3280:  0.400000  0.650000  0.850000     0.000250
                             3281:  0.400000  0.650000  0.900000     0.000250
                             3282:  0.400000  0.650000  0.950000     0.000250
                             3283:  0.400000  0.700000  0.000000     0.000250
                             3284:  0.400000  0.700000  0.050000     0.000250
                             3285:  0.400000  0.700000  0.100000     0.000250
                             3286:  0.400000  0.700000  0.150000     0.000250
                             3287:  0.400000  0.700000  0.200000     0.000250
                             3288:  0.400000  0.700000  0.250000     0.000250
                             3289:  0.400000  0.700000  0.300000     0.000250
                             3290:  0.400000  0.700000  0.350000     0.000250
                             3291:  0.400000  0.700000  0.400000     0.000250
                             3292:  0.400000  0.700000  0.450000     0.000250
                             3293:  0.400000  0.700000  0.500000     0.000250
                             3294:  0.400000  0.700000  0.550000     0.000250
                             3295:  0.400000  0.700000  0.600000     0.000250
                             3296:  0.400000  0.700000  0.650000     0.000250
                             3297:  0.400000  0.700000  0.700000     0.000250
                             3298:  0.400000  0.700000  0.750000     0.000250
                             3299:  0.400000  0.700000  0.800000     0.000250
                             3300:  0.400000  0.700000  0.850000     0.000250
                             3301:  0.400000  0.700000  0.900000     0.000250
                             3302:  0.400000  0.700000  0.950000     0.000250
                             3303:  0.400000  0.750000  0.000000     0.000250
                             3304:  0.400000  0.750000  0.050000     0.000250
                             3305:  0.400000  0.750000  0.100000     0.000250
                             3306:  0.400000  0.750000  0.150000     0.000250
                             3307:  0.400000  0.750000  0.200000     0.000250
                             3308:  0.400000  0.750000  0.250000     0.000250
                             3309:  0.400000  0.750000  0.300000     0.000250
                             3310:  0.400000  0.750000  0.350000     0.000250
                             3311:  0.400000  0.750000  0.400000     0.000250
                             3312:  0.400000  0.750000  0.450000     0.000250
                             3313:  0.400000  0.750000  0.500000     0.000250
                             3314:  0.400000  0.750000  0.550000     0.000250
                             3315:  0.400000  0.750000  0.600000     0.000250
                             3316:  0.400000  0.750000  0.650000     0.000250
                             3317:  0.400000  0.750000  0.700000     0.000250
                             3318:  0.400000  0.750000  0.750000     0.000250
                             3319:  0.400000  0.750000  0.800000     0.000250
                             3320:  0.400000  0.750000  0.850000     0.000250
                             3321:  0.400000  0.750000  0.900000     0.000250
                             3322:  0.400000  0.750000  0.950000     0.000250
                             3323:  0.400000  0.800000  0.000000     0.000250
                             3324:  0.400000  0.800000  0.050000     0.000250
                             3325:  0.400000  0.800000  0.100000     0.000250
                             3326:  0.400000  0.800000  0.150000     0.000250
                             3327:  0.400000  0.800000  0.200000     0.000250
                             3328:  0.400000  0.800000  0.250000     0.000250
                             3329:  0.400000  0.800000  0.300000     0.000250
                             3330:  0.400000  0.800000  0.350000     0.000250
                             3331:  0.400000  0.800000  0.400000     0.000250
                             3332:  0.400000  0.800000  0.450000     0.000250
                             3333:  0.400000  0.800000  0.500000     0.000250
                             3334:  0.400000  0.800000  0.550000     0.000250
                             3335:  0.400000  0.800000  0.600000     0.000250
                             3336:  0.400000  0.800000  0.650000     0.000250
                             3337:  0.400000  0.800000  0.700000     0.000250
                             3338:  0.400000  0.800000  0.750000     0.000250
                             3339:  0.400000  0.800000  0.800000     0.000250
                             3340:  0.400000  0.800000  0.850000     0.000250
                             3341:  0.400000  0.800000  0.900000     0.000250
                             3342:  0.400000  0.800000  0.950000     0.000250
                             3343:  0.400000  0.850000  0.000000     0.000250
                             3344:  0.400000  0.850000  0.050000     0.000250
                             3345:  0.400000  0.850000  0.100000     0.000250
                             3346:  0.400000  0.850000  0.150000     0.000250
                             3347:  0.400000  0.850000  0.200000     0.000250
                             3348:  0.400000  0.850000  0.250000     0.000250
                             3349:  0.400000  0.850000  0.300000     0.000250
                             3350:  0.400000  0.850000  0.350000     0.000250
                             3351:  0.400000  0.850000  0.400000     0.000250
                             3352:  0.400000  0.850000  0.450000     0.000250
                             3353:  0.400000  0.850000  0.500000     0.000250
                             3354:  0.400000  0.850000  0.550000     0.000250
                             3355:  0.400000  0.850000  0.600000     0.000250
                             3356:  0.400000  0.850000  0.650000     0.000250
                             3357:  0.400000  0.850000  0.700000     0.000250
                             3358:  0.400000  0.850000  0.750000     0.000250
                             3359:  0.400000  0.850000  0.800000     0.000250
                             3360:  0.400000  0.850000  0.850000     0.000250
                             3361:  0.400000  0.850000  0.900000     0.000250
                             3362:  0.400000  0.850000  0.950000     0.000250
                             3363:  0.400000  0.900000  0.000000     0.000250
                             3364:  0.400000  0.900000  0.050000     0.000250
                             3365:  0.400000  0.900000  0.100000     0.000250
                             3366:  0.400000  0.900000  0.150000     0.000250
                             3367:  0.400000  0.900000  0.200000     0.000250
                             3368:  0.400000  0.900000  0.250000     0.000250
                             3369:  0.400000  0.900000  0.300000     0.000250
                             3370:  0.400000  0.900000  0.350000     0.000250
                             3371:  0.400000  0.900000  0.400000     0.000250
                             3372:  0.400000  0.900000  0.450000     0.000250
                             3373:  0.400000  0.900000  0.500000     0.000250
                             3374:  0.400000  0.900000  0.550000     0.000250
                             3375:  0.400000  0.900000  0.600000     0.000250
                             3376:  0.400000  0.900000  0.650000     0.000250
                             3377:  0.400000  0.900000  0.700000     0.000250
                             3378:  0.400000  0.900000  0.750000     0.000250
                             3379:  0.400000  0.900000  0.800000     0.000250
                             3380:  0.400000  0.900000  0.850000     0.000250
                             3381:  0.400000  0.900000  0.900000     0.000250
                             3382:  0.400000  0.900000  0.950000     0.000250
                             3383:  0.400000  0.950000  0.000000     0.000250
                             3384:  0.400000  0.950000  0.050000     0.000250
                             3385:  0.400000  0.950000  0.100000     0.000250
                             3386:  0.400000  0.950000  0.150000     0.000250
                             3387:  0.400000  0.950000  0.200000     0.000250
                             3388:  0.400000  0.950000  0.250000     0.000250
                             3389:  0.400000  0.950000  0.300000     0.000250
                             3390:  0.400000  0.950000  0.350000     0.000250
                             3391:  0.400000  0.950000  0.400000     0.000250
                             3392:  0.400000  0.950000  0.450000     0.000250
                             3393:  0.400000  0.950000  0.500000     0.000250
                             3394:  0.400000  0.950000  0.550000     0.000250
                             3395:  0.400000  0.950000  0.600000     0.000250
                             3396:  0.400000  0.950000  0.650000     0.000250
                             3397:  0.400000  0.950000  0.700000     0.000250
                             3398:  0.400000  0.950000  0.750000     0.000250
                             3399:  0.400000  0.950000  0.800000     0.000250
                             3400:  0.400000  0.950000  0.850000     0.000250
                             3401:  0.400000  0.950000  0.900000     0.000250
                             3402:  0.400000  0.950000  0.950000     0.000250
                             3403:  0.450000  0.000000  0.000000     0.000250
                             3404:  0.450000  0.000000  0.050000     0.000250
                             3405:  0.450000  0.000000  0.100000     0.000250
                             3406:  0.450000  0.000000  0.150000     0.000250
                             3407:  0.450000  0.000000  0.200000     0.000250
                             3408:  0.450000  0.000000  0.250000     0.000250
                             3409:  0.450000  0.000000  0.300000     0.000250
                             3410:  0.450000  0.000000  0.350000     0.000250
                             3411:  0.450000  0.000000  0.400000     0.000250
                             3412:  0.450000  0.000000  0.450000     0.000250
                             3413:  0.450000  0.000000  0.500000     0.000250
                             3414:  0.450000  0.000000  0.550000     0.000250
                             3415:  0.450000  0.000000  0.600000     0.000250
                             3416:  0.450000  0.000000  0.650000     0.000250
                             3417:  0.450000  0.000000  0.700000     0.000250
                             3418:  0.450000  0.000000  0.750000     0.000250
                             3419:  0.450000  0.000000  0.800000     0.000250
                             3420:  0.450000  0.000000  0.850000     0.000250
                             3421:  0.450000  0.000000  0.900000     0.000250
                             3422:  0.450000  0.000000  0.950000     0.000250
                             3423:  0.450000  0.050000  0.000000     0.000250
                             3424:  0.450000  0.050000  0.050000     0.000250
                             3425:  0.450000  0.050000  0.100000     0.000250
                             3426:  0.450000  0.050000  0.150000     0.000250
                             3427:  0.450000  0.050000  0.200000     0.000250
                             3428:  0.450000  0.050000  0.250000     0.000250
                             3429:  0.450000  0.050000  0.300000     0.000250
                             3430:  0.450000  0.050000  0.350000     0.000250
                             3431:  0.450000  0.050000  0.400000     0.000250
                             3432:  0.450000  0.050000  0.450000     0.000250
                             3433:  0.450000  0.050000  0.500000     0.000250
                             3434:  0.450000  0.050000  0.550000     0.000250
                             3435:  0.450000  0.050000  0.600000     0.000250
                             3436:  0.450000  0.050000  0.650000     0.000250
                             3437:  0.450000  0.050000  0.700000     0.000250
                             3438:  0.450000  0.050000  0.750000     0.000250
                             3439:  0.450000  0.050000  0.800000     0.000250
                             3440:  0.450000  0.050000  0.850000     0.000250
                             3441:  0.450000  0.050000  0.900000     0.000250
                             3442:  0.450000  0.050000  0.950000     0.000250
                             3443:  0.450000  0.100000  0.000000     0.000250
                             3444:  0.450000  0.100000  0.050000     0.000250
                             3445:  0.450000  0.100000  0.100000     0.000250
                             3446:  0.450000  0.100000  0.150000     0.000250
                             3447:  0.450000  0.100000  0.200000     0.000250
                             3448:  0.450000  0.100000  0.250000     0.000250
                             3449:  0.450000  0.100000  0.300000     0.000250
                             3450:  0.450000  0.100000  0.350000     0.000250
                             3451:  0.450000  0.100000  0.400000     0.000250
                             3452:  0.450000  0.100000  0.450000     0.000250
                             3453:  0.450000  0.100000  0.500000     0.000250
                             3454:  0.450000  0.100000  0.550000     0.000250
                             3455:  0.450000  0.100000  0.600000     0.000250
                             3456:  0.450000  0.100000  0.650000     0.000250
                             3457:  0.450000  0.100000  0.700000     0.000250
                             3458:  0.450000  0.100000  0.750000     0.000250
                             3459:  0.450000  0.100000  0.800000     0.000250
                             3460:  0.450000  0.100000  0.850000     0.000250
                             3461:  0.450000  0.100000  0.900000     0.000250
                             3462:  0.450000  0.100000  0.950000     0.000250
                             3463:  0.450000  0.150000  0.000000     0.000250
                             3464:  0.450000  0.150000  0.050000     0.000250
                             3465:  0.450000  0.150000  0.100000     0.000250
                             3466:  0.450000  0.150000  0.150000     0.000250
                             3467:  0.450000  0.150000  0.200000     0.000250
                             3468:  0.450000  0.150000  0.250000     0.000250
                             3469:  0.450000  0.150000  0.300000     0.000250
                             3470:  0.450000  0.150000  0.350000     0.000250
                             3471:  0.450000  0.150000  0.400000     0.000250
                             3472:  0.450000  0.150000  0.450000     0.000250
                             3473:  0.450000  0.150000  0.500000     0.000250
                             3474:  0.450000  0.150000  0.550000     0.000250
                             3475:  0.450000  0.150000  0.600000     0.000250
                             3476:  0.450000  0.150000  0.650000     0.000250
                             3477:  0.450000  0.150000  0.700000     0.000250
                             3478:  0.450000  0.150000  0.750000     0.000250
                             3479:  0.450000  0.150000  0.800000     0.000250
                             3480:  0.450000  0.150000  0.850000     0.000250
                             3481:  0.450000  0.150000  0.900000     0.000250
                             3482:  0.450000  0.150000  0.950000     0.000250
                             3483:  0.450000  0.200000  0.000000     0.000250
                             3484:  0.450000  0.200000  0.050000     0.000250
                             3485:  0.450000  0.200000  0.100000     0.000250
                             3486:  0.450000  0.200000  0.150000     0.000250
                             3487:  0.450000  0.200000  0.200000     0.000250
                             3488:  0.450000  0.200000  0.250000     0.000250
                             3489:  0.450000  0.200000  0.300000     0.000250
                             3490:  0.450000  0.200000  0.350000     0.000250
                             3491:  0.450000  0.200000  0.400000     0.000250
                             3492:  0.450000  0.200000  0.450000     0.000250
                             3493:  0.450000  0.200000  0.500000     0.000250
                             3494:  0.450000  0.200000  0.550000     0.000250
                             3495:  0.450000  0.200000  0.600000     0.000250
                             3496:  0.450000  0.200000  0.650000     0.000250
                             3497:  0.450000  0.200000  0.700000     0.000250
                             3498:  0.450000  0.200000  0.750000     0.000250
                             3499:  0.450000  0.200000  0.800000     0.000250
                             3500:  0.450000  0.200000  0.850000     0.000250
                             3501:  0.450000  0.200000  0.900000     0.000250
                             3502:  0.450000  0.200000  0.950000     0.000250
                             3503:  0.450000  0.250000  0.000000     0.000250
                             3504:  0.450000  0.250000  0.050000     0.000250
                             3505:  0.450000  0.250000  0.100000     0.000250
                             3506:  0.450000  0.250000  0.150000     0.000250
                             3507:  0.450000  0.250000  0.200000     0.000250
                             3508:  0.450000  0.250000  0.250000     0.000250
                             3509:  0.450000  0.250000  0.300000     0.000250
                             3510:  0.450000  0.250000  0.350000     0.000250
                             3511:  0.450000  0.250000  0.400000     0.000250
                             3512:  0.450000  0.250000  0.450000     0.000250
                             3513:  0.450000  0.250000  0.500000     0.000250
                             3514:  0.450000  0.250000  0.550000     0.000250
                             3515:  0.450000  0.250000  0.600000     0.000250
                             3516:  0.450000  0.250000  0.650000     0.000250
                             3517:  0.450000  0.250000  0.700000     0.000250
                             3518:  0.450000  0.250000  0.750000     0.000250
                             3519:  0.450000  0.250000  0.800000     0.000250
                             3520:  0.450000  0.250000  0.850000     0.000250
                             3521:  0.450000  0.250000  0.900000     0.000250
                             3522:  0.450000  0.250000  0.950000     0.000250
                             3523:  0.450000  0.300000  0.000000     0.000250
                             3524:  0.450000  0.300000  0.050000     0.000250
                             3525:  0.450000  0.300000  0.100000     0.000250
                             3526:  0.450000  0.300000  0.150000     0.000250
                             3527:  0.450000  0.300000  0.200000     0.000250
                             3528:  0.450000  0.300000  0.250000     0.000250
                             3529:  0.450000  0.300000  0.300000     0.000250
                             3530:  0.450000  0.300000  0.350000     0.000250
                             3531:  0.450000  0.300000  0.400000     0.000250
                             3532:  0.450000  0.300000  0.450000     0.000250
                             3533:  0.450000  0.300000  0.500000     0.000250
                             3534:  0.450000  0.300000  0.550000     0.000250
                             3535:  0.450000  0.300000  0.600000     0.000250
                             3536:  0.450000  0.300000  0.650000     0.000250
                             3537:  0.450000  0.300000  0.700000     0.000250
                             3538:  0.450000  0.300000  0.750000     0.000250
                             3539:  0.450000  0.300000  0.800000     0.000250
                             3540:  0.450000  0.300000  0.850000     0.000250
                             3541:  0.450000  0.300000  0.900000     0.000250
                             3542:  0.450000  0.300000  0.950000     0.000250
                             3543:  0.450000  0.350000  0.000000     0.000250
                             3544:  0.450000  0.350000  0.050000     0.000250
                             3545:  0.450000  0.350000  0.100000     0.000250
                             3546:  0.450000  0.350000  0.150000     0.000250
                             3547:  0.450000  0.350000  0.200000     0.000250
                             3548:  0.450000  0.350000  0.250000     0.000250
                             3549:  0.450000  0.350000  0.300000     0.000250
                             3550:  0.450000  0.350000  0.350000     0.000250
                             3551:  0.450000  0.350000  0.400000     0.000250
                             3552:  0.450000  0.350000  0.450000     0.000250
                             3553:  0.450000  0.350000  0.500000     0.000250
                             3554:  0.450000  0.350000  0.550000     0.000250
                             3555:  0.450000  0.350000  0.600000     0.000250
                             3556:  0.450000  0.350000  0.650000     0.000250
                             3557:  0.450000  0.350000  0.700000     0.000250
                             3558:  0.450000  0.350000  0.750000     0.000250
                             3559:  0.450000  0.350000  0.800000     0.000250
                             3560:  0.450000  0.350000  0.850000     0.000250
                             3561:  0.450000  0.350000  0.900000     0.000250
                             3562:  0.450000  0.350000  0.950000     0.000250
                             3563:  0.450000  0.400000  0.000000     0.000250
                             3564:  0.450000  0.400000  0.050000     0.000250
                             3565:  0.450000  0.400000  0.100000     0.000250
                             3566:  0.450000  0.400000  0.150000     0.000250
                             3567:  0.450000  0.400000  0.200000     0.000250
                             3568:  0.450000  0.400000  0.250000     0.000250
                             3569:  0.450000  0.400000  0.300000     0.000250
                             3570:  0.450000  0.400000  0.350000     0.000250
                             3571:  0.450000  0.400000  0.400000     0.000250
                             3572:  0.450000  0.400000  0.450000     0.000250
                             3573:  0.450000  0.400000  0.500000     0.000250
                             3574:  0.450000  0.400000  0.550000     0.000250
                             3575:  0.450000  0.400000  0.600000     0.000250
                             3576:  0.450000  0.400000  0.650000     0.000250
                             3577:  0.450000  0.400000  0.700000     0.000250
                             3578:  0.450000  0.400000  0.750000     0.000250
                             3579:  0.450000  0.400000  0.800000     0.000250
                             3580:  0.450000  0.400000  0.850000     0.000250
                             3581:  0.450000  0.400000  0.900000     0.000250
                             3582:  0.450000  0.400000  0.950000     0.000250
                             3583:  0.450000  0.450000  0.000000     0.000250
                             3584:  0.450000  0.450000  0.050000     0.000250
                             3585:  0.450000  0.450000  0.100000     0.000250
                             3586:  0.450000  0.450000  0.150000     0.000250
                             3587:  0.450000  0.450000  0.200000     0.000250
                             3588:  0.450000  0.450000  0.250000     0.000250
                             3589:  0.450000  0.450000  0.300000     0.000250
                             3590:  0.450000  0.450000  0.350000     0.000250
                             3591:  0.450000  0.450000  0.400000     0.000250
                             3592:  0.450000  0.450000  0.450000     0.000250
                             3593:  0.450000  0.450000  0.500000     0.000250
                             3594:  0.450000  0.450000  0.550000     0.000250
                             3595:  0.450000  0.450000  0.600000     0.000250
                             3596:  0.450000  0.450000  0.650000     0.000250
                             3597:  0.450000  0.450000  0.700000     0.000250
                             3598:  0.450000  0.450000  0.750000     0.000250
                             3599:  0.450000  0.450000  0.800000     0.000250
                             3600:  0.450000  0.450000  0.850000     0.000250
                             3601:  0.450000  0.450000  0.900000     0.000250
                             3602:  0.450000  0.450000  0.950000     0.000250
                             3603:  0.450000  0.500000  0.000000     0.000250
                             3604:  0.450000  0.500000  0.050000     0.000250
                             3605:  0.450000  0.500000  0.100000     0.000250
                             3606:  0.450000  0.500000  0.150000     0.000250
                             3607:  0.450000  0.500000  0.200000     0.000250
                             3608:  0.450000  0.500000  0.250000     0.000250
                             3609:  0.450000  0.500000  0.300000     0.000250
                             3610:  0.450000  0.500000  0.350000     0.000250
                             3611:  0.450000  0.500000  0.400000     0.000250
                             3612:  0.450000  0.500000  0.450000     0.000250
                             3613:  0.450000  0.500000  0.500000     0.000250
                             3614:  0.450000  0.500000  0.550000     0.000250
                             3615:  0.450000  0.500000  0.600000     0.000250
                             3616:  0.450000  0.500000  0.650000     0.000250
                             3617:  0.450000  0.500000  0.700000     0.000250
                             3618:  0.450000  0.500000  0.750000     0.000250
                             3619:  0.450000  0.500000  0.800000     0.000250
                             3620:  0.450000  0.500000  0.850000     0.000250
                             3621:  0.450000  0.500000  0.900000     0.000250
                             3622:  0.450000  0.500000  0.950000     0.000250
                             3623:  0.450000  0.550000  0.000000     0.000250
                             3624:  0.450000  0.550000  0.050000     0.000250
                             3625:  0.450000  0.550000  0.100000     0.000250
                             3626:  0.450000  0.550000  0.150000     0.000250
                             3627:  0.450000  0.550000  0.200000     0.000250
                             3628:  0.450000  0.550000  0.250000     0.000250
                             3629:  0.450000  0.550000  0.300000     0.000250
                             3630:  0.450000  0.550000  0.350000     0.000250
                             3631:  0.450000  0.550000  0.400000     0.000250
                             3632:  0.450000  0.550000  0.450000     0.000250
                             3633:  0.450000  0.550000  0.500000     0.000250
                             3634:  0.450000  0.550000  0.550000     0.000250
                             3635:  0.450000  0.550000  0.600000     0.000250
                             3636:  0.450000  0.550000  0.650000     0.000250
                             3637:  0.450000  0.550000  0.700000     0.000250
                             3638:  0.450000  0.550000  0.750000     0.000250
                             3639:  0.450000  0.550000  0.800000     0.000250
                             3640:  0.450000  0.550000  0.850000     0.000250
                             3641:  0.450000  0.550000  0.900000     0.000250
                             3642:  0.450000  0.550000  0.950000     0.000250
                             3643:  0.450000  0.600000  0.000000     0.000250
                             3644:  0.450000  0.600000  0.050000     0.000250
                             3645:  0.450000  0.600000  0.100000     0.000250
                             3646:  0.450000  0.600000  0.150000     0.000250
                             3647:  0.450000  0.600000  0.200000     0.000250
                             3648:  0.450000  0.600000  0.250000     0.000250
                             3649:  0.450000  0.600000  0.300000     0.000250
                             3650:  0.450000  0.600000  0.350000     0.000250
                             3651:  0.450000  0.600000  0.400000     0.000250
                             3652:  0.450000  0.600000  0.450000     0.000250
                             3653:  0.450000  0.600000  0.500000     0.000250
                             3654:  0.450000  0.600000  0.550000     0.000250
                             3655:  0.450000  0.600000  0.600000     0.000250
                             3656:  0.450000  0.600000  0.650000     0.000250
                             3657:  0.450000  0.600000  0.700000     0.000250
                             3658:  0.450000  0.600000  0.750000     0.000250
                             3659:  0.450000  0.600000  0.800000     0.000250
                             3660:  0.450000  0.600000  0.850000     0.000250
                             3661:  0.450000  0.600000  0.900000     0.000250
                             3662:  0.450000  0.600000  0.950000     0.000250
                             3663:  0.450000  0.650000  0.000000     0.000250
                             3664:  0.450000  0.650000  0.050000     0.000250
                             3665:  0.450000  0.650000  0.100000     0.000250
                             3666:  0.450000  0.650000  0.150000     0.000250
                             3667:  0.450000  0.650000  0.200000     0.000250
                             3668:  0.450000  0.650000  0.250000     0.000250
                             3669:  0.450000  0.650000  0.300000     0.000250
                             3670:  0.450000  0.650000  0.350000     0.000250
                             3671:  0.450000  0.650000  0.400000     0.000250
                             3672:  0.450000  0.650000  0.450000     0.000250
                             3673:  0.450000  0.650000  0.500000     0.000250
                             3674:  0.450000  0.650000  0.550000     0.000250
                             3675:  0.450000  0.650000  0.600000     0.000250
                             3676:  0.450000  0.650000  0.650000     0.000250
                             3677:  0.450000  0.650000  0.700000     0.000250
                             3678:  0.450000  0.650000  0.750000     0.000250
                             3679:  0.450000  0.650000  0.800000     0.000250
                             3680:  0.450000  0.650000  0.850000     0.000250
                             3681:  0.450000  0.650000  0.900000     0.000250
                             3682:  0.450000  0.650000  0.950000     0.000250
                             3683:  0.450000  0.700000  0.000000     0.000250
                             3684:  0.450000  0.700000  0.050000     0.000250
                             3685:  0.450000  0.700000  0.100000     0.000250
                             3686:  0.450000  0.700000  0.150000     0.000250
                             3687:  0.450000  0.700000  0.200000     0.000250
                             3688:  0.450000  0.700000  0.250000     0.000250
                             3689:  0.450000  0.700000  0.300000     0.000250
                             3690:  0.450000  0.700000  0.350000     0.000250
                             3691:  0.450000  0.700000  0.400000     0.000250
                             3692:  0.450000  0.700000  0.450000     0.000250
                             3693:  0.450000  0.700000  0.500000     0.000250
                             3694:  0.450000  0.700000  0.550000     0.000250
                             3695:  0.450000  0.700000  0.600000     0.000250
                             3696:  0.450000  0.700000  0.650000     0.000250
                             3697:  0.450000  0.700000  0.700000     0.000250
                             3698:  0.450000  0.700000  0.750000     0.000250
                             3699:  0.450000  0.700000  0.800000     0.000250
                             3700:  0.450000  0.700000  0.850000     0.000250
                             3701:  0.450000  0.700000  0.900000     0.000250
                             3702:  0.450000  0.700000  0.950000     0.000250
                             3703:  0.450000  0.750000  0.000000     0.000250
                             3704:  0.450000  0.750000  0.050000     0.000250
                             3705:  0.450000  0.750000  0.100000     0.000250
                             3706:  0.450000  0.750000  0.150000     0.000250
                             3707:  0.450000  0.750000  0.200000     0.000250
                             3708:  0.450000  0.750000  0.250000     0.000250
                             3709:  0.450000  0.750000  0.300000     0.000250
                             3710:  0.450000  0.750000  0.350000     0.000250
                             3711:  0.450000  0.750000  0.400000     0.000250
                             3712:  0.450000  0.750000  0.450000     0.000250
                             3713:  0.450000  0.750000  0.500000     0.000250
                             3714:  0.450000  0.750000  0.550000     0.000250
                             3715:  0.450000  0.750000  0.600000     0.000250
                             3716:  0.450000  0.750000  0.650000     0.000250
                             3717:  0.450000  0.750000  0.700000     0.000250
                             3718:  0.450000  0.750000  0.750000     0.000250
                             3719:  0.450000  0.750000  0.800000     0.000250
                             3720:  0.450000  0.750000  0.850000     0.000250
                             3721:  0.450000  0.750000  0.900000     0.000250
                             3722:  0.450000  0.750000  0.950000     0.000250
                             3723:  0.450000  0.800000  0.000000     0.000250
                             3724:  0.450000  0.800000  0.050000     0.000250
                             3725:  0.450000  0.800000  0.100000     0.000250
                             3726:  0.450000  0.800000  0.150000     0.000250
                             3727:  0.450000  0.800000  0.200000     0.000250
                             3728:  0.450000  0.800000  0.250000     0.000250
                             3729:  0.450000  0.800000  0.300000     0.000250
                             3730:  0.450000  0.800000  0.350000     0.000250
                             3731:  0.450000  0.800000  0.400000     0.000250
                             3732:  0.450000  0.800000  0.450000     0.000250
                             3733:  0.450000  0.800000  0.500000     0.000250
                             3734:  0.450000  0.800000  0.550000     0.000250
                             3735:  0.450000  0.800000  0.600000     0.000250
                             3736:  0.450000  0.800000  0.650000     0.000250
                             3737:  0.450000  0.800000  0.700000     0.000250
                             3738:  0.450000  0.800000  0.750000     0.000250
                             3739:  0.450000  0.800000  0.800000     0.000250
                             3740:  0.450000  0.800000  0.850000     0.000250
                             3741:  0.450000  0.800000  0.900000     0.000250
                             3742:  0.450000  0.800000  0.950000     0.000250
                             3743:  0.450000  0.850000  0.000000     0.000250
                             3744:  0.450000  0.850000  0.050000     0.000250
                             3745:  0.450000  0.850000  0.100000     0.000250
                             3746:  0.450000  0.850000  0.150000     0.000250
                             3747:  0.450000  0.850000  0.200000     0.000250
                             3748:  0.450000  0.850000  0.250000     0.000250
                             3749:  0.450000  0.850000  0.300000     0.000250
                             3750:  0.450000  0.850000  0.350000     0.000250
                             3751:  0.450000  0.850000  0.400000     0.000250
                             3752:  0.450000  0.850000  0.450000     0.000250
                             3753:  0.450000  0.850000  0.500000     0.000250
                             3754:  0.450000  0.850000  0.550000     0.000250
                             3755:  0.450000  0.850000  0.600000     0.000250
                             3756:  0.450000  0.850000  0.650000     0.000250
                             3757:  0.450000  0.850000  0.700000     0.000250
                             3758:  0.450000  0.850000  0.750000     0.000250
                             3759:  0.450000  0.850000  0.800000     0.000250
                             3760:  0.450000  0.850000  0.850000     0.000250
                             3761:  0.450000  0.850000  0.900000     0.000250
                             3762:  0.450000  0.850000  0.950000     0.000250
                             3763:  0.450000  0.900000  0.000000     0.000250
                             3764:  0.450000  0.900000  0.050000     0.000250
                             3765:  0.450000  0.900000  0.100000     0.000250
                             3766:  0.450000  0.900000  0.150000     0.000250
                             3767:  0.450000  0.900000  0.200000     0.000250
                             3768:  0.450000  0.900000  0.250000     0.000250
                             3769:  0.450000  0.900000  0.300000     0.000250
                             3770:  0.450000  0.900000  0.350000     0.000250
                             3771:  0.450000  0.900000  0.400000     0.000250
                             3772:  0.450000  0.900000  0.450000     0.000250
                             3773:  0.450000  0.900000  0.500000     0.000250
                             3774:  0.450000  0.900000  0.550000     0.000250
                             3775:  0.450000  0.900000  0.600000     0.000250
                             3776:  0.450000  0.900000  0.650000     0.000250
                             3777:  0.450000  0.900000  0.700000     0.000250
                             3778:  0.450000  0.900000  0.750000     0.000250
                             3779:  0.450000  0.900000  0.800000     0.000250
                             3780:  0.450000  0.900000  0.850000     0.000250
                             3781:  0.450000  0.900000  0.900000     0.000250
                             3782:  0.450000  0.900000  0.950000     0.000250
                             3783:  0.450000  0.950000  0.000000     0.000250
                             3784:  0.450000  0.950000  0.050000     0.000250
                             3785:  0.450000  0.950000  0.100000     0.000250
                             3786:  0.450000  0.950000  0.150000     0.000250
                             3787:  0.450000  0.950000  0.200000     0.000250
                             3788:  0.450000  0.950000  0.250000     0.000250
                             3789:  0.450000  0.950000  0.300000     0.000250
                             3790:  0.450000  0.950000  0.350000     0.000250
                             3791:  0.450000  0.950000  0.400000     0.000250
                             3792:  0.450000  0.950000  0.450000     0.000250
                             3793:  0.450000  0.950000  0.500000     0.000250
                             3794:  0.450000  0.950000  0.550000     0.000250
                             3795:  0.450000  0.950000  0.600000     0.000250
                             3796:  0.450000  0.950000  0.650000     0.000250
                             3797:  0.450000  0.950000  0.700000     0.000250
                             3798:  0.450000  0.950000  0.750000     0.000250
                             3799:  0.450000  0.950000  0.800000     0.000250
                             3800:  0.450000  0.950000  0.850000     0.000250
                             3801:  0.450000  0.950000  0.900000     0.000250
                             3802:  0.450000  0.950000  0.950000     0.000250
                             3803:  0.500000  0.000000  0.000000     0.000125
                             3804:  0.500000  0.000000  0.050000     0.000250
                             3805:  0.500000  0.000000  0.100000     0.000250
                             3806:  0.500000  0.000000  0.150000     0.000250
                             3807:  0.500000  0.000000  0.200000     0.000250
                             3808:  0.500000  0.000000  0.250000     0.000250
                             3809:  0.500000  0.000000  0.300000     0.000250
                             3810:  0.500000  0.000000  0.350000     0.000250
                             3811:  0.500000  0.000000  0.400000     0.000250
                             3812:  0.500000  0.000000  0.450000     0.000250
                             3813:  0.500000  0.000000  0.500000     0.000125
                             3814:  0.500000  0.050000  0.000000     0.000250
                             3815:  0.500000  0.050000  0.050000     0.000250
                             3816:  0.500000  0.050000  0.100000     0.000250
                             3817:  0.500000  0.050000  0.150000     0.000250
                             3818:  0.500000  0.050000  0.200000     0.000250
                             3819:  0.500000  0.050000  0.250000     0.000250
                             3820:  0.500000  0.050000  0.300000     0.000250
                             3821:  0.500000  0.050000  0.350000     0.000250
                             3822:  0.500000  0.050000  0.400000     0.000250
                             3823:  0.500000  0.050000  0.450000     0.000250
                             3824:  0.500000  0.050000  0.500000     0.000250
                             3825:  0.500000  0.050000  0.550000     0.000250
                             3826:  0.500000  0.050000  0.600000     0.000250
                             3827:  0.500000  0.050000  0.650000     0.000250
                             3828:  0.500000  0.050000  0.700000     0.000250
                             3829:  0.500000  0.050000  0.750000     0.000250
                             3830:  0.500000  0.050000  0.800000     0.000250
                             3831:  0.500000  0.050000  0.850000     0.000250
                             3832:  0.500000  0.050000  0.900000     0.000250
                             3833:  0.500000  0.050000  0.950000     0.000250
                             3834:  0.500000  0.100000  0.000000     0.000250
                             3835:  0.500000  0.100000  0.050000     0.000250
                             3836:  0.500000  0.100000  0.100000     0.000250
                             3837:  0.500000  0.100000  0.150000     0.000250
                             3838:  0.500000  0.100000  0.200000     0.000250
                             3839:  0.500000  0.100000  0.250000     0.000250
                             3840:  0.500000  0.100000  0.300000     0.000250
                             3841:  0.500000  0.100000  0.350000     0.000250
                             3842:  0.500000  0.100000  0.400000     0.000250
                             3843:  0.500000  0.100000  0.450000     0.000250
                             3844:  0.500000  0.100000  0.500000     0.000250
                             3845:  0.500000  0.100000  0.550000     0.000250
                             3846:  0.500000  0.100000  0.600000     0.000250
                             3847:  0.500000  0.100000  0.650000     0.000250
                             3848:  0.500000  0.100000  0.700000     0.000250
                             3849:  0.500000  0.100000  0.750000     0.000250
                             3850:  0.500000  0.100000  0.800000     0.000250
                             3851:  0.500000  0.100000  0.850000     0.000250
                             3852:  0.500000  0.100000  0.900000     0.000250
                             3853:  0.500000  0.100000  0.950000     0.000250
                             3854:  0.500000  0.150000  0.000000     0.000250
                             3855:  0.500000  0.150000  0.050000     0.000250
                             3856:  0.500000  0.150000  0.100000     0.000250
                             3857:  0.500000  0.150000  0.150000     0.000250
                             3858:  0.500000  0.150000  0.200000     0.000250
                             3859:  0.500000  0.150000  0.250000     0.000250
                             3860:  0.500000  0.150000  0.300000     0.000250
                             3861:  0.500000  0.150000  0.350000     0.000250
                             3862:  0.500000  0.150000  0.400000     0.000250
                             3863:  0.500000  0.150000  0.450000     0.000250
                             3864:  0.500000  0.150000  0.500000     0.000250
                             3865:  0.500000  0.150000  0.550000     0.000250
                             3866:  0.500000  0.150000  0.600000     0.000250
                             3867:  0.500000  0.150000  0.650000     0.000250
                             3868:  0.500000  0.150000  0.700000     0.000250
                             3869:  0.500000  0.150000  0.750000     0.000250
                             3870:  0.500000  0.150000  0.800000     0.000250
                             3871:  0.500000  0.150000  0.850000     0.000250
                             3872:  0.500000  0.150000  0.900000     0.000250
                             3873:  0.500000  0.150000  0.950000     0.000250
                             3874:  0.500000  0.200000  0.000000     0.000250
                             3875:  0.500000  0.200000  0.050000     0.000250
                             3876:  0.500000  0.200000  0.100000     0.000250
                             3877:  0.500000  0.200000  0.150000     0.000250
                             3878:  0.500000  0.200000  0.200000     0.000250
                             3879:  0.500000  0.200000  0.250000     0.000250
                             3880:  0.500000  0.200000  0.300000     0.000250
                             3881:  0.500000  0.200000  0.350000     0.000250
                             3882:  0.500000  0.200000  0.400000     0.000250
                             3883:  0.500000  0.200000  0.450000     0.000250
                             3884:  0.500000  0.200000  0.500000     0.000250
                             3885:  0.500000  0.200000  0.550000     0.000250
                             3886:  0.500000  0.200000  0.600000     0.000250
                             3887:  0.500000  0.200000  0.650000     0.000250
                             3888:  0.500000  0.200000  0.700000     0.000250
                             3889:  0.500000  0.200000  0.750000     0.000250
                             3890:  0.500000  0.200000  0.800000     0.000250
                             3891:  0.500000  0.200000  0.850000     0.000250
                             3892:  0.500000  0.200000  0.900000     0.000250
                             3893:  0.500000  0.200000  0.950000     0.000250
                             3894:  0.500000  0.250000  0.000000     0.000250
                             3895:  0.500000  0.250000  0.050000     0.000250
                             3896:  0.500000  0.250000  0.100000     0.000250
                             3897:  0.500000  0.250000  0.150000     0.000250
                             3898:  0.500000  0.250000  0.200000     0.000250
                             3899:  0.500000  0.250000  0.250000     0.000250
                             3900:  0.500000  0.250000  0.300000     0.000250
                             3901:  0.500000  0.250000  0.350000     0.000250
                             3902:  0.500000  0.250000  0.400000     0.000250
                             3903:  0.500000  0.250000  0.450000     0.000250
                             3904:  0.500000  0.250000  0.500000     0.000250
                             3905:  0.500000  0.250000  0.550000     0.000250
                             3906:  0.500000  0.250000  0.600000     0.000250
                             3907:  0.500000  0.250000  0.650000     0.000250
                             3908:  0.500000  0.250000  0.700000     0.000250
                             3909:  0.500000  0.250000  0.750000     0.000250
                             3910:  0.500000  0.250000  0.800000     0.000250
                             3911:  0.500000  0.250000  0.850000     0.000250
                             3912:  0.500000  0.250000  0.900000     0.000250
                             3913:  0.500000  0.250000  0.950000     0.000250
                             3914:  0.500000  0.300000  0.000000     0.000250
                             3915:  0.500000  0.300000  0.050000     0.000250
                             3916:  0.500000  0.300000  0.100000     0.000250
                             3917:  0.500000  0.300000  0.150000     0.000250
                             3918:  0.500000  0.300000  0.200000     0.000250
                             3919:  0.500000  0.300000  0.250000     0.000250
                             3920:  0.500000  0.300000  0.300000     0.000250
                             3921:  0.500000  0.300000  0.350000     0.000250
                             3922:  0.500000  0.300000  0.400000     0.000250
                             3923:  0.500000  0.300000  0.450000     0.000250
                             3924:  0.500000  0.300000  0.500000     0.000250
                             3925:  0.500000  0.300000  0.550000     0.000250
                             3926:  0.500000  0.300000  0.600000     0.000250
                             3927:  0.500000  0.300000  0.650000     0.000250
                             3928:  0.500000  0.300000  0.700000     0.000250
                             3929:  0.500000  0.300000  0.750000     0.000250
                             3930:  0.500000  0.300000  0.800000     0.000250
                             3931:  0.500000  0.300000  0.850000     0.000250
                             3932:  0.500000  0.300000  0.900000     0.000250
                             3933:  0.500000  0.300000  0.950000     0.000250
                             3934:  0.500000  0.350000  0.000000     0.000250
                             3935:  0.500000  0.350000  0.050000     0.000250
                             3936:  0.500000  0.350000  0.100000     0.000250
                             3937:  0.500000  0.350000  0.150000     0.000250
                             3938:  0.500000  0.350000  0.200000     0.000250
                             3939:  0.500000  0.350000  0.250000     0.000250
                             3940:  0.500000  0.350000  0.300000     0.000250
                             3941:  0.500000  0.350000  0.350000     0.000250
                             3942:  0.500000  0.350000  0.400000     0.000250
                             3943:  0.500000  0.350000  0.450000     0.000250
                             3944:  0.500000  0.350000  0.500000     0.000250
                             3945:  0.500000  0.350000  0.550000     0.000250
                             3946:  0.500000  0.350000  0.600000     0.000250
                             3947:  0.500000  0.350000  0.650000     0.000250
                             3948:  0.500000  0.350000  0.700000     0.000250
                             3949:  0.500000  0.350000  0.750000     0.000250
                             3950:  0.500000  0.350000  0.800000     0.000250
                             3951:  0.500000  0.350000  0.850000     0.000250
                             3952:  0.500000  0.350000  0.900000     0.000250
                             3953:  0.500000  0.350000  0.950000     0.000250
                             3954:  0.500000  0.400000  0.000000     0.000250
                             3955:  0.500000  0.400000  0.050000     0.000250
                             3956:  0.500000  0.400000  0.100000     0.000250
                             3957:  0.500000  0.400000  0.150000     0.000250
                             3958:  0.500000  0.400000  0.200000     0.000250
                             3959:  0.500000  0.400000  0.250000     0.000250
                             3960:  0.500000  0.400000  0.300000     0.000250
                             3961:  0.500000  0.400000  0.350000     0.000250
                             3962:  0.500000  0.400000  0.400000     0.000250
                             3963:  0.500000  0.400000  0.450000     0.000250
                             3964:  0.500000  0.400000  0.500000     0.000250
                             3965:  0.500000  0.400000  0.550000     0.000250
                             3966:  0.500000  0.400000  0.600000     0.000250
                             3967:  0.500000  0.400000  0.650000     0.000250
                             3968:  0.500000  0.400000  0.700000     0.000250
                             3969:  0.500000  0.400000  0.750000     0.000250
                             3970:  0.500000  0.400000  0.800000     0.000250
                             3971:  0.500000  0.400000  0.850000     0.000250
                             3972:  0.500000  0.400000  0.900000     0.000250
                             3973:  0.500000  0.400000  0.950000     0.000250
                             3974:  0.500000  0.450000  0.000000     0.000250
                             3975:  0.500000  0.450000  0.050000     0.000250
                             3976:  0.500000  0.450000  0.100000     0.000250
                             3977:  0.500000  0.450000  0.150000     0.000250
                             3978:  0.500000  0.450000  0.200000     0.000250
                             3979:  0.500000  0.450000  0.250000     0.000250
                             3980:  0.500000  0.450000  0.300000     0.000250
                             3981:  0.500000  0.450000  0.350000     0.000250
                             3982:  0.500000  0.450000  0.400000     0.000250
                             3983:  0.500000  0.450000  0.450000     0.000250
                             3984:  0.500000  0.450000  0.500000     0.000250
                             3985:  0.500000  0.450000  0.550000     0.000250
                             3986:  0.500000  0.450000  0.600000     0.000250
                             3987:  0.500000  0.450000  0.650000     0.000250
                             3988:  0.500000  0.450000  0.700000     0.000250
                             3989:  0.500000  0.450000  0.750000     0.000250
                             3990:  0.500000  0.450000  0.800000     0.000250
                             3991:  0.500000  0.450000  0.850000     0.000250
                             3992:  0.500000  0.450000  0.900000     0.000250
                             3993:  0.500000  0.450000  0.950000     0.000250
                             3994:  0.500000  0.500000  0.000000     0.000125
                             3995:  0.500000  0.500000  0.050000     0.000250
                             3996:  0.500000  0.500000  0.100000     0.000250
                             3997:  0.500000  0.500000  0.150000     0.000250
                             3998:  0.500000  0.500000  0.200000     0.000250
                             3999:  0.500000  0.500000  0.250000     0.000250
                             4000:  0.500000  0.500000  0.300000     0.000250
                             4001:  0.500000  0.500000  0.350000     0.000250
                             4002:  0.500000  0.500000  0.400000     0.000250
                             4003:  0.500000  0.500000  0.450000     0.000250
                             4004:  0.500000  0.500000  0.500000     0.000125

K-points in absolute space:     1:  0.000000  0.000000  0.000000
                                2: -0.003932 -0.002781  0.006811
                                3: -0.007865 -0.005561  0.013622
                                4: -0.011797 -0.008342  0.020434
                                5: -0.015730 -0.011123  0.027245
                                6: -0.019662 -0.013903  0.034056
                                7: -0.023595 -0.016684  0.040867
                                8: -0.027527 -0.019465  0.047679
                                9: -0.031460 -0.022245  0.054490
                               10: -0.035392 -0.025026  0.061301
                               11: -0.039325 -0.027807  0.068112
                               12:  0.000000  0.008342  0.000000
                               13: -0.003932  0.005561  0.006811
                               14: -0.007865  0.002781  0.013622
                               15: -0.011797  0.000000  0.020434
                               16: -0.015730 -0.002781  0.027245
                               17: -0.019662 -0.005561  0.034056
                               18: -0.023595 -0.008342  0.040867
                               19: -0.027527 -0.011123  0.047679
                               20: -0.031460 -0.013903  0.054490
                               21: -0.035392 -0.016684  0.061301
                               22: -0.039325 -0.019465  0.068112
                               23: -0.043257 -0.022245  0.074924
                               24: -0.047190 -0.025026  0.081735
                               25: -0.051122 -0.027807  0.088546
                               26: -0.055055 -0.030587  0.095357
                               27: -0.058987 -0.033368  0.102168
                               28: -0.062919 -0.036149  0.108980
                               29: -0.066852 -0.038929  0.115791
                               30: -0.070784 -0.041710  0.122602
                               31: -0.074717 -0.044491  0.129413
                               32:  0.000000  0.016684  0.000000
                               33: -0.003932  0.013903  0.006811
                               34: -0.007865  0.011123  0.013622
                               35: -0.011797  0.008342  0.020434
                               36: -0.015730  0.005561  0.027245
                               37: -0.019662  0.002781  0.034056
                               38: -0.023595  0.000000  0.040867
                               39: -0.027527 -0.002781  0.047679
                               40: -0.031460 -0.005561  0.054490
                               41: -0.035392 -0.008342  0.061301
                               42: -0.039325 -0.011123  0.068112
                               43: -0.043257 -0.013903  0.074924
                               44: -0.047190 -0.016684  0.081735
                               45: -0.051122 -0.019465  0.088546
                               46: -0.055055 -0.022245  0.095357
                               47: -0.058987 -0.025026  0.102168
                               48: -0.062919 -0.027807  0.108980
                               49: -0.066852 -0.030587  0.115791
                               50: -0.070784 -0.033368  0.122602
                               51: -0.074717 -0.036149  0.129413
                               52:  0.000000  0.025026  0.000000
                               53: -0.003932  0.022245  0.006811
                               54: -0.007865  0.019465  0.013622
                               55: -0.011797  0.016684  0.020434
                               56: -0.015730  0.013903  0.027245
                               57: -0.019662  0.011123  0.034056
                               58: -0.023595  0.008342  0.040867
                               59: -0.027527  0.005561  0.047679
                               60: -0.031460  0.002781  0.054490
                               61: -0.035392  0.000000  0.061301
                               62: -0.039325 -0.002781  0.068112
                               63: -0.043257 -0.005561  0.074924
                               64: -0.047190 -0.008342  0.081735
                               65: -0.051122 -0.011123  0.088546
                               66: -0.055055 -0.013903  0.095357
                               67: -0.058987 -0.016684  0.102168
                               68: -0.062919 -0.019465  0.108980
                               69: -0.066852 -0.022245  0.115791
                               70: -0.070784 -0.025026  0.122602
                               71: -0.074717 -0.027807  0.129413
                               72:  0.000000  0.033368  0.000000
                               73: -0.003932  0.030587  0.006811
                               74: -0.007865  0.027807  0.013622
                               75: -0.011797  0.025026  0.020434
                               76: -0.015730  0.022245  0.027245
                               77: -0.019662  0.019465  0.034056
                               78: -0.023595  0.016684  0.040867
                               79: -0.027527  0.013903  0.047679
                               80: -0.031460  0.011123  0.054490
                               81: -0.035392  0.008342  0.061301
                               82: -0.039325  0.005561  0.068112
                               83: -0.043257  0.002781  0.074924
                               84: -0.047190  0.000000  0.081735
                               85: -0.051122 -0.002781  0.088546
                               86: -0.055055 -0.005561  0.095357
                               87: -0.058987 -0.008342  0.102168
                               88: -0.062919 -0.011123  0.108980
                               89: -0.066852 -0.013903  0.115791
                               90: -0.070784 -0.016684  0.122602
                               91: -0.074717 -0.019465  0.129413
                               92:  0.000000  0.041710  0.000000
                               93: -0.003932  0.038929  0.006811
                               94: -0.007865  0.036149  0.013622
                               95: -0.011797  0.033368  0.020434
                               96: -0.015730  0.030587  0.027245
                               97: -0.019662  0.027807  0.034056
                               98: -0.023595  0.025026  0.040867
                               99: -0.027527  0.022245  0.047679
                              100: -0.031460  0.019465  0.054490
                              101: -0.035392  0.016684  0.061301
                              102: -0.039325  0.013903  0.068112
                              103: -0.043257  0.011123  0.074924
                              104: -0.047190  0.008342  0.081735
                              105: -0.051122  0.005561  0.088546
                              106: -0.055055  0.002781  0.095357
                              107: -0.058987  0.000000  0.102168
                              108: -0.062919 -0.002781  0.108980
                              109: -0.066852 -0.005561  0.115791
                              110: -0.070784 -0.008342  0.122602
                              111: -0.074717 -0.011123  0.129413
                              112:  0.000000  0.050052  0.000000
                              113: -0.003932  0.047271  0.006811
                              114: -0.007865  0.044491  0.013622
                              115: -0.011797  0.041710  0.020434
                              116: -0.015730  0.038929  0.027245
                              117: -0.019662  0.036149  0.034056
                              118: -0.023595  0.033368  0.040867
                              119: -0.027527  0.030587  0.047679
                              120: -0.031460  0.027807  0.054490
                              121: -0.035392  0.025026  0.061301
                              122: -0.039325  0.022245  0.068112
                              123: -0.043257  0.019465  0.074924
                              124: -0.047190  0.016684  0.081735
                              125: -0.051122  0.013903  0.088546
                              126: -0.055055  0.011123  0.095357
                              127: -0.058987  0.008342  0.102168
                              128: -0.062919  0.005561  0.108980
                              129: -0.066852  0.002781  0.115791
                              130: -0.070784  0.000000  0.122602
                              131: -0.074717 -0.002781  0.129413
                              132:  0.000000  0.058394  0.000000
                              133: -0.003932  0.055613  0.006811
                              134: -0.007865  0.052833  0.013622
                              135: -0.011797  0.050052  0.020434
                              136: -0.015730  0.047271  0.027245
                              137: -0.019662  0.044491  0.034056
                              138: -0.023595  0.041710  0.040867
                              139: -0.027527  0.038929  0.047679
                              140: -0.031460  0.036149  0.054490
                              141: -0.035392  0.033368  0.061301
                              142: -0.039325  0.030587  0.068112
                              143: -0.043257  0.027807  0.074924
                              144: -0.047190  0.025026  0.081735
                              145: -0.051122  0.022245  0.088546
                              146: -0.055055  0.019465  0.095357
                              147: -0.058987  0.016684  0.102168
                              148: -0.062919  0.013903  0.108980
                              149: -0.066852  0.011123  0.115791
                              150: -0.070784  0.008342  0.122602
                              151: -0.074717  0.005561  0.129413
                              152:  0.000000  0.066736  0.000000
                              153: -0.003932  0.063956  0.006811
                              154: -0.007865  0.061175  0.013622
                              155: -0.011797  0.058394  0.020434
                              156: -0.015730  0.055613  0.027245
                              157: -0.019662  0.052833  0.034056
                              158: -0.023595  0.050052  0.040867
                              159: -0.027527  0.047271  0.047679
                              160: -0.031460  0.044491  0.054490
                              161: -0.035392  0.041710  0.061301
                              162: -0.039325  0.038929  0.068112
                              163: -0.043257  0.036149  0.074924
                              164: -0.047190  0.033368  0.081735
                              165: -0.051122  0.030587  0.088546
                              166: -0.055055  0.027807  0.095357
                              167: -0.058987  0.025026  0.102168
                              168: -0.062919  0.022245  0.108980
                              169: -0.066852  0.019465  0.115791
                              170: -0.070784  0.016684  0.122602
                              171: -0.074717  0.013903  0.129413
                              172:  0.000000  0.075078  0.000000
                              173: -0.003932  0.072298  0.006811
                              174: -0.007865  0.069517  0.013622
                              175: -0.011797  0.066736  0.020434
                              176: -0.015730  0.063956  0.027245
                              177: -0.019662  0.061175  0.034056
                              178: -0.023595  0.058394  0.040867
                              179: -0.027527  0.055613  0.047679
                              180: -0.031460  0.052833  0.054490
                              181: -0.035392  0.050052  0.061301
                              182: -0.039325  0.047271  0.068112
                              183: -0.043257  0.044491  0.074924
                              184: -0.047190  0.041710  0.081735
                              185: -0.051122  0.038929  0.088546
                              186: -0.055055  0.036149  0.095357
                              187: -0.058987  0.033368  0.102168
                              188: -0.062919  0.030587  0.108980
                              189: -0.066852  0.027807  0.115791
                              190: -0.070784  0.025026  0.122602
                              191: -0.074717  0.022245  0.129413
                              192:  0.000000  0.083420  0.000000
                              193: -0.003932  0.080640  0.006811
                              194: -0.007865  0.077859  0.013622
                              195: -0.011797  0.075078  0.020434
                              196: -0.015730  0.072298  0.027245
                              197: -0.019662  0.069517  0.034056
                              198: -0.023595  0.066736  0.040867
                              199: -0.027527  0.063956  0.047679
                              200: -0.031460  0.061175  0.054490
                              201: -0.035392  0.058394  0.061301
                              202: -0.039325  0.055614  0.068112
                              203:  0.007865 -0.002781  0.000000
                              204:  0.003932 -0.005561  0.006811
                              205:  0.000000 -0.008342  0.013622
                              206: -0.003932 -0.011123  0.020434
                              207: -0.007865 -0.013903  0.027245
                              208: -0.011797 -0.016684  0.034056
                              209: -0.015730 -0.019465  0.040867
                              210: -0.019662 -0.022245  0.047679
                              211: -0.023595 -0.025026  0.054490
                              212: -0.027527 -0.027807  0.061301
                              213: -0.031460 -0.030587  0.068112
                              214: -0.035392 -0.033368  0.074924
                              215: -0.039325 -0.036149  0.081735
                              216: -0.043257 -0.038929  0.088546
                              217: -0.047190 -0.041710  0.095357
                              218: -0.051122 -0.044491  0.102168
                              219: -0.055055 -0.047271  0.108980
                              220: -0.058987 -0.050052  0.115791
                              221: -0.062919 -0.052833  0.122602
                              222: -0.066852 -0.055613  0.129413
                              223:  0.007865  0.005561  0.000000
                              224:  0.003932  0.002781  0.006811
                              225:  0.000000  0.000000  0.013622
                              226: -0.003932 -0.002781  0.020434
                              227: -0.007865 -0.005561  0.027245
                              228: -0.011797 -0.008342  0.034056
                              229: -0.015730 -0.011123  0.040867
                              230: -0.019662 -0.013903  0.047679
                              231: -0.023595 -0.016684  0.054490
                              232: -0.027527 -0.019465  0.061301
                              233: -0.031460 -0.022245  0.068112
                              234: -0.035392 -0.025026  0.074924
                              235: -0.039325 -0.027807  0.081735
                              236: -0.043257 -0.030587  0.088546
                              237: -0.047190 -0.033368  0.095357
                              238: -0.051122 -0.036149  0.102168
                              239: -0.055055 -0.038929  0.108980
                              240: -0.058987 -0.041710  0.115791
                              241: -0.062919 -0.044491  0.122602
                              242: -0.066852 -0.047271  0.129413
                              243:  0.007865  0.013903  0.000000
                              244:  0.003932  0.011123  0.006811
                              245:  0.000000  0.008342  0.013622
                              246: -0.003932  0.005561  0.020434
                              247: -0.007865  0.002781  0.027245
                              248: -0.011797  0.000000  0.034056
                              249: -0.015730 -0.002781  0.040867
                              250: -0.019662 -0.005561  0.047679
                              251: -0.023595 -0.008342  0.054490
                              252: -0.027527 -0.011123  0.061301
                              253: -0.031460 -0.013903  0.068112
                              254: -0.035392 -0.016684  0.074924
                              255: -0.039325 -0.019465  0.081735
                              256: -0.043257 -0.022245  0.088546
                              257: -0.047190 -0.025026  0.095357
                              258: -0.051122 -0.027807  0.102168
                              259: -0.055055 -0.030587  0.108980
                              260: -0.058987 -0.033368  0.115791
                              261: -0.062919 -0.036149  0.122602
                              262: -0.066852 -0.038929  0.129413
                              263:  0.007865  0.022245  0.000000
                              264:  0.003932  0.019465  0.006811
                              265:  0.000000  0.016684  0.013622
                              266: -0.003932  0.013903  0.020434
                              267: -0.007865  0.011123  0.027245
                              268: -0.011797  0.008342  0.034056
                              269: -0.015730  0.005561  0.040867
                              270: -0.019662  0.002781  0.047679
                              271: -0.023595  0.000000  0.054490
                              272: -0.027527 -0.002781  0.061301
                              273: -0.031460 -0.005561  0.068112
                              274: -0.035392 -0.008342  0.074924
                              275: -0.039325 -0.011123  0.081735
                              276: -0.043257 -0.013903  0.088546
                              277: -0.047190 -0.016684  0.095357
                              278: -0.051122 -0.019465  0.102168
                              279: -0.055055 -0.022245  0.108980
                              280: -0.058987 -0.025026  0.115791
                              281: -0.062919 -0.027807  0.122602
                              282: -0.066852 -0.030587  0.129413
                              283:  0.007865  0.030587  0.000000
                              284:  0.003932  0.027807  0.006811
                              285:  0.000000  0.025026  0.013622
                              286: -0.003932  0.022245  0.020434
                              287: -0.007865  0.019465  0.027245
                              288: -0.011797  0.016684  0.034056
                              289: -0.015730  0.013903  0.040867
                              290: -0.019662  0.011123  0.047679
                              291: -0.023595  0.008342  0.054490
                              292: -0.027527  0.005561  0.061301
                              293: -0.031460  0.002781  0.068112
                              294: -0.035392  0.000000  0.074924
                              295: -0.039325 -0.002781  0.081735
                              296: -0.043257 -0.005561  0.088546
                              297: -0.047190 -0.008342  0.095357
                              298: -0.051122 -0.011123  0.102168
                              299: -0.055055 -0.013903  0.108980
                              300: -0.058987 -0.016684  0.115791
                              301: -0.062919 -0.019465  0.122602
                              302: -0.066852 -0.022245  0.129413
                              303:  0.007865  0.038929  0.000000
                              304:  0.003932  0.036149  0.006811
                              305:  0.000000  0.033368  0.013622
                              306: -0.003932  0.030587  0.020434
                              307: -0.007865  0.027807  0.027245
                              308: -0.011797  0.025026  0.034056
                              309: -0.015730  0.022245  0.040867
                              310: -0.019662  0.019465  0.047679
                              311: -0.023595  0.016684  0.054490
                              312: -0.027527  0.013903  0.061301
                              313: -0.031460  0.011123  0.068112
                              314: -0.035392  0.008342  0.074924
                              315: -0.039325  0.005561  0.081735
                              316: -0.043257  0.002781  0.088546
                              317: -0.047190  0.000000  0.095357
                              318: -0.051122 -0.002781  0.102168
                              319: -0.055055 -0.005561  0.108980
                              320: -0.058987 -0.008342  0.115791
                              321: -0.062919 -0.011123  0.122602
                              322: -0.066852 -0.013903  0.129413
                              323:  0.007865  0.047271  0.000000
                              324:  0.003932  0.044491  0.006811
                              325:  0.000000  0.041710  0.013622
                              326: -0.003932  0.038929  0.020434
                              327: -0.007865  0.036149  0.027245
                              328: -0.011797  0.033368  0.034056
                              329: -0.015730  0.030587  0.040867
                              330: -0.019662  0.027807  0.047679
                              331: -0.023595  0.025026  0.054490
                              332: -0.027527  0.022245  0.061301
                              333: -0.031460  0.019465  0.068112
                              334: -0.035392  0.016684  0.074924
                              335: -0.039325  0.013903  0.081735
                              336: -0.043257  0.011123  0.088546
                              337: -0.047190  0.008342  0.095357
                              338: -0.051122  0.005561  0.102168
                              339: -0.055055  0.002781  0.108980
                              340: -0.058987  0.000000  0.115791
                              341: -0.062919 -0.002781  0.122602
                              342: -0.066852 -0.005561  0.129413
                              343:  0.007865  0.055613  0.000000
                              344:  0.003932  0.052833  0.006811
                              345:  0.000000  0.050052  0.013622
                              346: -0.003932  0.047271  0.020434
                              347: -0.007865  0.044491  0.027245
                              348: -0.011797  0.041710  0.034056
                              349: -0.015730  0.038929  0.040867
                              350: -0.019662  0.036149  0.047679
                              351: -0.023595  0.033368  0.054490
                              352: -0.027527  0.030587  0.061301
                              353: -0.031460  0.027807  0.068112
                              354: -0.035392  0.025026  0.074924
                              355: -0.039325  0.022245  0.081735
                              356: -0.043257  0.019465  0.088546
                              357: -0.047190  0.016684  0.095357
                              358: -0.051122  0.013903  0.102168
                              359: -0.055055  0.011123  0.108980
                              360: -0.058987  0.008342  0.115791
                              361: -0.062919  0.005561  0.122602
                              362: -0.066852  0.002781  0.129413
                              363:  0.007865  0.063956  0.000000
                              364:  0.003932  0.061175  0.006811
                              365:  0.000000  0.058394  0.013622
                              366: -0.003932  0.055613  0.020434
                              367: -0.007865  0.052833  0.027245
                              368: -0.011797  0.050052  0.034056
                              369: -0.015730  0.047271  0.040867
                              370: -0.019662  0.044491  0.047679
                              371: -0.023595  0.041710  0.054490
                              372: -0.027527  0.038929  0.061301
                              373: -0.031460  0.036149  0.068112
                              374: -0.035392  0.033368  0.074924
                              375: -0.039325  0.030587  0.081735
                              376: -0.043257  0.027807  0.088546
                              377: -0.047190  0.025026  0.095357
                              378: -0.051122  0.022245  0.102168
                              379: -0.055055  0.019465  0.108980
                              380: -0.058987  0.016684  0.115791
                              381: -0.062919  0.013903  0.122602
                              382: -0.066852  0.011123  0.129413
                              383:  0.007865  0.072298  0.000000
                              384:  0.003932  0.069517  0.006811
                              385:  0.000000  0.066736  0.013622
                              386: -0.003932  0.063956  0.020434
                              387: -0.007865  0.061175  0.027245
                              388: -0.011797  0.058394  0.034056
                              389: -0.015730  0.055613  0.040867
                              390: -0.019662  0.052833  0.047679
                              391: -0.023595  0.050052  0.054490
                              392: -0.027527  0.047271  0.061301
                              393: -0.031460  0.044491  0.068112
                              394: -0.035392  0.041710  0.074924
                              395: -0.039325  0.038929  0.081735
                              396: -0.043257  0.036149  0.088546
                              397: -0.047190  0.033368  0.095357
                              398: -0.051122  0.030587  0.102168
                              399: -0.055055  0.027807  0.108980
                              400: -0.058987  0.025026  0.115791
                              401: -0.062919  0.022245  0.122602
                              402: -0.066852  0.019465  0.129413
                              403:  0.007865  0.080640  0.000000
                              404:  0.003932  0.077859  0.006811
                              405:  0.000000  0.075078  0.013622
                              406: -0.003932  0.072298  0.020434
                              407: -0.007865  0.069517  0.027245
                              408: -0.011797  0.066736  0.034056
                              409: -0.015730  0.063956  0.040867
                              410: -0.019662  0.061175  0.047679
                              411: -0.023595  0.058394  0.054490
                              412: -0.027527  0.055614  0.061301
                              413: -0.031460  0.052833  0.068112
                              414: -0.035392  0.050052  0.074924
                              415: -0.039325  0.047271  0.081735
                              416: -0.043257  0.044491  0.088546
                              417: -0.047190  0.041710  0.095357
                              418: -0.051122  0.038929  0.102168
                              419: -0.055055  0.036149  0.108980
                              420: -0.058987  0.033368  0.115791
                              421: -0.062919  0.030587  0.122602
                              422: -0.066852  0.027807  0.129413
                              423:  0.007865  0.088982  0.000000
                              424:  0.003932  0.086201  0.006811
                              425:  0.000000  0.083420  0.013622
                              426: -0.003932  0.080640  0.020434
                              427: -0.007865  0.077859  0.027245
                              428: -0.011797  0.075078  0.034056
                              429: -0.015730  0.072298  0.040867
                              430: -0.019662  0.069517  0.047679
                              431: -0.023595  0.066736  0.054490
                              432: -0.027527  0.063956  0.061301
                              433: -0.031460  0.061175  0.068112
                              434: -0.035392  0.058394  0.074924
                              435: -0.039325  0.055614  0.081735
                              436: -0.043257  0.052833  0.088546
                              437: -0.047190  0.050052  0.095357
                              438: -0.051122  0.047271  0.102168
                              439: -0.055055  0.044491  0.108980
                              440: -0.058987  0.041710  0.115791
                              441: -0.062919  0.038929  0.122602
                              442: -0.066852  0.036149  0.129413
                              443:  0.007865  0.097324  0.000000
                              444:  0.003932  0.094543  0.006811
                              445:  0.000000  0.091762  0.013622
                              446: -0.003932  0.088982  0.020434
                              447: -0.007865  0.086201  0.027245
                              448: -0.011797  0.083420  0.034056
                              449: -0.015730  0.080640  0.040867
                              450: -0.019662  0.077859  0.047679
                              451: -0.023595  0.075078  0.054490
                              452: -0.027527  0.072298  0.061301
                              453: -0.031460  0.069517  0.068112
                              454: -0.035392  0.066736  0.074924
                              455: -0.039325  0.063956  0.081735
                              456: -0.043257  0.061175  0.088546
                              457: -0.047190  0.058394  0.095357
                              458: -0.051122  0.055614  0.102168
                              459: -0.055055  0.052833  0.108980
                              460: -0.058987  0.050052  0.115791
                              461: -0.062919  0.047271  0.122602
                              462: -0.066852  0.044491  0.129413
                              463:  0.007865  0.105666  0.000000
                              464:  0.003932  0.102885  0.006811
                              465:  0.000000  0.100104  0.013622
                              466: -0.003932  0.097324  0.020434
                              467: -0.007865  0.094543  0.027245
                              468: -0.011797  0.091762  0.034056
                              469: -0.015730  0.088982  0.040867
                              470: -0.019662  0.086201  0.047679
                              471: -0.023595  0.083420  0.054490
                              472: -0.027527  0.080640  0.061301
                              473: -0.031460  0.077859  0.068112
                              474: -0.035392  0.075078  0.074924
                              475: -0.039325  0.072298  0.081735
                              476: -0.043257  0.069517  0.088546
                              477: -0.047190  0.066736  0.095357
                              478: -0.051122  0.063956  0.102168
                              479: -0.055055  0.061175  0.108980
                              480: -0.058987  0.058394  0.115791
                              481: -0.062919  0.055614  0.122602
                              482: -0.066852  0.052833  0.129413
                              483:  0.007865  0.114008  0.000000
                              484:  0.003932  0.111227  0.006811
                              485:  0.000000  0.108446  0.013622
                              486: -0.003932  0.105666  0.020434
                              487: -0.007865  0.102885  0.027245
                              488: -0.011797  0.100104  0.034056
                              489: -0.015730  0.097324  0.040867
                              490: -0.019662  0.094543  0.047679
                              491: -0.023595  0.091762  0.054490
                              492: -0.027527  0.088982  0.061301
                              493: -0.031460  0.086201  0.068112
                              494: -0.035392  0.083420  0.074924
                              495: -0.039325  0.080640  0.081735
                              496: -0.043257  0.077859  0.088546
                              497: -0.047190  0.075078  0.095357
                              498: -0.051122  0.072298  0.102168
                              499: -0.055055  0.069517  0.108980
                              500: -0.058987  0.066736  0.115791
                              501: -0.062919  0.063956  0.122602
                              502: -0.066852  0.061175  0.129413
                              503:  0.007865  0.122350  0.000000
                              504:  0.003932  0.119569  0.006811
                              505:  0.000000  0.116788  0.013622
                              506: -0.003932  0.114008  0.020434
                              507: -0.007865  0.111227  0.027245
                              508: -0.011797  0.108446  0.034056
                              509: -0.015730  0.105666  0.040867
                              510: -0.019662  0.102885  0.047679
                              511: -0.023595  0.100104  0.054490
                              512: -0.027527  0.097324  0.061301
                              513: -0.031460  0.094543  0.068112
                              514: -0.035392  0.091762  0.074924
                              515: -0.039325  0.088982  0.081735
                              516: -0.043257  0.086201  0.088546
                              517: -0.047190  0.083420  0.095357
                              518: -0.051122  0.080640  0.102168
                              519: -0.055055  0.077859  0.108980
                              520: -0.058987  0.075078  0.115791
                              521: -0.062919  0.072298  0.122602
                              522: -0.066852  0.069517  0.129413
                              523:  0.007865  0.130692  0.000000
                              524:  0.003932  0.127911  0.006811
                              525:  0.000000  0.125130  0.013622
                              526: -0.003932  0.122350  0.020434
                              527: -0.007865  0.119569  0.027245
                              528: -0.011797  0.116788  0.034056
                              529: -0.015730  0.114008  0.040867
                              530: -0.019662  0.111227  0.047679
                              531: -0.023595  0.108446  0.054490
                              532: -0.027527  0.105666  0.061301
                              533: -0.031460  0.102885  0.068112
                              534: -0.035392  0.100104  0.074924
                              535: -0.039325  0.097324  0.081735
                              536: -0.043257  0.094543  0.088546
                              537: -0.047190  0.091762  0.095357
                              538: -0.051122  0.088982  0.102168
                              539: -0.055055  0.086201  0.108980
                              540: -0.058987  0.083420  0.115791
                              541: -0.062919  0.080640  0.122602
                              542: -0.066852  0.077859  0.129413
                              543:  0.007865  0.139034  0.000000
                              544:  0.003932  0.136253  0.006811
                              545:  0.000000  0.133472  0.013622
                              546: -0.003932  0.130692  0.020434
                              547: -0.007865  0.127911  0.027245
                              548: -0.011797  0.125130  0.034056
                              549: -0.015730  0.122350  0.040867
                              550: -0.019662  0.119569  0.047679
                              551: -0.023595  0.116788  0.054490
                              552: -0.027527  0.114008  0.061301
                              553: -0.031460  0.111227  0.068112
                              554: -0.035392  0.108446  0.074924
                              555: -0.039325  0.105666  0.081735
                              556: -0.043257  0.102885  0.088546
                              557: -0.047190  0.100104  0.095357
                              558: -0.051122  0.097324  0.102168
                              559: -0.055055  0.094543  0.108980
                              560: -0.058987  0.091762  0.115791
                              561: -0.062919  0.088982  0.122602
                              562: -0.066852  0.086201  0.129413
                              563:  0.007865  0.147376  0.000000
                              564:  0.003932  0.144595  0.006811
                              565:  0.000000  0.141814  0.013622
                              566: -0.003932  0.139034  0.020434
                              567: -0.007865  0.136253  0.027245
                              568: -0.011797  0.133472  0.034056
                              569: -0.015730  0.130692  0.040867
                              570: -0.019662  0.127911  0.047679
                              571: -0.023595  0.125130  0.054490
                              572: -0.027527  0.122350  0.061301
                              573: -0.031460  0.119569  0.068112
                              574: -0.035392  0.116788  0.074924
                              575: -0.039325  0.114008  0.081735
                              576: -0.043257  0.111227  0.088546
                              577: -0.047190  0.108446  0.095357
                              578: -0.051122  0.105666  0.102168
                              579: -0.055055  0.102885  0.108980
                              580: -0.058987  0.100104  0.115791
                              581: -0.062919  0.097324  0.122602
                              582: -0.066852  0.094543  0.129413
                              583:  0.007865  0.155718  0.000000
                              584:  0.003932  0.152937  0.006811
                              585:  0.000000  0.150156  0.013622
                              586: -0.003932  0.147376  0.020434
                              587: -0.007865  0.144595  0.027245
                              588: -0.011797  0.141814  0.034056
                              589: -0.015730  0.139034  0.040867
                              590: -0.019662  0.136253  0.047679
                              591: -0.023595  0.133472  0.054490
                              592: -0.027527  0.130692  0.061301
                              593: -0.031460  0.127911  0.068112
                              594: -0.035392  0.125130  0.074924
                              595: -0.039325  0.122350  0.081735
                              596: -0.043257  0.119569  0.088546
                              597: -0.047190  0.116788  0.095357
                              598: -0.051122  0.114008  0.102168
                              599: -0.055055  0.111227  0.108980
                              600: -0.058987  0.108446  0.115791
                              601: -0.062919  0.105666  0.122602
                              602: -0.066852  0.102885  0.129413
                              603:  0.015730 -0.005561  0.000000
                              604:  0.011797 -0.008342  0.006811
                              605:  0.007865 -0.011123  0.013622
                              606:  0.003932 -0.013903  0.020434
                              607:  0.000000 -0.016684  0.027245
                              608: -0.003932 -0.019465  0.034056
                              609: -0.007865 -0.022245  0.040867
                              610: -0.011797 -0.025026  0.047679
                              611: -0.015730 -0.027807  0.054490
                              612: -0.019662 -0.030587  0.061301
                              613: -0.023595 -0.033368  0.068112
                              614: -0.027527 -0.036149  0.074924
                              615: -0.031460 -0.038929  0.081735
                              616: -0.035392 -0.041710  0.088546
                              617: -0.039325 -0.044491  0.095357
                              618: -0.043257 -0.047271  0.102168
                              619: -0.047190 -0.050052  0.108980
                              620: -0.051122 -0.052833  0.115791
                              621: -0.055055 -0.055613  0.122602
                              622: -0.058987 -0.058394  0.129413
                              623:  0.015730  0.002781  0.000000
                              624:  0.011797  0.000000  0.006811
                              625:  0.007865 -0.002781  0.013622
                              626:  0.003932 -0.005561  0.020434
                              627:  0.000000 -0.008342  0.027245
                              628: -0.003932 -0.011123  0.034056
                              629: -0.007865 -0.013903  0.040867
                              630: -0.011797 -0.016684  0.047679
                              631: -0.015730 -0.019465  0.054490
                              632: -0.019662 -0.022245  0.061301
                              633: -0.023595 -0.025026  0.068112
                              634: -0.027527 -0.027807  0.074924
                              635: -0.031460 -0.030587  0.081735
                              636: -0.035392 -0.033368  0.088546
                              637: -0.039325 -0.036149  0.095357
                              638: -0.043257 -0.038929  0.102168
                              639: -0.047190 -0.041710  0.108980
                              640: -0.051122 -0.044491  0.115791
                              641: -0.055055 -0.047271  0.122602
                              642: -0.058987 -0.050052  0.129413
                              643:  0.015730  0.011123  0.000000
                              644:  0.011797  0.008342  0.006811
                              645:  0.007865  0.005561  0.013622
                              646:  0.003932  0.002781  0.020434
                              647:  0.000000  0.000000  0.027245
                              648: -0.003932 -0.002781  0.034056
                              649: -0.007865 -0.005561  0.040867
                              650: -0.011797 -0.008342  0.047679
                              651: -0.015730 -0.011123  0.054490
                              652: -0.019662 -0.013903  0.061301
                              653: -0.023595 -0.016684  0.068112
                              654: -0.027527 -0.019465  0.074924
                              655: -0.031460 -0.022245  0.081735
                              656: -0.035392 -0.025026  0.088546
                              657: -0.039325 -0.027807  0.095357
                              658: -0.043257 -0.030587  0.102168
                              659: -0.047190 -0.033368  0.108980
                              660: -0.051122 -0.036149  0.115791
                              661: -0.055055 -0.038929  0.122602
                              662: -0.058987 -0.041710  0.129413
                              663:  0.015730  0.019465  0.000000
                              664:  0.011797  0.016684  0.006811
                              665:  0.007865  0.013903  0.013622
                              666:  0.003932  0.011123  0.020434
                              667:  0.000000  0.008342  0.027245
                              668: -0.003932  0.005561  0.034056
                              669: -0.007865  0.002781  0.040867
                              670: -0.011797  0.000000  0.047679
                              671: -0.015730 -0.002781  0.054490
                              672: -0.019662 -0.005561  0.061301
                              673: -0.023595 -0.008342  0.068112
                              674: -0.027527 -0.011123  0.074924
                              675: -0.031460 -0.013903  0.081735
                              676: -0.035392 -0.016684  0.088546
                              677: -0.039325 -0.019465  0.095357
                              678: -0.043257 -0.022245  0.102168
                              679: -0.047190 -0.025026  0.108980
                              680: -0.051122 -0.027807  0.115791
                              681: -0.055055 -0.030587  0.122602
                              682: -0.058987 -0.033368  0.129413
                              683:  0.015730  0.027807  0.000000
                              684:  0.011797  0.025026  0.006811
                              685:  0.007865  0.022245  0.013622
                              686:  0.003932  0.019465  0.020434
                              687:  0.000000  0.016684  0.027245
                              688: -0.003932  0.013903  0.034056
                              689: -0.007865  0.011123  0.040867
                              690: -0.011797  0.008342  0.047679
                              691: -0.015730  0.005561  0.054490
                              692: -0.019662  0.002781  0.061301
                              693: -0.023595  0.000000  0.068112
                              694: -0.027527 -0.002781  0.074924
                              695: -0.031460 -0.005561  0.081735
                              696: -0.035392 -0.008342  0.088546
                              697: -0.039325 -0.011123  0.095357
                              698: -0.043257 -0.013903  0.102168
                              699: -0.047190 -0.016684  0.108980
                              700: -0.051122 -0.019465  0.115791
                              701: -0.055055 -0.022245  0.122602
                              702: -0.058987 -0.025026  0.129413
                              703:  0.015730  0.036149  0.000000
                              704:  0.011797  0.033368  0.006811
                              705:  0.007865  0.030587  0.013622
                              706:  0.003932  0.027807  0.020434
                              707:  0.000000  0.025026  0.027245
                              708: -0.003932  0.022245  0.034056
                              709: -0.007865  0.019465  0.040867
                              710: -0.011797  0.016684  0.047679
                              711: -0.015730  0.013903  0.054490
                              712: -0.019662  0.011123  0.061301
                              713: -0.023595  0.008342  0.068112
                              714: -0.027527  0.005561  0.074924
                              715: -0.031460  0.002781  0.081735
                              716: -0.035392  0.000000  0.088546
                              717: -0.039325 -0.002781  0.095357
                              718: -0.043257 -0.005561  0.102168
                              719: -0.047190 -0.008342  0.108980
                              720: -0.051122 -0.011123  0.115791
                              721: -0.055055 -0.013903  0.122602
                              722: -0.058987 -0.016684  0.129413
                              723:  0.015730  0.044491  0.000000
                              724:  0.011797  0.041710  0.006811
                              725:  0.007865  0.038929  0.013622
                              726:  0.003932  0.036149  0.020434
                              727:  0.000000  0.033368  0.027245
                              728: -0.003932  0.030587  0.034056
                              729: -0.007865  0.027807  0.040867
                              730: -0.011797  0.025026  0.047679
                              731: -0.015730  0.022245  0.054490
                              732: -0.019662  0.019465  0.061301
                              733: -0.023595  0.016684  0.068112
                              734: -0.027527  0.013903  0.074924
                              735: -0.031460  0.011123  0.081735
                              736: -0.035392  0.008342  0.088546
                              737: -0.039325  0.005561  0.095357
                              738: -0.043257  0.002781  0.102168
                              739: -0.047190  0.000000  0.108980
                              740: -0.051122 -0.002781  0.115791
                              741: -0.055055 -0.005561  0.122602
                              742: -0.058987 -0.008342  0.129413
                              743:  0.015730  0.052833  0.000000
                              744:  0.011797  0.050052  0.006811
                              745:  0.007865  0.047271  0.013622
                              746:  0.003932  0.044491  0.020434
                              747:  0.000000  0.041710  0.027245
                              748: -0.003932  0.038929  0.034056
                              749: -0.007865  0.036149  0.040867
                              750: -0.011797  0.033368  0.047679
                              751: -0.015730  0.030587  0.054490
                              752: -0.019662  0.027807  0.061301
                              753: -0.023595  0.025026  0.068112
                              754: -0.027527  0.022245  0.074924
                              755: -0.031460  0.019465  0.081735
                              756: -0.035392  0.016684  0.088546
                              757: -0.039325  0.013903  0.095357
                              758: -0.043257  0.011123  0.102168
                              759: -0.047190  0.008342  0.108980
                              760: -0.051122  0.005561  0.115791
                              761: -0.055055  0.002781  0.122602
                              762: -0.058987  0.000000  0.129413
                              763:  0.015730  0.061175  0.000000
                              764:  0.011797  0.058394  0.006811
                              765:  0.007865  0.055613  0.013622
                              766:  0.003932  0.052833  0.020434
                              767:  0.000000  0.050052  0.027245
                              768: -0.003932  0.047271  0.034056
                              769: -0.007865  0.044491  0.040867
                              770: -0.011797  0.041710  0.047679
                              771: -0.015730  0.038929  0.054490
                              772: -0.019662  0.036149  0.061301
                              773: -0.023595  0.033368  0.068112
                              774: -0.027527  0.030587  0.074924
                              775: -0.031460  0.027807  0.081735
                              776: -0.035392  0.025026  0.088546
                              777: -0.039325  0.022245  0.095357
                              778: -0.043257  0.019465  0.102168
                              779: -0.047190  0.016684  0.108980
                              780: -0.051122  0.013903  0.115791
                              781: -0.055055  0.011123  0.122602
                              782: -0.058987  0.008342  0.129413
                              783:  0.015730  0.069517  0.000000
                              784:  0.011797  0.066736  0.006811
                              785:  0.007865  0.063956  0.013622
                              786:  0.003932  0.061175  0.020434
                              787:  0.000000  0.058394  0.027245
                              788: -0.003932  0.055613  0.034056
                              789: -0.007865  0.052833  0.040867
                              790: -0.011797  0.050052  0.047679
                              791: -0.015730  0.047271  0.054490
                              792: -0.019662  0.044491  0.061301
                              793: -0.023595  0.041710  0.068112
                              794: -0.027527  0.038929  0.074924
                              795: -0.031460  0.036149  0.081735
                              796: -0.035392  0.033368  0.088546
                              797: -0.039325  0.030587  0.095357
                              798: -0.043257  0.027807  0.102168
                              799: -0.047190  0.025026  0.108980
                              800: -0.051122  0.022245  0.115791
                              801: -0.055055  0.019465  0.122602
                              802: -0.058987  0.016684  0.129413
                              803:  0.015730  0.077859  0.000000
                              804:  0.011797  0.075078  0.006811
                              805:  0.007865  0.072298  0.013622
                              806:  0.003932  0.069517  0.020434
                              807:  0.000000  0.066736  0.027245
                              808: -0.003932  0.063956  0.034056
                              809: -0.007865  0.061175  0.040867
                              810: -0.011797  0.058394  0.047679
                              811: -0.015730  0.055614  0.054490
                              812: -0.019662  0.052833  0.061301
                              813: -0.023595  0.050052  0.068112
                              814: -0.027527  0.047271  0.074924
                              815: -0.031460  0.044491  0.081735
                              816: -0.035392  0.041710  0.088546
                              817: -0.039325  0.038929  0.095357
                              818: -0.043257  0.036149  0.102168
                              819: -0.047190  0.033368  0.108980
                              820: -0.051122  0.030587  0.115791
                              821: -0.055055  0.027807  0.122602
                              822: -0.058987  0.025026  0.129413
                              823:  0.015730  0.086201  0.000000
                              824:  0.011797  0.083420  0.006811
                              825:  0.007865  0.080640  0.013622
                              826:  0.003932  0.077859  0.020434
                              827:  0.000000  0.075078  0.027245
                              828: -0.003932  0.072298  0.034056
                              829: -0.007865  0.069517  0.040867
                              830: -0.011797  0.066736  0.047679
                              831: -0.015730  0.063956  0.054490
                              832: -0.019662  0.061175  0.061301
                              833: -0.023595  0.058394  0.068112
                              834: -0.027527  0.055614  0.074924
                              835: -0.031460  0.052833  0.081735
                              836: -0.035392  0.050052  0.088546
                              837: -0.039325  0.047271  0.095357
                              838: -0.043257  0.044491  0.102168
                              839: -0.047190  0.041710  0.108980
                              840: -0.051122  0.038929  0.115791
                              841: -0.055055  0.036149  0.122602
                              842: -0.058987  0.033368  0.129413
                              843:  0.015730  0.094543  0.000000
                              844:  0.011797  0.091762  0.006811
                              845:  0.007865  0.088982  0.013622
                              846:  0.003932  0.086201  0.020434
                              847:  0.000000  0.083420  0.027245
                              848: -0.003932  0.080640  0.034056
                              849: -0.007865  0.077859  0.040867
                              850: -0.011797  0.075078  0.047679
                              851: -0.015730  0.072298  0.054490
                              852: -0.019662  0.069517  0.061301
                              853: -0.023595  0.066736  0.068112
                              854: -0.027527  0.063956  0.074924
                              855: -0.031460  0.061175  0.081735
                              856: -0.035392  0.058394  0.088546
                              857: -0.039325  0.055614  0.095357
                              858: -0.043257  0.052833  0.102168
                              859: -0.047190  0.050052  0.108980
                              860: -0.051122  0.047271  0.115791
                              861: -0.055055  0.044491  0.122602
                              862: -0.058987  0.041710  0.129413
                              863:  0.015730  0.102885  0.000000
                              864:  0.011797  0.100104  0.006811
                              865:  0.007865  0.097324  0.013622
                              866:  0.003932  0.094543  0.020434
                              867:  0.000000  0.091762  0.027245
                              868: -0.003932  0.088982  0.034056
                              869: -0.007865  0.086201  0.040867
                              870: -0.011797  0.083420  0.047679
                              871: -0.015730  0.080640  0.054490
                              872: -0.019662  0.077859  0.061301
                              873: -0.023595  0.075078  0.068112
                              874: -0.027527  0.072298  0.074924
                              875: -0.031460  0.069517  0.081735
                              876: -0.035392  0.066736  0.088546
                              877: -0.039325  0.063956  0.095357
                              878: -0.043257  0.061175  0.102168
                              879: -0.047190  0.058394  0.108980
                              880: -0.051122  0.055614  0.115791
                              881: -0.055055  0.052833  0.122602
                              882: -0.058987  0.050052  0.129413
                              883:  0.015730  0.111227  0.000000
                              884:  0.011797  0.108446  0.006811
                              885:  0.007865  0.105666  0.013622
                              886:  0.003932  0.102885  0.020434
                              887:  0.000000  0.100104  0.027245
                              888: -0.003932  0.097324  0.034056
                              889: -0.007865  0.094543  0.040867
                              890: -0.011797  0.091762  0.047679
                              891: -0.015730  0.088982  0.054490
                              892: -0.019662  0.086201  0.061301
                              893: -0.023595  0.083420  0.068112
                              894: -0.027527  0.080640  0.074924
                              895: -0.031460  0.077859  0.081735
                              896: -0.035392  0.075078  0.088546
                              897: -0.039325  0.072298  0.095357
                              898: -0.043257  0.069517  0.102168
                              899: -0.047190  0.066736  0.108980
                              900: -0.051122  0.063956  0.115791
                              901: -0.055055  0.061175  0.122602
                              902: -0.058987  0.058394  0.129413
                              903:  0.015730  0.119569  0.000000
                              904:  0.011797  0.116788  0.006811
                              905:  0.007865  0.114008  0.013622
                              906:  0.003932  0.111227  0.020434
                              907:  0.000000  0.108446  0.027245
                              908: -0.003932  0.105666  0.034056
                              909: -0.007865  0.102885  0.040867
                              910: -0.011797  0.100104  0.047679
                              911: -0.015730  0.097324  0.054490
                              912: -0.019662  0.094543  0.061301
                              913: -0.023595  0.091762  0.068112
                              914: -0.027527  0.088982  0.074924
                              915: -0.031460  0.086201  0.081735
                              916: -0.035392  0.083420  0.088546
                              917: -0.039325  0.080640  0.095357
                              918: -0.043257  0.077859  0.102168
                              919: -0.047190  0.075078  0.108980
                              920: -0.051122  0.072298  0.115791
                              921: -0.055055  0.069517  0.122602
                              922: -0.058987  0.066736  0.129413
                              923:  0.015730  0.127911  0.000000
                              924:  0.011797  0.125130  0.006811
                              925:  0.007865  0.122350  0.013622
                              926:  0.003932  0.119569  0.020434
                              927:  0.000000  0.116788  0.027245
                              928: -0.003932  0.114008  0.034056
                              929: -0.007865  0.111227  0.040867
                              930: -0.011797  0.108446  0.047679
                              931: -0.015730  0.105666  0.054490
                              932: -0.019662  0.102885  0.061301
                              933: -0.023595  0.100104  0.068112
                              934: -0.027527  0.097324  0.074924
                              935: -0.031460  0.094543  0.081735
                              936: -0.035392  0.091762  0.088546
                              937: -0.039325  0.088982  0.095357
                              938: -0.043257  0.086201  0.102168
                              939: -0.047190  0.083420  0.108980
                              940: -0.051122  0.080640  0.115791
                              941: -0.055055  0.077859  0.122602
                              942: -0.058987  0.075078  0.129413
                              943:  0.015730  0.136253  0.000000
                              944:  0.011797  0.133472  0.006811
                              945:  0.007865  0.130692  0.013622
                              946:  0.003932  0.127911  0.020434
                              947:  0.000000  0.125130  0.027245
                              948: -0.003932  0.122350  0.034056
                              949: -0.007865  0.119569  0.040867
                              950: -0.011797  0.116788  0.047679
                              951: -0.015730  0.114008  0.054490
                              952: -0.019662  0.111227  0.061301
                              953: -0.023595  0.108446  0.068112
                              954: -0.027527  0.105666  0.074924
                              955: -0.031460  0.102885  0.081735
                              956: -0.035392  0.100104  0.088546
                              957: -0.039325  0.097324  0.095357
                              958: -0.043257  0.094543  0.102168
                              959: -0.047190  0.091762  0.108980
                              960: -0.051122  0.088982  0.115791
                              961: -0.055055  0.086201  0.122602
                              962: -0.058987  0.083420  0.129413
                              963:  0.015730  0.144595  0.000000
                              964:  0.011797  0.141814  0.006811
                              965:  0.007865  0.139034  0.013622
                              966:  0.003932  0.136253  0.020434
                              967:  0.000000  0.133472  0.027245
                              968: -0.003932  0.130692  0.034056
                              969: -0.007865  0.127911  0.040867
                              970: -0.011797  0.125130  0.047679
                              971: -0.015730  0.122350  0.054490
                              972: -0.019662  0.119569  0.061301
                              973: -0.023595  0.116788  0.068112
                              974: -0.027527  0.114008  0.074924
                              975: -0.031460  0.111227  0.081735
                              976: -0.035392  0.108446  0.088546
                              977: -0.039325  0.105666  0.095357
                              978: -0.043257  0.102885  0.102168
                              979: -0.047190  0.100104  0.108980
                              980: -0.051122  0.097324  0.115791
                              981: -0.055055  0.094543  0.122602
                              982: -0.058987  0.091762  0.129413
                              983:  0.015730  0.152937  0.000000
                              984:  0.011797  0.150156  0.006811
                              985:  0.007865  0.147376  0.013622
                              986:  0.003932  0.144595  0.020434
                              987:  0.000000  0.141814  0.027245
                              988: -0.003932  0.139034  0.034056
                              989: -0.007865  0.136253  0.040867
                              990: -0.011797  0.133472  0.047679
                              991: -0.015730  0.130692  0.054490
                              992: -0.019662  0.127911  0.061301
                              993: -0.023595  0.125130  0.068112
                              994: -0.027527  0.122350  0.074924
                              995: -0.031460  0.119569  0.081735
                              996: -0.035392  0.116788  0.088546
                              997: -0.039325  0.114008  0.095357
                              998: -0.043257  0.111227  0.102168
                              999: -0.047190  0.108446  0.108980
                             1000: -0.051122  0.105666  0.115791
                             1001: -0.055055  0.102885  0.122602
                             1002: -0.058987  0.100104  0.129413
                             1003:  0.023595 -0.008342  0.000000
                             1004:  0.019662 -0.011123  0.006811
                             1005:  0.015730 -0.013903  0.013622
                             1006:  0.011797 -0.016684  0.020434
                             1007:  0.007865 -0.019465  0.027245
                             1008:  0.003932 -0.022245  0.034056
                             1009:  0.000000 -0.025026  0.040867
                             1010: -0.003932 -0.027807  0.047679
                             1011: -0.007865 -0.030587  0.054490
                             1012: -0.011797 -0.033368  0.061301
                             1013: -0.015730 -0.036149  0.068112
                             1014: -0.019662 -0.038929  0.074924
                             1015: -0.023595 -0.041710  0.081735
                             1016: -0.027527 -0.044491  0.088546
                             1017: -0.031460 -0.047271  0.095357
                             1018: -0.035392 -0.050052  0.102168
                             1019: -0.039325 -0.052833  0.108980
                             1020: -0.043257 -0.055613  0.115791
                             1021: -0.047190 -0.058394  0.122602
                             1022: -0.051122 -0.061175  0.129413
                             1023:  0.023595 -0.000000  0.000000
                             1024:  0.019662 -0.002781  0.006811
                             1025:  0.015730 -0.005561  0.013622
                             1026:  0.011797 -0.008342  0.020434
                             1027:  0.007865 -0.011123  0.027245
                             1028:  0.003932 -0.013903  0.034056
                             1029:  0.000000 -0.016684  0.040867
                             1030: -0.003932 -0.019465  0.047679
                             1031: -0.007865 -0.022245  0.054490
                             1032: -0.011797 -0.025026  0.061301
                             1033: -0.015730 -0.027807  0.068112
                             1034: -0.019662 -0.030587  0.074924
                             1035: -0.023595 -0.033368  0.081735
                             1036: -0.027527 -0.036149  0.088546
                             1037: -0.031460 -0.038929  0.095357
                             1038: -0.035392 -0.041710  0.102168
                             1039: -0.039325 -0.044491  0.108980
                             1040: -0.043257 -0.047271  0.115791
                             1041: -0.047190 -0.050052  0.122602
                             1042: -0.051122 -0.052833  0.129413
                             1043:  0.023595  0.008342  0.000000
                             1044:  0.019662  0.005561  0.006811
                             1045:  0.015730  0.002781  0.013622
                             1046:  0.011797  0.000000  0.020434
                             1047:  0.007865 -0.002781  0.027245
                             1048:  0.003932 -0.005561  0.034056
                             1049:  0.000000 -0.008342  0.040867
                             1050: -0.003932 -0.011123  0.047679
                             1051: -0.007865 -0.013903  0.054490
                             1052: -0.011797 -0.016684  0.061301
                             1053: -0.015730 -0.019465  0.068112
                             1054: -0.019662 -0.022245  0.074924
                             1055: -0.023595 -0.025026  0.081735
                             1056: -0.027527 -0.027807  0.088546
                             1057: -0.031460 -0.030587  0.095357
                             1058: -0.035392 -0.033368  0.102168
                             1059: -0.039325 -0.036149  0.108980
                             1060: -0.043257 -0.038929  0.115791
                             1061: -0.047190 -0.041710  0.122602
                             1062: -0.051122 -0.044491  0.129413
                             1063:  0.023595  0.016684  0.000000
                             1064:  0.019662  0.013903  0.006811
                             1065:  0.015730  0.011123  0.013622
                             1066:  0.011797  0.008342  0.020434
                             1067:  0.007865  0.005561  0.027245
                             1068:  0.003932  0.002781  0.034056
                             1069:  0.000000  0.000000  0.040867
                             1070: -0.003932 -0.002781  0.047679
                             1071: -0.007865 -0.005561  0.054490
                             1072: -0.011797 -0.008342  0.061301
                             1073: -0.015730 -0.011123  0.068112
                             1074: -0.019662 -0.013903  0.074924
                             1075: -0.023595 -0.016684  0.081735
                             1076: -0.027527 -0.019465  0.088546
                             1077: -0.031460 -0.022245  0.095357
                             1078: -0.035392 -0.025026  0.102168
                             1079: -0.039325 -0.027807  0.108980
                             1080: -0.043257 -0.030587  0.115791
                             1081: -0.047190 -0.033368  0.122602
                             1082: -0.051122 -0.036149  0.129413
                             1083:  0.023595  0.025026  0.000000
                             1084:  0.019662  0.022245  0.006811
                             1085:  0.015730  0.019465  0.013622
                             1086:  0.011797  0.016684  0.020434
                             1087:  0.007865  0.013903  0.027245
                             1088:  0.003932  0.011123  0.034056
                             1089:  0.000000  0.008342  0.040867
                             1090: -0.003932  0.005561  0.047679
                             1091: -0.007865  0.002781  0.054490
                             1092: -0.011797  0.000000  0.061301
                             1093: -0.015730 -0.002781  0.068112
                             1094: -0.019662 -0.005561  0.074924
                             1095: -0.023595 -0.008342  0.081735
                             1096: -0.027527 -0.011123  0.088546
                             1097: -0.031460 -0.013903  0.095357
                             1098: -0.035392 -0.016684  0.102168
                             1099: -0.039325 -0.019465  0.108980
                             1100: -0.043257 -0.022245  0.115791
                             1101: -0.047190 -0.025026  0.122602
                             1102: -0.051122 -0.027807  0.129413
                             1103:  0.023595  0.033368  0.000000
                             1104:  0.019662  0.030587  0.006811
                             1105:  0.015730  0.027807  0.013622
                             1106:  0.011797  0.025026  0.020434
                             1107:  0.007865  0.022245  0.027245
                             1108:  0.003932  0.019465  0.034056
                             1109:  0.000000  0.016684  0.040867
                             1110: -0.003932  0.013903  0.047679
                             1111: -0.007865  0.011123  0.054490
                             1112: -0.011797  0.008342  0.061301
                             1113: -0.015730  0.005561  0.068112
                             1114: -0.019662  0.002781  0.074924
                             1115: -0.023595  0.000000  0.081735
                             1116: -0.027527 -0.002781  0.088546
                             1117: -0.031460 -0.005561  0.095357
                             1118: -0.035392 -0.008342  0.102168
                             1119: -0.039325 -0.011123  0.108980
                             1120: -0.043257 -0.013903  0.115791
                             1121: -0.047190 -0.016684  0.122602
                             1122: -0.051122 -0.019465  0.129413
                             1123:  0.023595  0.041710  0.000000
                             1124:  0.019662  0.038929  0.006811
                             1125:  0.015730  0.036149  0.013622
                             1126:  0.011797  0.033368  0.020434
                             1127:  0.007865  0.030587  0.027245
                             1128:  0.003932  0.027807  0.034056
                             1129:  0.000000  0.025026  0.040867
                             1130: -0.003932  0.022245  0.047679
                             1131: -0.007865  0.019465  0.054490
                             1132: -0.011797  0.016684  0.061301
                             1133: -0.015730  0.013903  0.068112
                             1134: -0.019662  0.011123  0.074924
                             1135: -0.023595  0.008342  0.081735
                             1136: -0.027527  0.005561  0.088546
                             1137: -0.031460  0.002781  0.095357
                             1138: -0.035392  0.000000  0.102168
                             1139: -0.039325 -0.002781  0.108980
                             1140: -0.043257 -0.005561  0.115791
                             1141: -0.047190 -0.008342  0.122602
                             1142: -0.051122 -0.011123  0.129413
                             1143:  0.023595  0.050052  0.000000
                             1144:  0.019662  0.047271  0.006811
                             1145:  0.015730  0.044491  0.013622
                             1146:  0.011797  0.041710  0.020434
                             1147:  0.007865  0.038929  0.027245
                             1148:  0.003932  0.036149  0.034056
                             1149:  0.000000  0.033368  0.040867
                             1150: -0.003932  0.030587  0.047679
                             1151: -0.007865  0.027807  0.054490
                             1152: -0.011797  0.025026  0.061301
                             1153: -0.015730  0.022245  0.068112
                             1154: -0.019662  0.019465  0.074924
                             1155: -0.023595  0.016684  0.081735
                             1156: -0.027527  0.013903  0.088546
                             1157: -0.031460  0.011123  0.095357
                             1158: -0.035392  0.008342  0.102168
                             1159: -0.039325  0.005561  0.108980
                             1160: -0.043257  0.002781  0.115791
                             1161: -0.047190  0.000000  0.122602
                             1162: -0.051122 -0.002781  0.129413
                             1163:  0.023595  0.058394  0.000000
                             1164:  0.019662  0.055613  0.006811
                             1165:  0.015730  0.052833  0.013622
                             1166:  0.011797  0.050052  0.020434
                             1167:  0.007865  0.047271  0.027245
                             1168:  0.003932  0.044491  0.034056
                             1169:  0.000000  0.041710  0.040867
                             1170: -0.003932  0.038929  0.047679
                             1171: -0.007865  0.036149  0.054490
                             1172: -0.011797  0.033368  0.061301
                             1173: -0.015730  0.030587  0.068112
                             1174: -0.019662  0.027807  0.074924
                             1175: -0.023595  0.025026  0.081735
                             1176: -0.027527  0.022245  0.088546
                             1177: -0.031460  0.019465  0.095357
                             1178: -0.035392  0.016684  0.102168
                             1179: -0.039325  0.013903  0.108980
                             1180: -0.043257  0.011123  0.115791
                             1181: -0.047190  0.008342  0.122602
                             1182: -0.051122  0.005561  0.129413
                             1183:  0.023595  0.066736  0.000000
                             1184:  0.019662  0.063956  0.006811
                             1185:  0.015730  0.061175  0.013622
                             1186:  0.011797  0.058394  0.020434
                             1187:  0.007865  0.055613  0.027245
                             1188:  0.003932  0.052833  0.034056
                             1189:  0.000000  0.050052  0.040867
                             1190: -0.003932  0.047271  0.047679
                             1191: -0.007865  0.044491  0.054490
                             1192: -0.011797  0.041710  0.061301
                             1193: -0.015730  0.038929  0.068112
                             1194: -0.019662  0.036149  0.074924
                             1195: -0.023595  0.033368  0.081735
                             1196: -0.027527  0.030587  0.088546
                             1197: -0.031460  0.027807  0.095357
                             1198: -0.035392  0.025026  0.102168
                             1199: -0.039325  0.022245  0.108980
                             1200: -0.043257  0.019465  0.115791
                             1201: -0.047190  0.016684  0.122602
                             1202: -0.051122  0.013903  0.129413
                             1203:  0.023595  0.075078  0.000000
                             1204:  0.019662  0.072298  0.006811
                             1205:  0.015730  0.069517  0.013622
                             1206:  0.011797  0.066736  0.020434
                             1207:  0.007865  0.063956  0.027245
                             1208:  0.003932  0.061175  0.034056
                             1209:  0.000000  0.058394  0.040867
                             1210: -0.003932  0.055613  0.047679
                             1211: -0.007865  0.052833  0.054490
                             1212: -0.011797  0.050052  0.061301
                             1213: -0.015730  0.047271  0.068112
                             1214: -0.019662  0.044491  0.074924
                             1215: -0.023595  0.041710  0.081735
                             1216: -0.027527  0.038929  0.088546
                             1217: -0.031460  0.036149  0.095357
                             1218: -0.035392  0.033368  0.102168
                             1219: -0.039325  0.030587  0.108980
                             1220: -0.043257  0.027807  0.115791
                             1221: -0.047190  0.025026  0.122602
                             1222: -0.051122  0.022245  0.129413
                             1223:  0.023595  0.083420  0.000000
                             1224:  0.019662  0.080640  0.006811
                             1225:  0.015730  0.077859  0.013622
                             1226:  0.011797  0.075078  0.020434
                             1227:  0.007865  0.072298  0.027245
                             1228:  0.003932  0.069517  0.034056
                             1229:  0.000000  0.066736  0.040867
                             1230: -0.003932  0.063956  0.047679
                             1231: -0.007865  0.061175  0.054490
                             1232: -0.011797  0.058394  0.061301
                             1233: -0.015730  0.055614  0.068112
                             1234: -0.019662  0.052833  0.074924
                             1235: -0.023595  0.050052  0.081735
                             1236: -0.027527  0.047271  0.088546
                             1237: -0.031460  0.044491  0.095357
                             1238: -0.035392  0.041710  0.102168
                             1239: -0.039325  0.038929  0.108980
                             1240: -0.043257  0.036149  0.115791
                             1241: -0.047190  0.033368  0.122602
                             1242: -0.051122  0.030587  0.129413
                             1243:  0.023595  0.091762  0.000000
                             1244:  0.019662  0.088982  0.006811
                             1245:  0.015730  0.086201  0.013622
                             1246:  0.011797  0.083420  0.020434
                             1247:  0.007865  0.080640  0.027245
                             1248:  0.003932  0.077859  0.034056
                             1249:  0.000000  0.075078  0.040867
                             1250: -0.003932  0.072298  0.047679
                             1251: -0.007865  0.069517  0.054490
                             1252: -0.011797  0.066736  0.061301
                             1253: -0.015730  0.063956  0.068112
                             1254: -0.019662  0.061175  0.074924
                             1255: -0.023595  0.058394  0.081735
                             1256: -0.027527  0.055614  0.088546
                             1257: -0.031460  0.052833  0.095357
                             1258: -0.035392  0.050052  0.102168
                             1259: -0.039325  0.047271  0.108980
                             1260: -0.043257  0.044491  0.115791
                             1261: -0.047190  0.041710  0.122602
                             1262: -0.051122  0.038929  0.129413
                             1263:  0.023595  0.100104  0.000000
                             1264:  0.019662  0.097324  0.006811
                             1265:  0.015730  0.094543  0.013622
                             1266:  0.011797  0.091762  0.020434
                             1267:  0.007865  0.088982  0.027245
                             1268:  0.003932  0.086201  0.034056
                             1269:  0.000000  0.083420  0.040867
                             1270: -0.003932  0.080640  0.047679
                             1271: -0.007865  0.077859  0.054490
                             1272: -0.011797  0.075078  0.061301
                             1273: -0.015730  0.072298  0.068112
                             1274: -0.019662  0.069517  0.074924
                             1275: -0.023595  0.066736  0.081735
                             1276: -0.027527  0.063956  0.088546
                             1277: -0.031460  0.061175  0.095357
                             1278: -0.035392  0.058394  0.102168
                             1279: -0.039325  0.055614  0.108980
                             1280: -0.043257  0.052833  0.115791
                             1281: -0.047190  0.050052  0.122602
                             1282: -0.051122  0.047271  0.129413
                             1283:  0.023595  0.108446  0.000000
                             1284:  0.019662  0.105666  0.006811
                             1285:  0.015730  0.102885  0.013622
                             1286:  0.011797  0.100104  0.020434
                             1287:  0.007865  0.097324  0.027245
                             1288:  0.003932  0.094543  0.034056
                             1289:  0.000000  0.091762  0.040867
                             1290: -0.003932  0.088982  0.047679
                             1291: -0.007865  0.086201  0.054490
                             1292: -0.011797  0.083420  0.061301
                             1293: -0.015730  0.080640  0.068112
                             1294: -0.019662  0.077859  0.074924
                             1295: -0.023595  0.075078  0.081735
                             1296: -0.027527  0.072298  0.088546
                             1297: -0.031460  0.069517  0.095357
                             1298: -0.035392  0.066736  0.102168
                             1299: -0.039325  0.063956  0.108980
                             1300: -0.043257  0.061175  0.115791
                             1301: -0.047190  0.058394  0.122602
                             1302: -0.051122  0.055614  0.129413
                             1303:  0.023595  0.116788  0.000000
                             1304:  0.019662  0.114008  0.006811
                             1305:  0.015730  0.111227  0.013622
                             1306:  0.011797  0.108446  0.020434
                             1307:  0.007865  0.105666  0.027245
                             1308:  0.003932  0.102885  0.034056
                             1309:  0.000000  0.100104  0.040867
                             1310: -0.003932  0.097324  0.047679
                             1311: -0.007865  0.094543  0.054490
                             1312: -0.011797  0.091762  0.061301
                             1313: -0.015730  0.088982  0.068112
                             1314: -0.019662  0.086201  0.074924
                             1315: -0.023595  0.083420  0.081735
                             1316: -0.027527  0.080640  0.088546
                             1317: -0.031460  0.077859  0.095357
                             1318: -0.035392  0.075078  0.102168
                             1319: -0.039325  0.072298  0.108980
                             1320: -0.043257  0.069517  0.115791
                             1321: -0.047190  0.066736  0.122602
                             1322: -0.051122  0.063956  0.129413
                             1323:  0.023595  0.125130  0.000000
                             1324:  0.019662  0.122350  0.006811
                             1325:  0.015730  0.119569  0.013622
                             1326:  0.011797  0.116788  0.020434
                             1327:  0.007865  0.114008  0.027245
                             1328:  0.003932  0.111227  0.034056
                             1329:  0.000000  0.108446  0.040867
                             1330: -0.003932  0.105666  0.047679
                             1331: -0.007865  0.102885  0.054490
                             1332: -0.011797  0.100104  0.061301
                             1333: -0.015730  0.097324  0.068112
                             1334: -0.019662  0.094543  0.074924
                             1335: -0.023595  0.091762  0.081735
                             1336: -0.027527  0.088982  0.088546
                             1337: -0.031460  0.086201  0.095357
                             1338: -0.035392  0.083420  0.102168
                             1339: -0.039325  0.080640  0.108980
                             1340: -0.043257  0.077859  0.115791
                             1341: -0.047190  0.075078  0.122602
                             1342: -0.051122  0.072298  0.129413
                             1343:  0.023595  0.133472  0.000000
                             1344:  0.019662  0.130692  0.006811
                             1345:  0.015730  0.127911  0.013622
                             1346:  0.011797  0.125130  0.020434
                             1347:  0.007865  0.122350  0.027245
                             1348:  0.003932  0.119569  0.034056
                             1349:  0.000000  0.116788  0.040867
                             1350: -0.003932  0.114008  0.047679
                             1351: -0.007865  0.111227  0.054490
                             1352: -0.011797  0.108446  0.061301
                             1353: -0.015730  0.105666  0.068112
                             1354: -0.019662  0.102885  0.074924
                             1355: -0.023595  0.100104  0.081735
                             1356: -0.027527  0.097324  0.088546
                             1357: -0.031460  0.094543  0.095357
                             1358: -0.035392  0.091762  0.102168
                             1359: -0.039325  0.088982  0.108980
                             1360: -0.043257  0.086201  0.115791
                             1361: -0.047190  0.083420  0.122602
                             1362: -0.051122  0.080640  0.129413
                             1363:  0.023595  0.141814  0.000000
                             1364:  0.019662  0.139034  0.006811
                             1365:  0.015730  0.136253  0.013622
                             1366:  0.011797  0.133472  0.020434
                             1367:  0.007865  0.130692  0.027245
                             1368:  0.003932  0.127911  0.034056
                             1369:  0.000000  0.125130  0.040867
                             1370: -0.003932  0.122350  0.047679
                             1371: -0.007865  0.119569  0.054490
                             1372: -0.011797  0.116788  0.061301
                             1373: -0.015730  0.114008  0.068112
                             1374: -0.019662  0.111227  0.074924
                             1375: -0.023595  0.108446  0.081735
                             1376: -0.027527  0.105666  0.088546
                             1377: -0.031460  0.102885  0.095357
                             1378: -0.035392  0.100104  0.102168
                             1379: -0.039325  0.097324  0.108980
                             1380: -0.043257  0.094543  0.115791
                             1381: -0.047190  0.091762  0.122602
                             1382: -0.051122  0.088982  0.129413
                             1383:  0.023595  0.150156  0.000000
                             1384:  0.019662  0.147376  0.006811
                             1385:  0.015730  0.144595  0.013622
                             1386:  0.011797  0.141814  0.020434
                             1387:  0.007865  0.139034  0.027245
                             1388:  0.003932  0.136253  0.034056
                             1389:  0.000000  0.133472  0.040867
                             1390: -0.003932  0.130692  0.047679
                             1391: -0.007865  0.127911  0.054490
                             1392: -0.011797  0.125130  0.061301
                             1393: -0.015730  0.122350  0.068112
                             1394: -0.019662  0.119569  0.074924
                             1395: -0.023595  0.116788  0.081735
                             1396: -0.027527  0.114008  0.088546
                             1397: -0.031460  0.111227  0.095357
                             1398: -0.035392  0.108446  0.102168
                             1399: -0.039325  0.105666  0.108980
                             1400: -0.043257  0.102885  0.115791
                             1401: -0.047190  0.100104  0.122602
                             1402: -0.051122  0.097324  0.129413
                             1403:  0.031460 -0.011123  0.000000
                             1404:  0.027527 -0.013903  0.006811
                             1405:  0.023595 -0.016684  0.013622
                             1406:  0.019662 -0.019465  0.020434
                             1407:  0.015730 -0.022245  0.027245
                             1408:  0.011797 -0.025026  0.034056
                             1409:  0.007865 -0.027807  0.040867
                             1410:  0.003932 -0.030587  0.047679
                             1411:  0.000000 -0.033368  0.054490
                             1412: -0.003932 -0.036149  0.061301
                             1413: -0.007865 -0.038929  0.068112
                             1414: -0.011797 -0.041710  0.074924
                             1415: -0.015730 -0.044491  0.081735
                             1416: -0.019662 -0.047271  0.088546
                             1417: -0.023595 -0.050052  0.095357
                             1418: -0.027527 -0.052833  0.102168
                             1419: -0.031460 -0.055613  0.108980
                             1420: -0.035392 -0.058394  0.115791
                             1421: -0.039325 -0.061175  0.122602
                             1422: -0.043257 -0.063955  0.129413
                             1423:  0.031460 -0.002781  0.000000
                             1424:  0.027527 -0.005561  0.006811
                             1425:  0.023595 -0.008342  0.013622
                             1426:  0.019662 -0.011123  0.020434
                             1427:  0.015730 -0.013903  0.027245
                             1428:  0.011797 -0.016684  0.034056
                             1429:  0.007865 -0.019465  0.040867
                             1430:  0.003932 -0.022245  0.047679
                             1431:  0.000000 -0.025026  0.054490
                             1432: -0.003932 -0.027807  0.061301
                             1433: -0.007865 -0.030587  0.068112
                             1434: -0.011797 -0.033368  0.074924
                             1435: -0.015730 -0.036149  0.081735
                             1436: -0.019662 -0.038929  0.088546
                             1437: -0.023595 -0.041710  0.095357
                             1438: -0.027527 -0.044491  0.102168
                             1439: -0.031460 -0.047271  0.108980
                             1440: -0.035392 -0.050052  0.115791
                             1441: -0.039325 -0.052833  0.122602
                             1442: -0.043257 -0.055613  0.129413
                             1443:  0.031460  0.005561  0.000000
                             1444:  0.027527  0.002781  0.006811
                             1445:  0.023595  0.000000  0.013622
                             1446:  0.019662 -0.002781  0.020434
                             1447:  0.015730 -0.005561  0.027245
                             1448:  0.011797 -0.008342  0.034056
                             1449:  0.007865 -0.011123  0.040867
                             1450:  0.003932 -0.013903  0.047679
                             1451:  0.000000 -0.016684  0.054490
                             1452: -0.003932 -0.019465  0.061301
                             1453: -0.007865 -0.022245  0.068112
                             1454: -0.011797 -0.025026  0.074924
                             1455: -0.015730 -0.027807  0.081735
                             1456: -0.019662 -0.030587  0.088546
                             1457: -0.023595 -0.033368  0.095357
                             1458: -0.027527 -0.036149  0.102168
                             1459: -0.031460 -0.038929  0.108980
                             1460: -0.035392 -0.041710  0.115791
                             1461: -0.039325 -0.044491  0.122602
                             1462: -0.043257 -0.047271  0.129413
                             1463:  0.031460  0.013903  0.000000
                             1464:  0.027527  0.011123  0.006811
                             1465:  0.023595  0.008342  0.013622
                             1466:  0.019662  0.005561  0.020434
                             1467:  0.015730  0.002781  0.027245
                             1468:  0.011797  0.000000  0.034056
                             1469:  0.007865 -0.002781  0.040867
                             1470:  0.003932 -0.005561  0.047679
                             1471:  0.000000 -0.008342  0.054490
                             1472: -0.003932 -0.011123  0.061301
                             1473: -0.007865 -0.013903  0.068112
                             1474: -0.011797 -0.016684  0.074924
                             1475: -0.015730 -0.019465  0.081735
                             1476: -0.019662 -0.022245  0.088546
                             1477: -0.023595 -0.025026  0.095357
                             1478: -0.027527 -0.027807  0.102168
                             1479: -0.031460 -0.030587  0.108980
                             1480: -0.035392 -0.033368  0.115791
                             1481: -0.039325 -0.036149  0.122602
                             1482: -0.043257 -0.038929  0.129413
                             1483:  0.031460  0.022245  0.000000
                             1484:  0.027527  0.019465  0.006811
                             1485:  0.023595  0.016684  0.013622
                             1486:  0.019662  0.013903  0.020434
                             1487:  0.015730  0.011123  0.027245
                             1488:  0.011797  0.008342  0.034056
                             1489:  0.007865  0.005561  0.040867
                             1490:  0.003932  0.002781  0.047679
                             1491:  0.000000  0.000000  0.054490
                             1492: -0.003932 -0.002781  0.061301
                             1493: -0.007865 -0.005561  0.068112
                             1494: -0.011797 -0.008342  0.074924
                             1495: -0.015730 -0.011123  0.081735
                             1496: -0.019662 -0.013903  0.088546
                             1497: -0.023595 -0.016684  0.095357
                             1498: -0.027527 -0.019465  0.102168
                             1499: -0.031460 -0.022245  0.108980
                             1500: -0.035392 -0.025026  0.115791
                             1501: -0.039325 -0.027807  0.122602
                             1502: -0.043257 -0.030587  0.129413
                             1503:  0.031460  0.030587  0.000000
                             1504:  0.027527  0.027807  0.006811
                             1505:  0.023595  0.025026  0.013622
                             1506:  0.019662  0.022245  0.020434
                             1507:  0.015730  0.019465  0.027245
                             1508:  0.011797  0.016684  0.034056
                             1509:  0.007865  0.013903  0.040867
                             1510:  0.003932  0.011123  0.047679
                             1511:  0.000000  0.008342  0.054490
                             1512: -0.003932  0.005561  0.061301
                             1513: -0.007865  0.002781  0.068112
                             1514: -0.011797  0.000000  0.074924
                             1515: -0.015730 -0.002781  0.081735
                             1516: -0.019662 -0.005561  0.088546
                             1517: -0.023595 -0.008342  0.095357
                             1518: -0.027527 -0.011123  0.102168
                             1519: -0.031460 -0.013903  0.108980
                             1520: -0.035392 -0.016684  0.115791
                             1521: -0.039325 -0.019465  0.122602
                             1522: -0.043257 -0.022245  0.129413
                             1523:  0.031460  0.038929  0.000000
                             1524:  0.027527  0.036149  0.006811
                             1525:  0.023595  0.033368  0.013622
                             1526:  0.019662  0.030587  0.020434
                             1527:  0.015730  0.027807  0.027245
                             1528:  0.011797  0.025026  0.034056
                             1529:  0.007865  0.022245  0.040867
                             1530:  0.003932  0.019465  0.047679
                             1531:  0.000000  0.016684  0.054490
                             1532: -0.003932  0.013903  0.061301
                             1533: -0.007865  0.011123  0.068112
                             1534: -0.011797  0.008342  0.074924
                             1535: -0.015730  0.005561  0.081735
                             1536: -0.019662  0.002781  0.088546
                             1537: -0.023595  0.000000  0.095357
                             1538: -0.027527 -0.002781  0.102168
                             1539: -0.031460 -0.005561  0.108980
                             1540: -0.035392 -0.008342  0.115791
                             1541: -0.039325 -0.011123  0.122602
                             1542: -0.043257 -0.013903  0.129413
                             1543:  0.031460  0.047271  0.000000
                             1544:  0.027527  0.044491  0.006811
                             1545:  0.023595  0.041710  0.013622
                             1546:  0.019662  0.038929  0.020434
                             1547:  0.015730  0.036149  0.027245
                             1548:  0.011797  0.033368  0.034056
                             1549:  0.007865  0.030587  0.040867
                             1550:  0.003932  0.027807  0.047679
                             1551:  0.000000  0.025026  0.054490
                             1552: -0.003932  0.022245  0.061301
                             1553: -0.007865  0.019465  0.068112
                             1554: -0.011797  0.016684  0.074924
                             1555: -0.015730  0.013903  0.081735
                             1556: -0.019662  0.011123  0.088546
                             1557: -0.023595  0.008342  0.095357
                             1558: -0.027527  0.005561  0.102168
                             1559: -0.031460  0.002781  0.108980
                             1560: -0.035392  0.000000  0.115791
                             1561: -0.039325 -0.002781  0.122602
                             1562: -0.043257 -0.005561  0.129413
                             1563:  0.031460  0.055613  0.000000
                             1564:  0.027527  0.052833  0.006811
                             1565:  0.023595  0.050052  0.013622
                             1566:  0.019662  0.047271  0.020434
                             1567:  0.015730  0.044491  0.027245
                             1568:  0.011797  0.041710  0.034056
                             1569:  0.007865  0.038929  0.040867
                             1570:  0.003932  0.036149  0.047679
                             1571:  0.000000  0.033368  0.054490
                             1572: -0.003932  0.030587  0.061301
                             1573: -0.007865  0.027807  0.068112
                             1574: -0.011797  0.025026  0.074924
                             1575: -0.015730  0.022245  0.081735
                             1576: -0.019662  0.019465  0.088546
                             1577: -0.023595  0.016684  0.095357
                             1578: -0.027527  0.013903  0.102168
                             1579: -0.031460  0.011123  0.108980
                             1580: -0.035392  0.008342  0.115791
                             1581: -0.039325  0.005561  0.122602
                             1582: -0.043257  0.002781  0.129413
                             1583:  0.031460  0.063956  0.000000
                             1584:  0.027527  0.061175  0.006811
                             1585:  0.023595  0.058394  0.013622
                             1586:  0.019662  0.055613  0.020434
                             1587:  0.015730  0.052833  0.027245
                             1588:  0.011797  0.050052  0.034056
                             1589:  0.007865  0.047271  0.040867
                             1590:  0.003932  0.044491  0.047679
                             1591:  0.000000  0.041710  0.054490
                             1592: -0.003932  0.038929  0.061301
                             1593: -0.007865  0.036149  0.068112
                             1594: -0.011797  0.033368  0.074924
                             1595: -0.015730  0.030587  0.081735
                             1596: -0.019662  0.027807  0.088546
                             1597: -0.023595  0.025026  0.095357
                             1598: -0.027527  0.022245  0.102168
                             1599: -0.031460  0.019465  0.108980
                             1600: -0.035392  0.016684  0.115791
                             1601: -0.039325  0.013903  0.122602
                             1602: -0.043257  0.011123  0.129413
                             1603:  0.031460  0.072298  0.000000
                             1604:  0.027527  0.069517  0.006811
                             1605:  0.023595  0.066736  0.013622
                             1606:  0.019662  0.063956  0.020434
                             1607:  0.015730  0.061175  0.027245
                             1608:  0.011797  0.058394  0.034056
                             1609:  0.007865  0.055613  0.040867
                             1610:  0.003932  0.052833  0.047679
                             1611:  0.000000  0.050052  0.054490
                             1612: -0.003932  0.047271  0.061301
                             1613: -0.007865  0.044491  0.068112
                             1614: -0.011797  0.041710  0.074924
                             1615: -0.015730  0.038929  0.081735
                             1616: -0.019662  0.036149  0.088546
                             1617: -0.023595  0.033368  0.095357
                             1618: -0.027527  0.030587  0.102168
                             1619: -0.031460  0.027807  0.108980
                             1620: -0.035392  0.025026  0.115791
                             1621: -0.039325  0.022245  0.122602
                             1622: -0.043257  0.019465  0.129413
                             1623:  0.031460  0.080640  0.000000
                             1624:  0.027527  0.077859  0.006811
                             1625:  0.023595  0.075078  0.013622
                             1626:  0.019662  0.072298  0.020434
                             1627:  0.015730  0.069517  0.027245
                             1628:  0.011797  0.066736  0.034056
                             1629:  0.007865  0.063956  0.040867
                             1630:  0.003932  0.061175  0.047679
                             1631:  0.000000  0.058394  0.054490
                             1632: -0.003932  0.055614  0.061301
                             1633: -0.007865  0.052833  0.068112
                             1634: -0.011797  0.050052  0.074924
                             1635: -0.015730  0.047271  0.081735
                             1636: -0.019662  0.044491  0.088546
                             1637: -0.023595  0.041710  0.095357
                             1638: -0.027527  0.038929  0.102168
                             1639: -0.031460  0.036149  0.108980
                             1640: -0.035392  0.033368  0.115791
                             1641: -0.039325  0.030587  0.122602
                             1642: -0.043257  0.027807  0.129413
                             1643:  0.031460  0.088982  0.000000
                             1644:  0.027527  0.086201  0.006811
                             1645:  0.023595  0.083420  0.013622
                             1646:  0.019662  0.080640  0.020434
                             1647:  0.015730  0.077859  0.027245
                             1648:  0.011797  0.075078  0.034056
                             1649:  0.007865  0.072298  0.040867
                             1650:  0.003932  0.069517  0.047679
                             1651:  0.000000  0.066736  0.054490
                             1652: -0.003932  0.063956  0.061301
                             1653: -0.007865  0.061175  0.068112
                             1654: -0.011797  0.058394  0.074924
                             1655: -0.015730  0.055614  0.081735
                             1656: -0.019662  0.052833  0.088546
                             1657: -0.023595  0.050052  0.095357
                             1658: -0.027527  0.047271  0.102168
                             1659: -0.031460  0.044491  0.108980
                             1660: -0.035392  0.041710  0.115791
                             1661: -0.039325  0.038929  0.122602
                             1662: -0.043257  0.036149  0.129413
                             1663:  0.031460  0.097324  0.000000
                             1664:  0.027527  0.094543  0.006811
                             1665:  0.023595  0.091762  0.013622
                             1666:  0.019662  0.088982  0.020434
                             1667:  0.015730  0.086201  0.027245
                             1668:  0.011797  0.083420  0.034056
                             1669:  0.007865  0.080640  0.040867
                             1670:  0.003932  0.077859  0.047679
                             1671:  0.000000  0.075078  0.054490
                             1672: -0.003932  0.072298  0.061301
                             1673: -0.007865  0.069517  0.068112
                             1674: -0.011797  0.066736  0.074924
                             1675: -0.015730  0.063956  0.081735
                             1676: -0.019662  0.061175  0.088546
                             1677: -0.023595  0.058394  0.095357
                             1678: -0.027527  0.055614  0.102168
                             1679: -0.031460  0.052833  0.108980
                             1680: -0.035392  0.050052  0.115791
                             1681: -0.039325  0.047271  0.122602
                             1682: -0.043257  0.044491  0.129413
                             1683:  0.031460  0.105666  0.000000
                             1684:  0.027527  0.102885  0.006811
                             1685:  0.023595  0.100104  0.013622
                             1686:  0.019662  0.097324  0.020434
                             1687:  0.015730  0.094543  0.027245
                             1688:  0.011797  0.091762  0.034056
                             1689:  0.007865  0.088982  0.040867
                             1690:  0.003932  0.086201  0.047679
                             1691:  0.000000  0.083420  0.054490
                             1692: -0.003932  0.080640  0.061301
                             1693: -0.007865  0.077859  0.068112
                             1694: -0.011797  0.075078  0.074924
                             1695: -0.015730  0.072298  0.081735
                             1696: -0.019662  0.069517  0.088546
                             1697: -0.023595  0.066736  0.095357
                             1698: -0.027527  0.063956  0.102168
                             1699: -0.031460  0.061175  0.108980
                             1700: -0.035392  0.058394  0.115791
                             1701: -0.039325  0.055614  0.122602
                             1702: -0.043257  0.052833  0.129413
                             1703:  0.031460  0.114008  0.000000
                             1704:  0.027527  0.111227  0.006811
                             1705:  0.023595  0.108446  0.013622
                             1706:  0.019662  0.105666  0.020434
                             1707:  0.015730  0.102885  0.027245
                             1708:  0.011797  0.100104  0.034056
                             1709:  0.007865  0.097324  0.040867
                             1710:  0.003932  0.094543  0.047679
                             1711:  0.000000  0.091762  0.054490
                             1712: -0.003932  0.088982  0.061301
                             1713: -0.007865  0.086201  0.068112
                             1714: -0.011797  0.083420  0.074924
                             1715: -0.015730  0.080640  0.081735
                             1716: -0.019662  0.077859  0.088546
                             1717: -0.023595  0.075078  0.095357
                             1718: -0.027527  0.072298  0.102168
                             1719: -0.031460  0.069517  0.108980
                             1720: -0.035392  0.066736  0.115791
                             1721: -0.039325  0.063956  0.122602
                             1722: -0.043257  0.061175  0.129413
                             1723:  0.031460  0.122350  0.000000
                             1724:  0.027527  0.119569  0.006811
                             1725:  0.023595  0.116788  0.013622
                             1726:  0.019662  0.114008  0.020434
                             1727:  0.015730  0.111227  0.027245
                             1728:  0.011797  0.108446  0.034056
                             1729:  0.007865  0.105666  0.040867
                             1730:  0.003932  0.102885  0.047679
                             1731:  0.000000  0.100104  0.054490
                             1732: -0.003932  0.097324  0.061301
                             1733: -0.007865  0.094543  0.068112
                             1734: -0.011797  0.091762  0.074924
                             1735: -0.015730  0.088982  0.081735
                             1736: -0.019662  0.086201  0.088546
                             1737: -0.023595  0.083420  0.095357
                             1738: -0.027527  0.080640  0.102168
                             1739: -0.031460  0.077859  0.108980
                             1740: -0.035392  0.075078  0.115791
                             1741: -0.039325  0.072298  0.122602
                             1742: -0.043257  0.069517  0.129413
                             1743:  0.031460  0.130692  0.000000
                             1744:  0.027527  0.127911  0.006811
                             1745:  0.023595  0.125130  0.013622
                             1746:  0.019662  0.122350  0.020434
                             1747:  0.015730  0.119569  0.027245
                             1748:  0.011797  0.116788  0.034056
                             1749:  0.007865  0.114008  0.040867
                             1750:  0.003932  0.111227  0.047679
                             1751:  0.000000  0.108446  0.054490
                             1752: -0.003932  0.105666  0.061301
                             1753: -0.007865  0.102885  0.068112
                             1754: -0.011797  0.100104  0.074924
                             1755: -0.015730  0.097324  0.081735
                             1756: -0.019662  0.094543  0.088546
                             1757: -0.023595  0.091762  0.095357
                             1758: -0.027527  0.088982  0.102168
                             1759: -0.031460  0.086201  0.108980
                             1760: -0.035392  0.083420  0.115791
                             1761: -0.039325  0.080640  0.122602
                             1762: -0.043257  0.077859  0.129413
                             1763:  0.031460  0.139034  0.000000
                             1764:  0.027527  0.136253  0.006811
                             1765:  0.023595  0.133472  0.013622
                             1766:  0.019662  0.130692  0.020434
                             1767:  0.015730  0.127911  0.027245
                             1768:  0.011797  0.125130  0.034056
                             1769:  0.007865  0.122350  0.040867
                             1770:  0.003932  0.119569  0.047679
                             1771:  0.000000  0.116788  0.054490
                             1772: -0.003932  0.114008  0.061301
                             1773: -0.007865  0.111227  0.068112
                             1774: -0.011797  0.108446  0.074924
                             1775: -0.015730  0.105666  0.081735
                             1776: -0.019662  0.102885  0.088546
                             1777: -0.023595  0.100104  0.095357
                             1778: -0.027527  0.097324  0.102168
                             1779: -0.031460  0.094543  0.108980
                             1780: -0.035392  0.091762  0.115791
                             1781: -0.039325  0.088982  0.122602
                             1782: -0.043257  0.086201  0.129413
                             1783:  0.031460  0.147376  0.000000
                             1784:  0.027527  0.144595  0.006811
                             1785:  0.023595  0.141814  0.013622
                             1786:  0.019662  0.139034  0.020434
                             1787:  0.015730  0.136253  0.027245
                             1788:  0.011797  0.133472  0.034056
                             1789:  0.007865  0.130692  0.040867
                             1790:  0.003932  0.127911  0.047679
                             1791:  0.000000  0.125130  0.054490
                             1792: -0.003932  0.122350  0.061301
                             1793: -0.007865  0.119569  0.068112
                             1794: -0.011797  0.116788  0.074924
                             1795: -0.015730  0.114008  0.081735
                             1796: -0.019662  0.111227  0.088546
                             1797: -0.023595  0.108446  0.095357
                             1798: -0.027527  0.105666  0.102168
                             1799: -0.031460  0.102885  0.108980
                             1800: -0.035392  0.100104  0.115791
                             1801: -0.039325  0.097324  0.122602
                             1802: -0.043257  0.094543  0.129413
                             1803:  0.039325 -0.013903  0.000000
                             1804:  0.035392 -0.016684  0.006811
                             1805:  0.031460 -0.019465  0.013622
                             1806:  0.027527 -0.022245  0.020434
                             1807:  0.023595 -0.025026  0.027245
                             1808:  0.019662 -0.027807  0.034056
                             1809:  0.015730 -0.030587  0.040867
                             1810:  0.011797 -0.033368  0.047679
                             1811:  0.007865 -0.036149  0.054490
                             1812:  0.003932 -0.038929  0.061301
                             1813:  0.000000 -0.041710  0.068112
                             1814: -0.003932 -0.044491  0.074924
                             1815: -0.007865 -0.047271  0.081735
                             1816: -0.011797 -0.050052  0.088546
                             1817: -0.015730 -0.052833  0.095357
                             1818: -0.019662 -0.055613  0.102168
                             1819: -0.023595 -0.058394  0.108980
                             1820: -0.027527 -0.061175  0.115791
                             1821: -0.031460 -0.063955  0.122602
                             1822: -0.035392 -0.066736  0.129413
                             1823:  0.039325 -0.005561  0.000000
                             1824:  0.035392 -0.008342  0.006811
                             1825:  0.031460 -0.011123  0.013622
                             1826:  0.027527 -0.013903  0.020434
                             1827:  0.023595 -0.016684  0.027245
                             1828:  0.019662 -0.019465  0.034056
                             1829:  0.015730 -0.022245  0.040867
                             1830:  0.011797 -0.025026  0.047679
                             1831:  0.007865 -0.027807  0.054490
                             1832:  0.003932 -0.030587  0.061301
                             1833:  0.000000 -0.033368  0.068112
                             1834: -0.003932 -0.036149  0.074924
                             1835: -0.007865 -0.038929  0.081735
                             1836: -0.011797 -0.041710  0.088546
                             1837: -0.015730 -0.044491  0.095357
                             1838: -0.019662 -0.047271  0.102168
                             1839: -0.023595 -0.050052  0.108980
                             1840: -0.027527 -0.052833  0.115791
                             1841: -0.031460 -0.055613  0.122602
                             1842: -0.035392 -0.058394  0.129413
                             1843:  0.039325  0.002781  0.000000
                             1844:  0.035392  0.000000  0.006811
                             1845:  0.031460 -0.002781  0.013622
                             1846:  0.027527 -0.005561  0.020434
                             1847:  0.023595 -0.008342  0.027245
                             1848:  0.019662 -0.011123  0.034056
                             1849:  0.015730 -0.013903  0.040867
                             1850:  0.011797 -0.016684  0.047679
                             1851:  0.007865 -0.019465  0.054490
                             1852:  0.003932 -0.022245  0.061301
                             1853:  0.000000 -0.025026  0.068112
                             1854: -0.003932 -0.027807  0.074924
                             1855: -0.007865 -0.030587  0.081735
                             1856: -0.011797 -0.033368  0.088546
                             1857: -0.015730 -0.036149  0.095357
                             1858: -0.019662 -0.038929  0.102168
                             1859: -0.023595 -0.041710  0.108980
                             1860: -0.027527 -0.044491  0.115791
                             1861: -0.031460 -0.047271  0.122602
                             1862: -0.035392 -0.050052  0.129413
                             1863:  0.039325  0.011123  0.000000
                             1864:  0.035392  0.008342  0.006811
                             1865:  0.031460  0.005561  0.013622
                             1866:  0.027527  0.002781  0.020434
                             1867:  0.023595  0.000000  0.027245
                             1868:  0.019662 -0.002781  0.034056
                             1869:  0.015730 -0.005561  0.040867
                             1870:  0.011797 -0.008342  0.047679
                             1871:  0.007865 -0.011123  0.054490
                             1872:  0.003932 -0.013903  0.061301
                             1873:  0.000000 -0.016684  0.068112
                             1874: -0.003932 -0.019465  0.074924
                             1875: -0.007865 -0.022245  0.081735
                             1876: -0.011797 -0.025026  0.088546
                             1877: -0.015730 -0.027807  0.095357
                             1878: -0.019662 -0.030587  0.102168
                             1879: -0.023595 -0.033368  0.108980
                             1880: -0.027527 -0.036149  0.115791
                             1881: -0.031460 -0.038929  0.122602
                             1882: -0.035392 -0.041710  0.129413
                             1883:  0.039325  0.019465  0.000000
                             1884:  0.035392  0.016684  0.006811
                             1885:  0.031460  0.013903  0.013622
                             1886:  0.027527  0.011123  0.020434
                             1887:  0.023595  0.008342  0.027245
                             1888:  0.019662  0.005561  0.034056
                             1889:  0.015730  0.002781  0.040867
                             1890:  0.011797  0.000000  0.047679
                             1891:  0.007865 -0.002781  0.054490
                             1892:  0.003932 -0.005561  0.061301
                             1893:  0.000000 -0.008342  0.068112
                             1894: -0.003932 -0.011123  0.074924
                             1895: -0.007865 -0.013903  0.081735
                             1896: -0.011797 -0.016684  0.088546
                             1897: -0.015730 -0.019465  0.095357
                             1898: -0.019662 -0.022245  0.102168
                             1899: -0.023595 -0.025026  0.108980
                             1900: -0.027527 -0.027807  0.115791
                             1901: -0.031460 -0.030587  0.122602
                             1902: -0.035392 -0.033368  0.129413
                             1903:  0.039325  0.027807  0.000000
                             1904:  0.035392  0.025026  0.006811
                             1905:  0.031460  0.022245  0.013622
                             1906:  0.027527  0.019465  0.020434
                             1907:  0.023595  0.016684  0.027245
                             1908:  0.019662  0.013903  0.034056
                             1909:  0.015730  0.011123  0.040867
                             1910:  0.011797  0.008342  0.047679
                             1911:  0.007865  0.005561  0.054490
                             1912:  0.003932  0.002781  0.061301
                             1913:  0.000000  0.000000  0.068112
                             1914: -0.003932 -0.002781  0.074924
                             1915: -0.007865 -0.005561  0.081735
                             1916: -0.011797 -0.008342  0.088546
                             1917: -0.015730 -0.011123  0.095357
                             1918: -0.019662 -0.013903  0.102168
                             1919: -0.023595 -0.016684  0.108980
                             1920: -0.027527 -0.019465  0.115791
                             1921: -0.031460 -0.022245  0.122602
                             1922: -0.035392 -0.025026  0.129413
                             1923:  0.039325  0.036149  0.000000
                             1924:  0.035392  0.033368  0.006811
                             1925:  0.031460  0.030587  0.013622
                             1926:  0.027527  0.027807  0.020434
                             1927:  0.023595  0.025026  0.027245
                             1928:  0.019662  0.022245  0.034056
                             1929:  0.015730  0.019465  0.040867
                             1930:  0.011797  0.016684  0.047679
                             1931:  0.007865  0.013903  0.054490
                             1932:  0.003932  0.011123  0.061301
                             1933:  0.000000  0.008342  0.068112
                             1934: -0.003932  0.005561  0.074924
                             1935: -0.007865  0.002781  0.081735
                             1936: -0.011797  0.000000  0.088546
                             1937: -0.015730 -0.002781  0.095357
                             1938: -0.019662 -0.005561  0.102168
                             1939: -0.023595 -0.008342  0.108980
                             1940: -0.027527 -0.011123  0.115791
                             1941: -0.031460 -0.013903  0.122602
                             1942: -0.035392 -0.016684  0.129413
                             1943:  0.039325  0.044491  0.000000
                             1944:  0.035392  0.041710  0.006811
                             1945:  0.031460  0.038929  0.013622
                             1946:  0.027527  0.036149  0.020434
                             1947:  0.023595  0.033368  0.027245
                             1948:  0.019662  0.030587  0.034056
                             1949:  0.015730  0.027807  0.040867
                             1950:  0.011797  0.025026  0.047679
                             1951:  0.007865  0.022245  0.054490
                             1952:  0.003932  0.019465  0.061301
                             1953:  0.000000  0.016684  0.068112
                             1954: -0.003932  0.013903  0.074924
                             1955: -0.007865  0.011123  0.081735
                             1956: -0.011797  0.008342  0.088546
                             1957: -0.015730  0.005561  0.095357
                             1958: -0.019662  0.002781  0.102168
                             1959: -0.023595  0.000000  0.108980
                             1960: -0.027527 -0.002781  0.115791
                             1961: -0.031460 -0.005561  0.122602
                             1962: -0.035392 -0.008342  0.129413
                             1963:  0.039325  0.052833  0.000000
                             1964:  0.035392  0.050052  0.006811
                             1965:  0.031460  0.047271  0.013622
                             1966:  0.027527  0.044491  0.020434
                             1967:  0.023595  0.041710  0.027245
                             1968:  0.019662  0.038929  0.034056
                             1969:  0.015730  0.036149  0.040867
                             1970:  0.011797  0.033368  0.047679
                             1971:  0.007865  0.030587  0.054490
                             1972:  0.003932  0.027807  0.061301
                             1973:  0.000000  0.025026  0.068112
                             1974: -0.003932  0.022245  0.074924
                             1975: -0.007865  0.019465  0.081735
                             1976: -0.011797  0.016684  0.088546
                             1977: -0.015730  0.013903  0.095357
                             1978: -0.019662  0.011123  0.102168
                             1979: -0.023595  0.008342  0.108980
                             1980: -0.027527  0.005561  0.115791
                             1981: -0.031460  0.002781  0.122602
                             1982: -0.035392  0.000000  0.129413
                             1983:  0.039325  0.061175  0.000000
                             1984:  0.035392  0.058394  0.006811
                             1985:  0.031460  0.055613  0.013622
                             1986:  0.027527  0.052833  0.020434
                             1987:  0.023595  0.050052  0.027245
                             1988:  0.019662  0.047271  0.034056
                             1989:  0.015730  0.044491  0.040867
                             1990:  0.011797  0.041710  0.047679
                             1991:  0.007865  0.038929  0.054490
                             1992:  0.003932  0.036149  0.061301
                             1993:  0.000000  0.033368  0.068112
                             1994: -0.003932  0.030587  0.074924
                             1995: -0.007865  0.027807  0.081735
                             1996: -0.011797  0.025026  0.088546
                             1997: -0.015730  0.022245  0.095357
                             1998: -0.019662  0.019465  0.102168
                             1999: -0.023595  0.016684  0.108980
                             2000: -0.027527  0.013903  0.115791
                             2001: -0.031460  0.011123  0.122602
                             2002: -0.035392  0.008342  0.129413
                             2003:  0.039325  0.069517  0.000000
                             2004:  0.035392  0.066736  0.006811
                             2005:  0.031460  0.063956  0.013622
                             2006:  0.027527  0.061175  0.020434
                             2007:  0.023595  0.058394  0.027245
                             2008:  0.019662  0.055613  0.034056
                             2009:  0.015730  0.052833  0.040867
                             2010:  0.011797  0.050052  0.047679
                             2011:  0.007865  0.047271  0.054490
                             2012:  0.003932  0.044491  0.061301
                             2013:  0.000000  0.041710  0.068112
                             2014: -0.003932  0.038929  0.074924
                             2015: -0.007865  0.036149  0.081735
                             2016: -0.011797  0.033368  0.088546
                             2017: -0.015730  0.030587  0.095357
                             2018: -0.019662  0.027807  0.102168
                             2019: -0.023595  0.025026  0.108980
                             2020: -0.027527  0.022245  0.115791
                             2021: -0.031460  0.019465  0.122602
                             2022: -0.035392  0.016684  0.129413
                             2023:  0.039325  0.077859  0.000000
                             2024:  0.035392  0.075078  0.006811
                             2025:  0.031460  0.072298  0.013622
                             2026:  0.027527  0.069517  0.020434
                             2027:  0.023595  0.066736  0.027245
                             2028:  0.019662  0.063956  0.034056
                             2029:  0.015730  0.061175  0.040867
                             2030:  0.011797  0.058394  0.047679
                             2031:  0.007865  0.055614  0.054490
                             2032:  0.003932  0.052833  0.061301
                             2033:  0.000000  0.050052  0.068112
                             2034: -0.003932  0.047271  0.074924
                             2035: -0.007865  0.044491  0.081735
                             2036: -0.011797  0.041710  0.088546
                             2037: -0.015730  0.038929  0.095357
                             2038: -0.019662  0.036149  0.102168
                             2039: -0.023595  0.033368  0.108980
                             2040: -0.027527  0.030587  0.115791
                             2041: -0.031460  0.027807  0.122602
                             2042: -0.035392  0.025026  0.129413
                             2043:  0.039325  0.086201  0.000000
                             2044:  0.035392  0.083420  0.006811
                             2045:  0.031460  0.080640  0.013622
                             2046:  0.027527  0.077859  0.020434
                             2047:  0.023595  0.075078  0.027245
                             2048:  0.019662  0.072298  0.034056
                             2049:  0.015730  0.069517  0.040867
                             2050:  0.011797  0.066736  0.047679
                             2051:  0.007865  0.063956  0.054490
                             2052:  0.003932  0.061175  0.061301
                             2053:  0.000000  0.058394  0.068112
                             2054: -0.003932  0.055614  0.074924
                             2055: -0.007865  0.052833  0.081735
                             2056: -0.011797  0.050052  0.088546
                             2057: -0.015730  0.047271  0.095357
                             2058: -0.019662  0.044491  0.102168
                             2059: -0.023595  0.041710  0.108980
                             2060: -0.027527  0.038929  0.115791
                             2061: -0.031460  0.036149  0.122602
                             2062: -0.035392  0.033368  0.129413
                             2063:  0.039325  0.094543  0.000000
                             2064:  0.035392  0.091762  0.006811
                             2065:  0.031460  0.088982  0.013622
                             2066:  0.027527  0.086201  0.020434
                             2067:  0.023595  0.083420  0.027245
                             2068:  0.019662  0.080640  0.034056
                             2069:  0.015730  0.077859  0.040867
                             2070:  0.011797  0.075078  0.047679
                             2071:  0.007865  0.072298  0.054490
                             2072:  0.003932  0.069517  0.061301
                             2073:  0.000000  0.066736  0.068112
                             2074: -0.003932  0.063956  0.074924
                             2075: -0.007865  0.061175  0.081735
                             2076: -0.011797  0.058394  0.088546
                             2077: -0.015730  0.055614  0.095357
                             2078: -0.019662  0.052833  0.102168
                             2079: -0.023595  0.050052  0.108980
                             2080: -0.027527  0.047271  0.115791
                             2081: -0.031460  0.044491  0.122602
                             2082: -0.035392  0.041710  0.129413
                             2083:  0.039325  0.102885  0.000000
                             2084:  0.035392  0.100104  0.006811
                             2085:  0.031460  0.097324  0.013622
                             2086:  0.027527  0.094543  0.020434
                             2087:  0.023595  0.091762  0.027245
                             2088:  0.019662  0.088982  0.034056
                             2089:  0.015730  0.086201  0.040867
                             2090:  0.011797  0.083420  0.047679
                             2091:  0.007865  0.080640  0.054490
                             2092:  0.003932  0.077859  0.061301
                             2093:  0.000000  0.075078  0.068112
                             2094: -0.003932  0.072298  0.074924
                             2095: -0.007865  0.069517  0.081735
                             2096: -0.011797  0.066736  0.088546
                             2097: -0.015730  0.063956  0.095357
                             2098: -0.019662  0.061175  0.102168
                             2099: -0.023595  0.058394  0.108980
                             2100: -0.027527  0.055614  0.115791
                             2101: -0.031460  0.052833  0.122602
                             2102: -0.035392  0.050052  0.129413
                             2103:  0.039325  0.111227  0.000000
                             2104:  0.035392  0.108446  0.006811
                             2105:  0.031460  0.105666  0.013622
                             2106:  0.027527  0.102885  0.020434
                             2107:  0.023595  0.100104  0.027245
                             2108:  0.019662  0.097324  0.034056
                             2109:  0.015730  0.094543  0.040867
                             2110:  0.011797  0.091762  0.047679
                             2111:  0.007865  0.088982  0.054490
                             2112:  0.003932  0.086201  0.061301
                             2113:  0.000000  0.083420  0.068112
                             2114: -0.003932  0.080640  0.074924
                             2115: -0.007865  0.077859  0.081735
                             2116: -0.011797  0.075078  0.088546
                             2117: -0.015730  0.072298  0.095357
                             2118: -0.019662  0.069517  0.102168
                             2119: -0.023595  0.066736  0.108980
                             2120: -0.027527  0.063956  0.115791
                             2121: -0.031460  0.061175  0.122602
                             2122: -0.035392  0.058394  0.129413
                             2123:  0.039325  0.119569  0.000000
                             2124:  0.035392  0.116788  0.006811
                             2125:  0.031460  0.114008  0.013622
                             2126:  0.027527  0.111227  0.020434
                             2127:  0.023595  0.108446  0.027245
                             2128:  0.019662  0.105666  0.034056
                             2129:  0.015730  0.102885  0.040867
                             2130:  0.011797  0.100104  0.047679
                             2131:  0.007865  0.097324  0.054490
                             2132:  0.003932  0.094543  0.061301
                             2133:  0.000000  0.091762  0.068112
                             2134: -0.003932  0.088982  0.074924
                             2135: -0.007865  0.086201  0.081735
                             2136: -0.011797  0.083420  0.088546
                             2137: -0.015730  0.080640  0.095357
                             2138: -0.019662  0.077859  0.102168
                             2139: -0.023595  0.075078  0.108980
                             2140: -0.027527  0.072298  0.115791
                             2141: -0.031460  0.069517  0.122602
                             2142: -0.035392  0.066736  0.129413
                             2143:  0.039325  0.127911  0.000000
                             2144:  0.035392  0.125130  0.006811
                             2145:  0.031460  0.122350  0.013622
                             2146:  0.027527  0.119569  0.020434
                             2147:  0.023595  0.116788  0.027245
                             2148:  0.019662  0.114008  0.034056
                             2149:  0.015730  0.111227  0.040867
                             2150:  0.011797  0.108446  0.047679
                             2151:  0.007865  0.105666  0.054490
                             2152:  0.003932  0.102885  0.061301
                             2153:  0.000000  0.100104  0.068112
                             2154: -0.003932  0.097324  0.074924
                             2155: -0.007865  0.094543  0.081735
                             2156: -0.011797  0.091762  0.088546
                             2157: -0.015730  0.088982  0.095357
                             2158: -0.019662  0.086201  0.102168
                             2159: -0.023595  0.083420  0.108980
                             2160: -0.027527  0.080640  0.115791
                             2161: -0.031460  0.077859  0.122602
                             2162: -0.035392  0.075078  0.129413
                             2163:  0.039325  0.136253  0.000000
                             2164:  0.035392  0.133472  0.006811
                             2165:  0.031460  0.130692  0.013622
                             2166:  0.027527  0.127911  0.020434
                             2167:  0.023595  0.125130  0.027245
                             2168:  0.019662  0.122350  0.034056
                             2169:  0.015730  0.119569  0.040867
                             2170:  0.011797  0.116788  0.047679
                             2171:  0.007865  0.114008  0.054490
                             2172:  0.003932  0.111227  0.061301
                             2173:  0.000000  0.108446  0.068112
                             2174: -0.003932  0.105666  0.074924
                             2175: -0.007865  0.102885  0.081735
                             2176: -0.011797  0.100104  0.088546
                             2177: -0.015730  0.097324  0.095357
                             2178: -0.019662  0.094543  0.102168
                             2179: -0.023595  0.091762  0.108980
                             2180: -0.027527  0.088982  0.115791
                             2181: -0.031460  0.086201  0.122602
                             2182: -0.035392  0.083420  0.129413
                             2183:  0.039325  0.144595  0.000000
                             2184:  0.035392  0.141814  0.006811
                             2185:  0.031460  0.139034  0.013622
                             2186:  0.027527  0.136253  0.020434
                             2187:  0.023595  0.133472  0.027245
                             2188:  0.019662  0.130692  0.034056
                             2189:  0.015730  0.127911  0.040867
                             2190:  0.011797  0.125130  0.047679
                             2191:  0.007865  0.122350  0.054490
                             2192:  0.003932  0.119569  0.061301
                             2193:  0.000000  0.116788  0.068112
                             2194: -0.003932  0.114008  0.074924
                             2195: -0.007865  0.111227  0.081735
                             2196: -0.011797  0.108446  0.088546
                             2197: -0.015730  0.105666  0.095357
                             2198: -0.019662  0.102885  0.102168
                             2199: -0.023595  0.100104  0.108980
                             2200: -0.027527  0.097324  0.115791
                             2201: -0.031460  0.094543  0.122602
                             2202: -0.035392  0.091762  0.129413
                             2203:  0.047190 -0.016684  0.000000
                             2204:  0.043257 -0.019465  0.006811
                             2205:  0.039325 -0.022245  0.013622
                             2206:  0.035392 -0.025026  0.020434
                             2207:  0.031460 -0.027807  0.027245
                             2208:  0.027527 -0.030587  0.034056
                             2209:  0.023595 -0.033368  0.040867
                             2210:  0.019662 -0.036149  0.047679
                             2211:  0.015730 -0.038929  0.054490
                             2212:  0.011797 -0.041710  0.061301
                             2213:  0.007865 -0.044491  0.068112
                             2214:  0.003932 -0.047271  0.074924
                             2215:  0.000000 -0.050052  0.081735
                             2216: -0.003932 -0.052833  0.088546
                             2217: -0.007865 -0.055613  0.095357
                             2218: -0.011797 -0.058394  0.102168
                             2219: -0.015730 -0.061175  0.108980
                             2220: -0.019662 -0.063955  0.115791
                             2221: -0.023595 -0.066736  0.122602
                             2222: -0.027527 -0.069517  0.129413
                             2223:  0.047190 -0.008342  0.000000
                             2224:  0.043257 -0.011123  0.006811
                             2225:  0.039325 -0.013903  0.013622
                             2226:  0.035392 -0.016684  0.020434
                             2227:  0.031460 -0.019465  0.027245
                             2228:  0.027527 -0.022245  0.034056
                             2229:  0.023595 -0.025026  0.040867
                             2230:  0.019662 -0.027807  0.047679
                             2231:  0.015730 -0.030587  0.054490
                             2232:  0.011797 -0.033368  0.061301
                             2233:  0.007865 -0.036149  0.068112
                             2234:  0.003932 -0.038929  0.074924
                             2235:  0.000000 -0.041710  0.081735
                             2236: -0.003932 -0.044491  0.088546
                             2237: -0.007865 -0.047271  0.095357
                             2238: -0.011797 -0.050052  0.102168
                             2239: -0.015730 -0.052833  0.108980
                             2240: -0.019662 -0.055613  0.115791
                             2241: -0.023595 -0.058394  0.122602
                             2242: -0.027527 -0.061175  0.129413
                             2243:  0.047190 -0.000000  0.000000
                             2244:  0.043257 -0.002781  0.006811
                             2245:  0.039325 -0.005561  0.013622
                             2246:  0.035392 -0.008342  0.020434
                             2247:  0.031460 -0.011123  0.027245
                             2248:  0.027527 -0.013903  0.034056
                             2249:  0.023595 -0.016684  0.040867
                             2250:  0.019662 -0.019465  0.047679
                             2251:  0.015730 -0.022245  0.054490
                             2252:  0.011797 -0.025026  0.061301
                             2253:  0.007865 -0.027807  0.068112
                             2254:  0.003932 -0.030587  0.074924
                             2255:  0.000000 -0.033368  0.081735
                             2256: -0.003932 -0.036149  0.088546
                             2257: -0.007865 -0.038929  0.095357
                             2258: -0.011797 -0.041710  0.102168
                             2259: -0.015730 -0.044491  0.108980
                             2260: -0.019662 -0.047271  0.115791
                             2261: -0.023595 -0.050052  0.122602
                             2262: -0.027527 -0.052833  0.129413
                             2263:  0.047190  0.008342  0.000000
                             2264:  0.043257  0.005561  0.006811
                             2265:  0.039325  0.002781  0.013622
                             2266:  0.035392  0.000000  0.020434
                             2267:  0.031460 -0.002781  0.027245
                             2268:  0.027527 -0.005561  0.034056
                             2269:  0.023595 -0.008342  0.040867
                             2270:  0.019662 -0.011123  0.047679
                             2271:  0.015730 -0.013903  0.054490
                             2272:  0.011797 -0.016684  0.061301
                             2273:  0.007865 -0.019465  0.068112
                             2274:  0.003932 -0.022245  0.074924
                             2275:  0.000000 -0.025026  0.081735
                             2276: -0.003932 -0.027807  0.088546
                             2277: -0.007865 -0.030587  0.095357
                             2278: -0.011797 -0.033368  0.102168
                             2279: -0.015730 -0.036149  0.108980
                             2280: -0.019662 -0.038929  0.115791
                             2281: -0.023595 -0.041710  0.122602
                             2282: -0.027527 -0.044491  0.129413
                             2283:  0.047190  0.016684  0.000000
                             2284:  0.043257  0.013903  0.006811
                             2285:  0.039325  0.011123  0.013622
                             2286:  0.035392  0.008342  0.020434
                             2287:  0.031460  0.005561  0.027245
                             2288:  0.027527  0.002781  0.034056
                             2289:  0.023595  0.000000  0.040867
                             2290:  0.019662 -0.002781  0.047679
                             2291:  0.015730 -0.005561  0.054490
                             2292:  0.011797 -0.008342  0.061301
                             2293:  0.007865 -0.011123  0.068112
                             2294:  0.003932 -0.013903  0.074924
                             2295:  0.000000 -0.016684  0.081735
                             2296: -0.003932 -0.019465  0.088546
                             2297: -0.007865 -0.022245  0.095357
                             2298: -0.011797 -0.025026  0.102168
                             2299: -0.015730 -0.027807  0.108980
                             2300: -0.019662 -0.030587  0.115791
                             2301: -0.023595 -0.033368  0.122602
                             2302: -0.027527 -0.036149  0.129413
                             2303:  0.047190  0.025026  0.000000
                             2304:  0.043257  0.022245  0.006811
                             2305:  0.039325  0.019465  0.013622
                             2306:  0.035392  0.016684  0.020434
                             2307:  0.031460  0.013903  0.027245
                             2308:  0.027527  0.011123  0.034056
                             2309:  0.023595  0.008342  0.040867
                             2310:  0.019662  0.005561  0.047679
                             2311:  0.015730  0.002781  0.054490
                             2312:  0.011797  0.000000  0.061301
                             2313:  0.007865 -0.002781  0.068112
                             2314:  0.003932 -0.005561  0.074924
                             2315:  0.000000 -0.008342  0.081735
                             2316: -0.003932 -0.011123  0.088546
                             2317: -0.007865 -0.013903  0.095357
                             2318: -0.011797 -0.016684  0.102168
                             2319: -0.015730 -0.019465  0.108980
                             2320: -0.019662 -0.022245  0.115791
                             2321: -0.023595 -0.025026  0.122602
                             2322: -0.027527 -0.027807  0.129413
                             2323:  0.047190  0.033368  0.000000
                             2324:  0.043257  0.030587  0.006811
                             2325:  0.039325  0.027807  0.013622
                             2326:  0.035392  0.025026  0.020434
                             2327:  0.031460  0.022245  0.027245
                             2328:  0.027527  0.019465  0.034056
                             2329:  0.023595  0.016684  0.040867
                             2330:  0.019662  0.013903  0.047679
                             2331:  0.015730  0.011123  0.054490
                             2332:  0.011797  0.008342  0.061301
                             2333:  0.007865  0.005561  0.068112
                             2334:  0.003932  0.002781  0.074924
                             2335:  0.000000  0.000000  0.081735
                             2336: -0.003932 -0.002781  0.088546
                             2337: -0.007865 -0.005561  0.095357
                             2338: -0.011797 -0.008342  0.102168
                             2339: -0.015730 -0.011123  0.108980
                             2340: -0.019662 -0.013903  0.115791
                             2341: -0.023595 -0.016684  0.122602
                             2342: -0.027527 -0.019465  0.129413
                             2343:  0.047190  0.041710  0.000000
                             2344:  0.043257  0.038929  0.006811
                             2345:  0.039325  0.036149  0.013622
                             2346:  0.035392  0.033368  0.020434
                             2347:  0.031460  0.030587  0.027245
                             2348:  0.027527  0.027807  0.034056
                             2349:  0.023595  0.025026  0.040867
                             2350:  0.019662  0.022245  0.047679
                             2351:  0.015730  0.019465  0.054490
                             2352:  0.011797  0.016684  0.061301
                             2353:  0.007865  0.013903  0.068112
                             2354:  0.003932  0.011123  0.074924
                             2355:  0.000000  0.008342  0.081735
                             2356: -0.003932  0.005561  0.088546
                             2357: -0.007865  0.002781  0.095357
                             2358: -0.011797  0.000000  0.102168
                             2359: -0.015730 -0.002781  0.108980
                             2360: -0.019662 -0.005561  0.115791
                             2361: -0.023595 -0.008342  0.122602
                             2362: -0.027527 -0.011123  0.129413
                             2363:  0.047190  0.050052  0.000000
                             2364:  0.043257  0.047271  0.006811
                             2365:  0.039325  0.044491  0.013622
                             2366:  0.035392  0.041710  0.020434
                             2367:  0.031460  0.038929  0.027245
                             2368:  0.027527  0.036149  0.034056
                             2369:  0.023595  0.033368  0.040867
                             2370:  0.019662  0.030587  0.047679
                             2371:  0.015730  0.027807  0.054490
                             2372:  0.011797  0.025026  0.061301
                             2373:  0.007865  0.022245  0.068112
                             2374:  0.003932  0.019465  0.074924
                             2375:  0.000000  0.016684  0.081735
                             2376: -0.003932  0.013903  0.088546
                             2377: -0.007865  0.011123  0.095357
                             2378: -0.011797  0.008342  0.102168
                             2379: -0.015730  0.005561  0.108980
                             2380: -0.019662  0.002781  0.115791
                             2381: -0.023595  0.000000  0.122602
                             2382: -0.027527 -0.002781  0.129413
                             2383:  0.047190  0.058394  0.000000
                             2384:  0.043257  0.055613  0.006811
                             2385:  0.039325  0.052833  0.013622
                             2386:  0.035392  0.050052  0.020434
                             2387:  0.031460  0.047271  0.027245
                             2388:  0.027527  0.044491  0.034056
                             2389:  0.023595  0.041710  0.040867
                             2390:  0.019662  0.038929  0.047679
                             2391:  0.015730  0.036149  0.054490
                             2392:  0.011797  0.033368  0.061301
                             2393:  0.007865  0.030587  0.068112
                             2394:  0.003932  0.027807  0.074924
                             2395:  0.000000  0.025026  0.081735
                             2396: -0.003932  0.022245  0.088546
                             2397: -0.007865  0.019465  0.095357
                             2398: -0.011797  0.016684  0.102168
                             2399: -0.015730  0.013903  0.108980
                             2400: -0.019662  0.011123  0.115791
                             2401: -0.023595  0.008342  0.122602
                             2402: -0.027527  0.005561  0.129413
                             2403:  0.047190  0.066736  0.000000
                             2404:  0.043257  0.063956  0.006811
                             2405:  0.039325  0.061175  0.013622
                             2406:  0.035392  0.058394  0.020434
                             2407:  0.031460  0.055613  0.027245
                             2408:  0.027527  0.052833  0.034056
                             2409:  0.023595  0.050052  0.040867
                             2410:  0.019662  0.047271  0.047679
                             2411:  0.015730  0.044491  0.054490
                             2412:  0.011797  0.041710  0.061301
                             2413:  0.007865  0.038929  0.068112
                             2414:  0.003932  0.036149  0.074924
                             2415:  0.000000  0.033368  0.081735
                             2416: -0.003932  0.030587  0.088546
                             2417: -0.007865  0.027807  0.095357
                             2418: -0.011797  0.025026  0.102168
                             2419: -0.015730  0.022245  0.108980
                             2420: -0.019662  0.019465  0.115791
                             2421: -0.023595  0.016684  0.122602
                             2422: -0.027527  0.013903  0.129413
                             2423:  0.047190  0.075078  0.000000
                             2424:  0.043257  0.072298  0.006811
                             2425:  0.039325  0.069517  0.013622
                             2426:  0.035392  0.066736  0.020434
                             2427:  0.031460  0.063956  0.027245
                             2428:  0.027527  0.061175  0.034056
                             2429:  0.023595  0.058394  0.040867
                             2430:  0.019662  0.055613  0.047679
                             2431:  0.015730  0.052833  0.054490
                             2432:  0.011797  0.050052  0.061301
                             2433:  0.007865  0.047271  0.068112
                             2434:  0.003932  0.044491  0.074924
                             2435:  0.000000  0.041710  0.081735
                             2436: -0.003932  0.038929  0.088546
                             2437: -0.007865  0.036149  0.095357
                             2438: -0.011797  0.033368  0.102168
                             2439: -0.015730  0.030587  0.108980
                             2440: -0.019662  0.027807  0.115791
                             2441: -0.023595  0.025026  0.122602
                             2442: -0.027527  0.022245  0.129413
                             2443:  0.047190  0.083420  0.000000
                             2444:  0.043257  0.080640  0.006811
                             2445:  0.039325  0.077859  0.013622
                             2446:  0.035392  0.075078  0.020434
                             2447:  0.031460  0.072298  0.027245
                             2448:  0.027527  0.069517  0.034056
                             2449:  0.023595  0.066736  0.040867
                             2450:  0.019662  0.063956  0.047679
                             2451:  0.015730  0.061175  0.054490
                             2452:  0.011797  0.058394  0.061301
                             2453:  0.007865  0.055614  0.068112
                             2454:  0.003932  0.052833  0.074924
                             2455:  0.000000  0.050052  0.081735
                             2456: -0.003932  0.047271  0.088546
                             2457: -0.007865  0.044491  0.095357
                             2458: -0.011797  0.041710  0.102168
                             2459: -0.015730  0.038929  0.108980
                             2460: -0.019662  0.036149  0.115791
                             2461: -0.023595  0.033368  0.122602
                             2462: -0.027527  0.030587  0.129413
                             2463:  0.047190  0.091762  0.000000
                             2464:  0.043257  0.088982  0.006811
                             2465:  0.039325  0.086201  0.013622
                             2466:  0.035392  0.083420  0.020434
                             2467:  0.031460  0.080640  0.027245
                             2468:  0.027527  0.077859  0.034056
                             2469:  0.023595  0.075078  0.040867
                             2470:  0.019662  0.072298  0.047679
                             2471:  0.015730  0.069517  0.054490
                             2472:  0.011797  0.066736  0.061301
                             2473:  0.007865  0.063956  0.068112
                             2474:  0.003932  0.061175  0.074924
                             2475:  0.000000  0.058394  0.081735
                             2476: -0.003932  0.055614  0.088546
                             2477: -0.007865  0.052833  0.095357
                             2478: -0.011797  0.050052  0.102168
                             2479: -0.015730  0.047271  0.108980
                             2480: -0.019662  0.044491  0.115791
                             2481: -0.023595  0.041710  0.122602
                             2482: -0.027527  0.038929  0.129413
                             2483:  0.047190  0.100104  0.000000
                             2484:  0.043257  0.097324  0.006811
                             2485:  0.039325  0.094543  0.013622
                             2486:  0.035392  0.091762  0.020434
                             2487:  0.031460  0.088982  0.027245
                             2488:  0.027527  0.086201  0.034056
                             2489:  0.023595  0.083420  0.040867
                             2490:  0.019662  0.080640  0.047679
                             2491:  0.015730  0.077859  0.054490
                             2492:  0.011797  0.075078  0.061301
                             2493:  0.007865  0.072298  0.068112
                             2494:  0.003932  0.069517  0.074924
                             2495:  0.000000  0.066736  0.081735
                             2496: -0.003932  0.063956  0.088546
                             2497: -0.007865  0.061175  0.095357
                             2498: -0.011797  0.058394  0.102168
                             2499: -0.015730  0.055614  0.108980
                             2500: -0.019662  0.052833  0.115791
                             2501: -0.023595  0.050052  0.122602
                             2502: -0.027527  0.047271  0.129413
                             2503:  0.047190  0.108446  0.000000
                             2504:  0.043257  0.105666  0.006811
                             2505:  0.039325  0.102885  0.013622
                             2506:  0.035392  0.100104  0.020434
                             2507:  0.031460  0.097324  0.027245
                             2508:  0.027527  0.094543  0.034056
                             2509:  0.023595  0.091762  0.040867
                             2510:  0.019662  0.088982  0.047679
                             2511:  0.015730  0.086201  0.054490
                             2512:  0.011797  0.083420  0.061301
                             2513:  0.007865  0.080640  0.068112
                             2514:  0.003932  0.077859  0.074924
                             2515:  0.000000  0.075078  0.081735
                             2516: -0.003932  0.072298  0.088546
                             2517: -0.007865  0.069517  0.095357
                             2518: -0.011797  0.066736  0.102168
                             2519: -0.015730  0.063956  0.108980
                             2520: -0.019662  0.061175  0.115791
                             2521: -0.023595  0.058394  0.122602
                             2522: -0.027527  0.055614  0.129413
                             2523:  0.047190  0.116788  0.000000
                             2524:  0.043257  0.114008  0.006811
                             2525:  0.039325  0.111227  0.013622
                             2526:  0.035392  0.108446  0.020434
                             2527:  0.031460  0.105666  0.027245
                             2528:  0.027527  0.102885  0.034056
                             2529:  0.023595  0.100104  0.040867
                             2530:  0.019662  0.097324  0.047679
                             2531:  0.015730  0.094543  0.054490
                             2532:  0.011797  0.091762  0.061301
                             2533:  0.007865  0.088982  0.068112
                             2534:  0.003932  0.086201  0.074924
                             2535:  0.000000  0.083420  0.081735
                             2536: -0.003932  0.080640  0.088546
                             2537: -0.007865  0.077859  0.095357
                             2538: -0.011797  0.075078  0.102168
                             2539: -0.015730  0.072298  0.108980
                             2540: -0.019662  0.069517  0.115791
                             2541: -0.023595  0.066736  0.122602
                             2542: -0.027527  0.063956  0.129413
                             2543:  0.047190  0.125130  0.000000
                             2544:  0.043257  0.122350  0.006811
                             2545:  0.039325  0.119569  0.013622
                             2546:  0.035392  0.116788  0.020434
                             2547:  0.031460  0.114008  0.027245
                             2548:  0.027527  0.111227  0.034056
                             2549:  0.023595  0.108446  0.040867
                             2550:  0.019662  0.105666  0.047679
                             2551:  0.015730  0.102885  0.054490
                             2552:  0.011797  0.100104  0.061301
                             2553:  0.007865  0.097324  0.068112
                             2554:  0.003932  0.094543  0.074924
                             2555:  0.000000  0.091762  0.081735
                             2556: -0.003932  0.088982  0.088546
                             2557: -0.007865  0.086201  0.095357
                             2558: -0.011797  0.083420  0.102168
                             2559: -0.015730  0.080640  0.108980
                             2560: -0.019662  0.077859  0.115791
                             2561: -0.023595  0.075078  0.122602
                             2562: -0.027527  0.072298  0.129413
                             2563:  0.047190  0.133472  0.000000
                             2564:  0.043257  0.130692  0.006811
                             2565:  0.039325  0.127911  0.013622
                             2566:  0.035392  0.125130  0.020434
                             2567:  0.031460  0.122350  0.027245
                             2568:  0.027527  0.119569  0.034056
                             2569:  0.023595  0.116788  0.040867
                             2570:  0.019662  0.114008  0.047679
                             2571:  0.015730  0.111227  0.054490
                             2572:  0.011797  0.108446  0.061301
                             2573:  0.007865  0.105666  0.068112
                             2574:  0.003932  0.102885  0.074924
                             2575:  0.000000  0.100104  0.081735
                             2576: -0.003932  0.097324  0.088546
                             2577: -0.007865  0.094543  0.095357
                             2578: -0.011797  0.091762  0.102168
                             2579: -0.015730  0.088982  0.108980
                             2580: -0.019662  0.086201  0.115791
                             2581: -0.023595  0.083420  0.122602
                             2582: -0.027527  0.080640  0.129413
                             2583:  0.047190  0.141814  0.000000
                             2584:  0.043257  0.139034  0.006811
                             2585:  0.039325  0.136253  0.013622
                             2586:  0.035392  0.133472  0.020434
                             2587:  0.031460  0.130692  0.027245
                             2588:  0.027527  0.127911  0.034056
                             2589:  0.023595  0.125130  0.040867
                             2590:  0.019662  0.122350  0.047679
                             2591:  0.015730  0.119569  0.054490
                             2592:  0.011797  0.116788  0.061301
                             2593:  0.007865  0.114008  0.068112
                             2594:  0.003932  0.111227  0.074924
                             2595:  0.000000  0.108446  0.081735
                             2596: -0.003932  0.105666  0.088546
                             2597: -0.007865  0.102885  0.095357
                             2598: -0.011797  0.100104  0.102168
                             2599: -0.015730  0.097324  0.108980
                             2600: -0.019662  0.094543  0.115791
                             2601: -0.023595  0.091762  0.122602
                             2602: -0.027527  0.088982  0.129413
                             2603:  0.055055 -0.019465  0.000000
                             2604:  0.051122 -0.022245  0.006811
                             2605:  0.047190 -0.025026  0.013622
                             2606:  0.043257 -0.027807  0.020434
                             2607:  0.039325 -0.030587  0.027245
                             2608:  0.035392 -0.033368  0.034056
                             2609:  0.031460 -0.036149  0.040867
                             2610:  0.027527 -0.038929  0.047679
                             2611:  0.023595 -0.041710  0.054490
                             2612:  0.019662 -0.044491  0.061301
                             2613:  0.015730 -0.047271  0.068112
                             2614:  0.011797 -0.050052  0.074924
                             2615:  0.007865 -0.052833  0.081735
                             2616:  0.003932 -0.055613  0.088546
                             2617:  0.000000 -0.058394  0.095357
                             2618: -0.003932 -0.061175  0.102168
                             2619: -0.007865 -0.063955  0.108980
                             2620: -0.011797 -0.066736  0.115791
                             2621: -0.015730 -0.069517  0.122602
                             2622: -0.019662 -0.072298  0.129413
                             2623:  0.055055 -0.011123  0.000000
                             2624:  0.051122 -0.013903  0.006811
                             2625:  0.047190 -0.016684  0.013622
                             2626:  0.043257 -0.019465  0.020434
                             2627:  0.039325 -0.022245  0.027245
                             2628:  0.035392 -0.025026  0.034056
                             2629:  0.031460 -0.027807  0.040867
                             2630:  0.027527 -0.030587  0.047679
                             2631:  0.023595 -0.033368  0.054490
                             2632:  0.019662 -0.036149  0.061301
                             2633:  0.015730 -0.038929  0.068112
                             2634:  0.011797 -0.041710  0.074924
                             2635:  0.007865 -0.044491  0.081735
                             2636:  0.003932 -0.047271  0.088546
                             2637:  0.000000 -0.050052  0.095357
                             2638: -0.003932 -0.052833  0.102168
                             2639: -0.007865 -0.055613  0.108980
                             2640: -0.011797 -0.058394  0.115791
                             2641: -0.015730 -0.061175  0.122602
                             2642: -0.019662 -0.063955  0.129413
                             2643:  0.055055 -0.002781  0.000000
                             2644:  0.051122 -0.005561  0.006811
                             2645:  0.047190 -0.008342  0.013622
                             2646:  0.043257 -0.011123  0.020434
                             2647:  0.039325 -0.013903  0.027245
                             2648:  0.035392 -0.016684  0.034056
                             2649:  0.031460 -0.019465  0.040867
                             2650:  0.027527 -0.022245  0.047679
                             2651:  0.023595 -0.025026  0.054490
                             2652:  0.019662 -0.027807  0.061301
                             2653:  0.015730 -0.030587  0.068112
                             2654:  0.011797 -0.033368  0.074924
                             2655:  0.007865 -0.036149  0.081735
                             2656:  0.003932 -0.038929  0.088546
                             2657:  0.000000 -0.041710  0.095357
                             2658: -0.003932 -0.044491  0.102168
                             2659: -0.007865 -0.047271  0.108980
                             2660: -0.011797 -0.050052  0.115791
                             2661: -0.015730 -0.052833  0.122602
                             2662: -0.019662 -0.055613  0.129413
                             2663:  0.055055  0.005561  0.000000
                             2664:  0.051122  0.002781  0.006811
                             2665:  0.047190  0.000000  0.013622
                             2666:  0.043257 -0.002781  0.020434
                             2667:  0.039325 -0.005561  0.027245
                             2668:  0.035392 -0.008342  0.034056
                             2669:  0.031460 -0.011123  0.040867
                             2670:  0.027527 -0.013903  0.047679
                             2671:  0.023595 -0.016684  0.054490
                             2672:  0.019662 -0.019465  0.061301
                             2673:  0.015730 -0.022245  0.068112
                             2674:  0.011797 -0.025026  0.074924
                             2675:  0.007865 -0.027807  0.081735
                             2676:  0.003932 -0.030587  0.088546
                             2677:  0.000000 -0.033368  0.095357
                             2678: -0.003932 -0.036149  0.102168
                             2679: -0.007865 -0.038929  0.108980
                             2680: -0.011797 -0.041710  0.115791
                             2681: -0.015730 -0.044491  0.122602
                             2682: -0.019662 -0.047271  0.129413
                             2683:  0.055055  0.013903  0.000000
                             2684:  0.051122  0.011123  0.006811
                             2685:  0.047190  0.008342  0.013622
                             2686:  0.043257  0.005561  0.020434
                             2687:  0.039325  0.002781  0.027245
                             2688:  0.035392  0.000000  0.034056
                             2689:  0.031460 -0.002781  0.040867
                             2690:  0.027527 -0.005561  0.047679
                             2691:  0.023595 -0.008342  0.054490
                             2692:  0.019662 -0.011123  0.061301
                             2693:  0.015730 -0.013903  0.068112
                             2694:  0.011797 -0.016684  0.074924
                             2695:  0.007865 -0.019465  0.081735
                             2696:  0.003932 -0.022245  0.088546
                             2697:  0.000000 -0.025026  0.095357
                             2698: -0.003932 -0.027807  0.102168
                             2699: -0.007865 -0.030587  0.108980
                             2700: -0.011797 -0.033368  0.115791
                             2701: -0.015730 -0.036149  0.122602
                             2702: -0.019662 -0.038929  0.129413
                             2703:  0.055055  0.022245  0.000000
                             2704:  0.051122  0.019465  0.006811
                             2705:  0.047190  0.016684  0.013622
                             2706:  0.043257  0.013903  0.020434
                             2707:  0.039325  0.011123  0.027245
                             2708:  0.035392  0.008342  0.034056
                             2709:  0.031460  0.005561  0.040867
                             2710:  0.027527  0.002781  0.047679
                             2711:  0.023595  0.000000  0.054490
                             2712:  0.019662 -0.002781  0.061301
                             2713:  0.015730 -0.005561  0.068112
                             2714:  0.011797 -0.008342  0.074924
                             2715:  0.007865 -0.011123  0.081735
                             2716:  0.003932 -0.013903  0.088546
                             2717:  0.000000 -0.016684  0.095357
                             2718: -0.003932 -0.019465  0.102168
                             2719: -0.007865 -0.022245  0.108980
                             2720: -0.011797 -0.025026  0.115791
                             2721: -0.015730 -0.027807  0.122602
                             2722: -0.019662 -0.030587  0.129413
                             2723:  0.055055  0.030587  0.000000
                             2724:  0.051122  0.027807  0.006811
                             2725:  0.047190  0.025026  0.013622
                             2726:  0.043257  0.022245  0.020434
                             2727:  0.039325  0.019465  0.027245
                             2728:  0.035392  0.016684  0.034056
                             2729:  0.031460  0.013903  0.040867
                             2730:  0.027527  0.011123  0.047679
                             2731:  0.023595  0.008342  0.054490
                             2732:  0.019662  0.005561  0.061301
                             2733:  0.015730  0.002781  0.068112
                             2734:  0.011797  0.000000  0.074924
                             2735:  0.007865 -0.002781  0.081735
                             2736:  0.003932 -0.005561  0.088546
                             2737:  0.000000 -0.008342  0.095357
                             2738: -0.003932 -0.011123  0.102168
                             2739: -0.007865 -0.013903  0.108980
                             2740: -0.011797 -0.016684  0.115791
                             2741: -0.015730 -0.019465  0.122602
                             2742: -0.019662 -0.022245  0.129413
                             2743:  0.055055  0.038929  0.000000
                             2744:  0.051122  0.036149  0.006811
                             2745:  0.047190  0.033368  0.013622
                             2746:  0.043257  0.030587  0.020434
                             2747:  0.039325  0.027807  0.027245
                             2748:  0.035392  0.025026  0.034056
                             2749:  0.031460  0.022245  0.040867
                             2750:  0.027527  0.019465  0.047679
                             2751:  0.023595  0.016684  0.054490
                             2752:  0.019662  0.013903  0.061301
                             2753:  0.015730  0.011123  0.068112
                             2754:  0.011797  0.008342  0.074924
                             2755:  0.007865  0.005561  0.081735
                             2756:  0.003932  0.002781  0.088546
                             2757:  0.000000  0.000000  0.095357
                             2758: -0.003932 -0.002781  0.102168
                             2759: -0.007865 -0.005561  0.108980
                             2760: -0.011797 -0.008342  0.115791
                             2761: -0.015730 -0.011123  0.122602
                             2762: -0.019662 -0.013903  0.129413
                             2763:  0.055055  0.047271  0.000000
                             2764:  0.051122  0.044491  0.006811
                             2765:  0.047190  0.041710  0.013622
                             2766:  0.043257  0.038929  0.020434
                             2767:  0.039325  0.036149  0.027245
                             2768:  0.035392  0.033368  0.034056
                             2769:  0.031460  0.030587  0.040867
                             2770:  0.027527  0.027807  0.047679
                             2771:  0.023595  0.025026  0.054490
                             2772:  0.019662  0.022245  0.061301
                             2773:  0.015730  0.019465  0.068112
                             2774:  0.011797  0.016684  0.074924
                             2775:  0.007865  0.013903  0.081735
                             2776:  0.003932  0.011123  0.088546
                             2777:  0.000000  0.008342  0.095357
                             2778: -0.003932  0.005561  0.102168
                             2779: -0.007865  0.002781  0.108980
                             2780: -0.011797  0.000000  0.115791
                             2781: -0.015730 -0.002781  0.122602
                             2782: -0.019662 -0.005561  0.129413
                             2783:  0.055055  0.055613  0.000000
                             2784:  0.051122  0.052833  0.006811
                             2785:  0.047190  0.050052  0.013622
                             2786:  0.043257  0.047271  0.020434
                             2787:  0.039325  0.044491  0.027245
                             2788:  0.035392  0.041710  0.034056
                             2789:  0.031460  0.038929  0.040867
                             2790:  0.027527  0.036149  0.047679
                             2791:  0.023595  0.033368  0.054490
                             2792:  0.019662  0.030587  0.061301
                             2793:  0.015730  0.027807  0.068112
                             2794:  0.011797  0.025026  0.074924
                             2795:  0.007865  0.022245  0.081735
                             2796:  0.003932  0.019465  0.088546
                             2797:  0.000000  0.016684  0.095357
                             2798: -0.003932  0.013903  0.102168
                             2799: -0.007865  0.011123  0.108980
                             2800: -0.011797  0.008342  0.115791
                             2801: -0.015730  0.005561  0.122602
                             2802: -0.019662  0.002781  0.129413
                             2803:  0.055055  0.063956  0.000000
                             2804:  0.051122  0.061175  0.006811
                             2805:  0.047190  0.058394  0.013622
                             2806:  0.043257  0.055613  0.020434
                             2807:  0.039325  0.052833  0.027245
                             2808:  0.035392  0.050052  0.034056
                             2809:  0.031460  0.047271  0.040867
                             2810:  0.027527  0.044491  0.047679
                             2811:  0.023595  0.041710  0.054490
                             2812:  0.019662  0.038929  0.061301
                             2813:  0.015730  0.036149  0.068112
                             2814:  0.011797  0.033368  0.074924
                             2815:  0.007865  0.030587  0.081735
                             2816:  0.003932  0.027807  0.088546
                             2817:  0.000000  0.025026  0.095357
                             2818: -0.003932  0.022245  0.102168
                             2819: -0.007865  0.019465  0.108980
                             2820: -0.011797  0.016684  0.115791
                             2821: -0.015730  0.013903  0.122602
                             2822: -0.019662  0.011123  0.129413
                             2823:  0.055055  0.072298  0.000000
                             2824:  0.051122  0.069517  0.006811
                             2825:  0.047190  0.066736  0.013622
                             2826:  0.043257  0.063956  0.020434
                             2827:  0.039325  0.061175  0.027245
                             2828:  0.035392  0.058394  0.034056
                             2829:  0.031460  0.055613  0.040867
                             2830:  0.027527  0.052833  0.047679
                             2831:  0.023595  0.050052  0.054490
                             2832:  0.019662  0.047271  0.061301
                             2833:  0.015730  0.044491  0.068112
                             2834:  0.011797  0.041710  0.074924
                             2835:  0.007865  0.038929  0.081735
                             2836:  0.003932  0.036149  0.088546
                             2837:  0.000000  0.033368  0.095357
                             2838: -0.003932  0.030587  0.102168
                             2839: -0.007865  0.027807  0.108980
                             2840: -0.011797  0.025026  0.115791
                             2841: -0.015730  0.022245  0.122602
                             2842: -0.019662  0.019465  0.129413
                             2843:  0.055055  0.080640  0.000000
                             2844:  0.051122  0.077859  0.006811
                             2845:  0.047190  0.075078  0.013622
                             2846:  0.043257  0.072298  0.020434
                             2847:  0.039325  0.069517  0.027245
                             2848:  0.035392  0.066736  0.034056
                             2849:  0.031460  0.063956  0.040867
                             2850:  0.027527  0.061175  0.047679
                             2851:  0.023595  0.058394  0.054490
                             2852:  0.019662  0.055614  0.061301
                             2853:  0.015730  0.052833  0.068112
                             2854:  0.011797  0.050052  0.074924
                             2855:  0.007865  0.047271  0.081735
                             2856:  0.003932  0.044491  0.088546
                             2857:  0.000000  0.041710  0.095357
                             2858: -0.003932  0.038929  0.102168
                             2859: -0.007865  0.036149  0.108980
                             2860: -0.011797  0.033368  0.115791
                             2861: -0.015730  0.030587  0.122602
                             2862: -0.019662  0.027807  0.129413
                             2863:  0.055055  0.088982  0.000000
                             2864:  0.051122  0.086201  0.006811
                             2865:  0.047190  0.083420  0.013622
                             2866:  0.043257  0.080640  0.020434
                             2867:  0.039325  0.077859  0.027245
                             2868:  0.035392  0.075078  0.034056
                             2869:  0.031460  0.072298  0.040867
                             2870:  0.027527  0.069517  0.047679
                             2871:  0.023595  0.066736  0.054490
                             2872:  0.019662  0.063956  0.061301
                             2873:  0.015730  0.061175  0.068112
                             2874:  0.011797  0.058394  0.074924
                             2875:  0.007865  0.055614  0.081735
                             2876:  0.003932  0.052833  0.088546
                             2877:  0.000000  0.050052  0.095357
                             2878: -0.003932  0.047271  0.102168
                             2879: -0.007865  0.044491  0.108980
                             2880: -0.011797  0.041710  0.115791
                             2881: -0.015730  0.038929  0.122602
                             2882: -0.019662  0.036149  0.129413
                             2883:  0.055055  0.097324  0.000000
                             2884:  0.051122  0.094543  0.006811
                             2885:  0.047190  0.091762  0.013622
                             2886:  0.043257  0.088982  0.020434
                             2887:  0.039325  0.086201  0.027245
                             2888:  0.035392  0.083420  0.034056
                             2889:  0.031460  0.080640  0.040867
                             2890:  0.027527  0.077859  0.047679
                             2891:  0.023595  0.075078  0.054490
                             2892:  0.019662  0.072298  0.061301
                             2893:  0.015730  0.069517  0.068112
                             2894:  0.011797  0.066736  0.074924
                             2895:  0.007865  0.063956  0.081735
                             2896:  0.003932  0.061175  0.088546
                             2897:  0.000000  0.058394  0.095357
                             2898: -0.003932  0.055614  0.102168
                             2899: -0.007865  0.052833  0.108980
                             2900: -0.011797  0.050052  0.115791
                             2901: -0.015730  0.047271  0.122602
                             2902: -0.019662  0.044491  0.129413
                             2903:  0.055055  0.105666  0.000000
                             2904:  0.051122  0.102885  0.006811
                             2905:  0.047190  0.100104  0.013622
                             2906:  0.043257  0.097324  0.020434
                             2907:  0.039325  0.094543  0.027245
                             2908:  0.035392  0.091762  0.034056
                             2909:  0.031460  0.088982  0.040867
                             2910:  0.027527  0.086201  0.047679
                             2911:  0.023595  0.083420  0.054490
                             2912:  0.019662  0.080640  0.061301
                             2913:  0.015730  0.077859  0.068112
                             2914:  0.011797  0.075078  0.074924
                             2915:  0.007865  0.072298  0.081735
                             2916:  0.003932  0.069517  0.088546
                             2917:  0.000000  0.066736  0.095357
                             2918: -0.003932  0.063956  0.102168
                             2919: -0.007865  0.061175  0.108980
                             2920: -0.011797  0.058394  0.115791
                             2921: -0.015730  0.055614  0.122602
                             2922: -0.019662  0.052833  0.129413
                             2923:  0.055055  0.114008  0.000000
                             2924:  0.051122  0.111227  0.006811
                             2925:  0.047190  0.108446  0.013622
                             2926:  0.043257  0.105666  0.020434
                             2927:  0.039325  0.102885  0.027245
                             2928:  0.035392  0.100104  0.034056
                             2929:  0.031460  0.097324  0.040867
                             2930:  0.027527  0.094543  0.047679
                             2931:  0.023595  0.091762  0.054490
                             2932:  0.019662  0.088982  0.061301
                             2933:  0.015730  0.086201  0.068112
                             2934:  0.011797  0.083420  0.074924
                             2935:  0.007865  0.080640  0.081735
                             2936:  0.003932  0.077859  0.088546
                             2937:  0.000000  0.075078  0.095357
                             2938: -0.003932  0.072298  0.102168
                             2939: -0.007865  0.069517  0.108980
                             2940: -0.011797  0.066736  0.115791
                             2941: -0.015730  0.063956  0.122602
                             2942: -0.019662  0.061175  0.129413
                             2943:  0.055055  0.122350  0.000000
                             2944:  0.051122  0.119569  0.006811
                             2945:  0.047190  0.116788  0.013622
                             2946:  0.043257  0.114008  0.020434
                             2947:  0.039325  0.111227  0.027245
                             2948:  0.035392  0.108446  0.034056
                             2949:  0.031460  0.105666  0.040867
                             2950:  0.027527  0.102885  0.047679
                             2951:  0.023595  0.100104  0.054490
                             2952:  0.019662  0.097324  0.061301
                             2953:  0.015730  0.094543  0.068112
                             2954:  0.011797  0.091762  0.074924
                             2955:  0.007865  0.088982  0.081735
                             2956:  0.003932  0.086201  0.088546
                             2957:  0.000000  0.083420  0.095357
                             2958: -0.003932  0.080640  0.102168
                             2959: -0.007865  0.077859  0.108980
                             2960: -0.011797  0.075078  0.115791
                             2961: -0.015730  0.072298  0.122602
                             2962: -0.019662  0.069517  0.129413
                             2963:  0.055055  0.130692  0.000000
                             2964:  0.051122  0.127911  0.006811
                             2965:  0.047190  0.125130  0.013622
                             2966:  0.043257  0.122350  0.020434
                             2967:  0.039325  0.119569  0.027245
                             2968:  0.035392  0.116788  0.034056
                             2969:  0.031460  0.114008  0.040867
                             2970:  0.027527  0.111227  0.047679
                             2971:  0.023595  0.108446  0.054490
                             2972:  0.019662  0.105666  0.061301
                             2973:  0.015730  0.102885  0.068112
                             2974:  0.011797  0.100104  0.074924
                             2975:  0.007865  0.097324  0.081735
                             2976:  0.003932  0.094543  0.088546
                             2977:  0.000000  0.091762  0.095357
                             2978: -0.003932  0.088982  0.102168
                             2979: -0.007865  0.086201  0.108980
                             2980: -0.011797  0.083420  0.115791
                             2981: -0.015730  0.080640  0.122602
                             2982: -0.019662  0.077859  0.129413
                             2983:  0.055055  0.139034  0.000000
                             2984:  0.051122  0.136253  0.006811
                             2985:  0.047190  0.133472  0.013622
                             2986:  0.043257  0.130692  0.020434
                             2987:  0.039325  0.127911  0.027245
                             2988:  0.035392  0.125130  0.034056
                             2989:  0.031460  0.122350  0.040867
                             2990:  0.027527  0.119569  0.047679
                             2991:  0.023595  0.116788  0.054490
                             2992:  0.019662  0.114008  0.061301
                             2993:  0.015730  0.111227  0.068112
                             2994:  0.011797  0.108446  0.074924
                             2995:  0.007865  0.105666  0.081735
                             2996:  0.003932  0.102885  0.088546
                             2997:  0.000000  0.100104  0.095357
                             2998: -0.003932  0.097324  0.102168
                             2999: -0.007865  0.094543  0.108980
                             3000: -0.011797  0.091762  0.115791
                             3001: -0.015730  0.088982  0.122602
                             3002: -0.019662  0.086201  0.129413
                             3003:  0.062919 -0.022245  0.000000
                             3004:  0.058987 -0.025026  0.006811
                             3005:  0.055055 -0.027807  0.013622
                             3006:  0.051122 -0.030587  0.020434
                             3007:  0.047190 -0.033368  0.027245
                             3008:  0.043257 -0.036149  0.034056
                             3009:  0.039325 -0.038929  0.040867
                             3010:  0.035392 -0.041710  0.047679
                             3011:  0.031460 -0.044491  0.054490
                             3012:  0.027527 -0.047271  0.061301
                             3013:  0.023595 -0.050052  0.068112
                             3014:  0.019662 -0.052833  0.074924
                             3015:  0.015730 -0.055613  0.081735
                             3016:  0.011797 -0.058394  0.088546
                             3017:  0.007865 -0.061175  0.095357
                             3018:  0.003932 -0.063955  0.102168
                             3019:  0.000000 -0.066736  0.108980
                             3020: -0.003932 -0.069517  0.115791
                             3021: -0.007865 -0.072298  0.122602
                             3022: -0.011797 -0.075078  0.129413
                             3023:  0.062919 -0.013903  0.000000
                             3024:  0.058987 -0.016684  0.006811
                             3025:  0.055055 -0.019465  0.013622
                             3026:  0.051122 -0.022245  0.020434
                             3027:  0.047190 -0.025026  0.027245
                             3028:  0.043257 -0.027807  0.034056
                             3029:  0.039325 -0.030587  0.040867
                             3030:  0.035392 -0.033368  0.047679
                             3031:  0.031460 -0.036149  0.054490
                             3032:  0.027527 -0.038929  0.061301
                             3033:  0.023595 -0.041710  0.068112
                             3034:  0.019662 -0.044491  0.074924
                             3035:  0.015730 -0.047271  0.081735
                             3036:  0.011797 -0.050052  0.088546
                             3037:  0.007865 -0.052833  0.095357
                             3038:  0.003932 -0.055613  0.102168
                             3039:  0.000000 -0.058394  0.108980
                             3040: -0.003932 -0.061175  0.115791
                             3041: -0.007865 -0.063955  0.122602
                             3042: -0.011797 -0.066736  0.129413
                             3043:  0.062919 -0.005561  0.000000
                             3044:  0.058987 -0.008342  0.006811
                             3045:  0.055055 -0.011123  0.013622
                             3046:  0.051122 -0.013903  0.020434
                             3047:  0.047190 -0.016684  0.027245
                             3048:  0.043257 -0.019465  0.034056
                             3049:  0.039325 -0.022245  0.040867
                             3050:  0.035392 -0.025026  0.047679
                             3051:  0.031460 -0.027807  0.054490
                             3052:  0.027527 -0.030587  0.061301
                             3053:  0.023595 -0.033368  0.068112
                             3054:  0.019662 -0.036149  0.074924
                             3055:  0.015730 -0.038929  0.081735
                             3056:  0.011797 -0.041710  0.088546
                             3057:  0.007865 -0.044491  0.095357
                             3058:  0.003932 -0.047271  0.102168
                             3059:  0.000000 -0.050052  0.108980
                             3060: -0.003932 -0.052833  0.115791
                             3061: -0.007865 -0.055613  0.122602
                             3062: -0.011797 -0.058394  0.129413
                             3063:  0.062919  0.002781  0.000000
                             3064:  0.058987  0.000000  0.006811
                             3065:  0.055055 -0.002781  0.013622
                             3066:  0.051122 -0.005561  0.020434
                             3067:  0.047190 -0.008342  0.027245
                             3068:  0.043257 -0.011123  0.034056
                             3069:  0.039325 -0.013903  0.040867
                             3070:  0.035392 -0.016684  0.047679
                             3071:  0.031460 -0.019465  0.054490
                             3072:  0.027527 -0.022245  0.061301
                             3073:  0.023595 -0.025026  0.068112
                             3074:  0.019662 -0.027807  0.074924
                             3075:  0.015730 -0.030587  0.081735
                             3076:  0.011797 -0.033368  0.088546
                             3077:  0.007865 -0.036149  0.095357
                             3078:  0.003932 -0.038929  0.102168
                             3079:  0.000000 -0.041710  0.108980
                             3080: -0.003932 -0.044491  0.115791
                             3081: -0.007865 -0.047271  0.122602
                             3082: -0.011797 -0.050052  0.129413
                             3083:  0.062919  0.011123  0.000000
                             3084:  0.058987  0.008342  0.006811
                             3085:  0.055055  0.005561  0.013622
                             3086:  0.051122  0.002781  0.020434
                             3087:  0.047190  0.000000  0.027245
                             3088:  0.043257 -0.002781  0.034056
                             3089:  0.039325 -0.005561  0.040867
                             3090:  0.035392 -0.008342  0.047679
                             3091:  0.031460 -0.011123  0.054490
                             3092:  0.027527 -0.013903  0.061301
                             3093:  0.023595 -0.016684  0.068112
                             3094:  0.019662 -0.019465  0.074924
                             3095:  0.015730 -0.022245  0.081735
                             3096:  0.011797 -0.025026  0.088546
                             3097:  0.007865 -0.027807  0.095357
                             3098:  0.003932 -0.030587  0.102168
                             3099:  0.000000 -0.033368  0.108980
                             3100: -0.003932 -0.036149  0.115791
                             3101: -0.007865 -0.038929  0.122602
                             3102: -0.011797 -0.041710  0.129413
                             3103:  0.062919  0.019465  0.000000
                             3104:  0.058987  0.016684  0.006811
                             3105:  0.055055  0.013903  0.013622
                             3106:  0.051122  0.011123  0.020434
                             3107:  0.047190  0.008342  0.027245
                             3108:  0.043257  0.005561  0.034056
                             3109:  0.039325  0.002781  0.040867
                             3110:  0.035392  0.000000  0.047679
                             3111:  0.031460 -0.002781  0.054490
                             3112:  0.027527 -0.005561  0.061301
                             3113:  0.023595 -0.008342  0.068112
                             3114:  0.019662 -0.011123  0.074924
                             3115:  0.015730 -0.013903  0.081735
                             3116:  0.011797 -0.016684  0.088546
                             3117:  0.007865 -0.019465  0.095357
                             3118:  0.003932 -0.022245  0.102168
                             3119:  0.000000 -0.025026  0.108980
                             3120: -0.003932 -0.027807  0.115791
                             3121: -0.007865 -0.030587  0.122602
                             3122: -0.011797 -0.033368  0.129413
                             3123:  0.062919  0.027807  0.000000
                             3124:  0.058987  0.025026  0.006811
                             3125:  0.055055  0.022245  0.013622
                             3126:  0.051122  0.019465  0.020434
                             3127:  0.047190  0.016684  0.027245
                             3128:  0.043257  0.013903  0.034056
                             3129:  0.039325  0.011123  0.040867
                             3130:  0.035392  0.008342  0.047679
                             3131:  0.031460  0.005561  0.054490
                             3132:  0.027527  0.002781  0.061301
                             3133:  0.023595  0.000000  0.068112
                             3134:  0.019662 -0.002781  0.074924
                             3135:  0.015730 -0.005561  0.081735
                             3136:  0.011797 -0.008342  0.088546
                             3137:  0.007865 -0.011123  0.095357
                             3138:  0.003932 -0.013903  0.102168
                             3139:  0.000000 -0.016684  0.108980
                             3140: -0.003932 -0.019465  0.115791
                             3141: -0.007865 -0.022245  0.122602
                             3142: -0.011797 -0.025026  0.129413
                             3143:  0.062919  0.036149  0.000000
                             3144:  0.058987  0.033368  0.006811
                             3145:  0.055055  0.030587  0.013622
                             3146:  0.051122  0.027807  0.020434
                             3147:  0.047190  0.025026  0.027245
                             3148:  0.043257  0.022245  0.034056
                             3149:  0.039325  0.019465  0.040867
                             3150:  0.035392  0.016684  0.047679
                             3151:  0.031460  0.013903  0.054490
                             3152:  0.027527  0.011123  0.061301
                             3153:  0.023595  0.008342  0.068112
                             3154:  0.019662  0.005561  0.074924
                             3155:  0.015730  0.002781  0.081735
                             3156:  0.011797  0.000000  0.088546
                             3157:  0.007865 -0.002781  0.095357
                             3158:  0.003932 -0.005561  0.102168
                             3159:  0.000000 -0.008342  0.108980
                             3160: -0.003932 -0.011123  0.115791
                             3161: -0.007865 -0.013903  0.122602
                             3162: -0.011797 -0.016684  0.129413
                             3163:  0.062919  0.044491  0.000000
                             3164:  0.058987  0.041710  0.006811
                             3165:  0.055055  0.038929  0.013622
                             3166:  0.051122  0.036149  0.020434
                             3167:  0.047190  0.033368  0.027245
                             3168:  0.043257  0.030587  0.034056
                             3169:  0.039325  0.027807  0.040867
                             3170:  0.035392  0.025026  0.047679
                             3171:  0.031460  0.022245  0.054490
                             3172:  0.027527  0.019465  0.061301
                             3173:  0.023595  0.016684  0.068112
                             3174:  0.019662  0.013903  0.074924
                             3175:  0.015730  0.011123  0.081735
                             3176:  0.011797  0.008342  0.088546
                             3177:  0.007865  0.005561  0.095357
                             3178:  0.003932  0.002781  0.102168
                             3179:  0.000000  0.000000  0.108980
                             3180: -0.003932 -0.002781  0.115791
                             3181: -0.007865 -0.005561  0.122602
                             3182: -0.011797 -0.008342  0.129413
                             3183:  0.062919  0.052833  0.000000
                             3184:  0.058987  0.050052  0.006811
                             3185:  0.055055  0.047271  0.013622
                             3186:  0.051122  0.044491  0.020434
                             3187:  0.047190  0.041710  0.027245
                             3188:  0.043257  0.038929  0.034056
                             3189:  0.039325  0.036149  0.040867
                             3190:  0.035392  0.033368  0.047679
                             3191:  0.031460  0.030587  0.054490
                             3192:  0.027527  0.027807  0.061301
                             3193:  0.023595  0.025026  0.068112
                             3194:  0.019662  0.022245  0.074924
                             3195:  0.015730  0.019465  0.081735
                             3196:  0.011797  0.016684  0.088546
                             3197:  0.007865  0.013903  0.095357
                             3198:  0.003932  0.011123  0.102168
                             3199:  0.000000  0.008342  0.108980
                             3200: -0.003932  0.005561  0.115791
                             3201: -0.007865  0.002781  0.122602
                             3202: -0.011797  0.000000  0.129413
                             3203:  0.062919  0.061175  0.000000
                             3204:  0.058987  0.058394  0.006811
                             3205:  0.055055  0.055613  0.013622
                             3206:  0.051122  0.052833  0.020434
                             3207:  0.047190  0.050052  0.027245
                             3208:  0.043257  0.047271  0.034056
                             3209:  0.039325  0.044491  0.040867
                             3210:  0.035392  0.041710  0.047679
                             3211:  0.031460  0.038929  0.054490
                             3212:  0.027527  0.036149  0.061301
                             3213:  0.023595  0.033368  0.068112
                             3214:  0.019662  0.030587  0.074924
                             3215:  0.015730  0.027807  0.081735
                             3216:  0.011797  0.025026  0.088546
                             3217:  0.007865  0.022245  0.095357
                             3218:  0.003932  0.019465  0.102168
                             3219:  0.000000  0.016684  0.108980
                             3220: -0.003932  0.013903  0.115791
                             3221: -0.007865  0.011123  0.122602
                             3222: -0.011797  0.008342  0.129413
                             3223:  0.062919  0.069517  0.000000
                             3224:  0.058987  0.066736  0.006811
                             3225:  0.055055  0.063956  0.013622
                             3226:  0.051122  0.061175  0.020434
                             3227:  0.047190  0.058394  0.027245
                             3228:  0.043257  0.055613  0.034056
                             3229:  0.039325  0.052833  0.040867
                             3230:  0.035392  0.050052  0.047679
                             3231:  0.031460  0.047271  0.054490
                             3232:  0.027527  0.044491  0.061301
                             3233:  0.023595  0.041710  0.068112
                             3234:  0.019662  0.038929  0.074924
                             3235:  0.015730  0.036149  0.081735
                             3236:  0.011797  0.033368  0.088546
                             3237:  0.007865  0.030587  0.095357
                             3238:  0.003932  0.027807  0.102168
                             3239:  0.000000  0.025026  0.108980
                             3240: -0.003932  0.022245  0.115791
                             3241: -0.007865  0.019465  0.122602
                             3242: -0.011797  0.016684  0.129413
                             3243:  0.062919  0.077859  0.000000
                             3244:  0.058987  0.075078  0.006811
                             3245:  0.055055  0.072298  0.013622
                             3246:  0.051122  0.069517  0.020434
                             3247:  0.047190  0.066736  0.027245
                             3248:  0.043257  0.063956  0.034056
                             3249:  0.039325  0.061175  0.040867
                             3250:  0.035392  0.058394  0.047679
                             3251:  0.031460  0.055614  0.054490
                             3252:  0.027527  0.052833  0.061301
                             3253:  0.023595  0.050052  0.068112
                             3254:  0.019662  0.047271  0.074924
                             3255:  0.015730  0.044491  0.081735
                             3256:  0.011797  0.041710  0.088546
                             3257:  0.007865  0.038929  0.095357
                             3258:  0.003932  0.036149  0.102168
                             3259:  0.000000  0.033368  0.108980
                             3260: -0.003932  0.030587  0.115791
                             3261: -0.007865  0.027807  0.122602
                             3262: -0.011797  0.025026  0.129413
                             3263:  0.062919  0.086201  0.000000
                             3264:  0.058987  0.083420  0.006811
                             3265:  0.055055  0.080640  0.013622
                             3266:  0.051122  0.077859  0.020434
                             3267:  0.047190  0.075078  0.027245
                             3268:  0.043257  0.072298  0.034056
                             3269:  0.039325  0.069517  0.040867
                             3270:  0.035392  0.066736  0.047679
                             3271:  0.031460  0.063956  0.054490
                             3272:  0.027527  0.061175  0.061301
                             3273:  0.023595  0.058394  0.068112
                             3274:  0.019662  0.055614  0.074924
                             3275:  0.015730  0.052833  0.081735
                             3276:  0.011797  0.050052  0.088546
                             3277:  0.007865  0.047271  0.095357
                             3278:  0.003932  0.044491  0.102168
                             3279:  0.000000  0.041710  0.108980
                             3280: -0.003932  0.038929  0.115791
                             3281: -0.007865  0.036149  0.122602
                             3282: -0.011797  0.033368  0.129413
                             3283:  0.062919  0.094543  0.000000
                             3284:  0.058987  0.091762  0.006811
                             3285:  0.055055  0.088982  0.013622
                             3286:  0.051122  0.086201  0.020434
                             3287:  0.047190  0.083420  0.027245
                             3288:  0.043257  0.080640  0.034056
                             3289:  0.039325  0.077859  0.040867
                             3290:  0.035392  0.075078  0.047679
                             3291:  0.031460  0.072298  0.054490
                             3292:  0.027527  0.069517  0.061301
                             3293:  0.023595  0.066736  0.068112
                             3294:  0.019662  0.063956  0.074924
                             3295:  0.015730  0.061175  0.081735
                             3296:  0.011797  0.058394  0.088546
                             3297:  0.007865  0.055614  0.095357
                             3298:  0.003932  0.052833  0.102168
                             3299:  0.000000  0.050052  0.108980
                             3300: -0.003932  0.047271  0.115791
                             3301: -0.007865  0.044491  0.122602
                             3302: -0.011797  0.041710  0.129413
                             3303:  0.062919  0.102885  0.000000
                             3304:  0.058987  0.100104  0.006811
                             3305:  0.055055  0.097324  0.013622
                             3306:  0.051122  0.094543  0.020434
                             3307:  0.047190  0.091762  0.027245
                             3308:  0.043257  0.088982  0.034056
                             3309:  0.039325  0.086201  0.040867
                             3310:  0.035392  0.083420  0.047679
                             3311:  0.031460  0.080640  0.054490
                             3312:  0.027527  0.077859  0.061301
                             3313:  0.023595  0.075078  0.068112
                             3314:  0.019662  0.072298  0.074924
                             3315:  0.015730  0.069517  0.081735
                             3316:  0.011797  0.066736  0.088546
                             3317:  0.007865  0.063956  0.095357
                             3318:  0.003932  0.061175  0.102168
                             3319:  0.000000  0.058394  0.108980
                             3320: -0.003932  0.055614  0.115791
                             3321: -0.007865  0.052833  0.122602
                             3322: -0.011797  0.050052  0.129413
                             3323:  0.062919  0.111227  0.000000
                             3324:  0.058987  0.108446  0.006811
                             3325:  0.055055  0.105666  0.013622
                             3326:  0.051122  0.102885  0.020434
                             3327:  0.047190  0.100104  0.027245
                             3328:  0.043257  0.097324  0.034056
                             3329:  0.039325  0.094543  0.040867
                             3330:  0.035392  0.091762  0.047679
                             3331:  0.031460  0.088982  0.054490
                             3332:  0.027527  0.086201  0.061301
                             3333:  0.023595  0.083420  0.068112
                             3334:  0.019662  0.080640  0.074924
                             3335:  0.015730  0.077859  0.081735
                             3336:  0.011797  0.075078  0.088546
                             3337:  0.007865  0.072298  0.095357
                             3338:  0.003932  0.069517  0.102168
                             3339:  0.000000  0.066736  0.108980
                             3340: -0.003932  0.063956  0.115791
                             3341: -0.007865  0.061175  0.122602
                             3342: -0.011797  0.058394  0.129413
                             3343:  0.062919  0.119569  0.000000
                             3344:  0.058987  0.116788  0.006811
                             3345:  0.055055  0.114008  0.013622
                             3346:  0.051122  0.111227  0.020434
                             3347:  0.047190  0.108446  0.027245
                             3348:  0.043257  0.105666  0.034056
                             3349:  0.039325  0.102885  0.040867
                             3350:  0.035392  0.100104  0.047679
                             3351:  0.031460  0.097324  0.054490
                             3352:  0.027527  0.094543  0.061301
                             3353:  0.023595  0.091762  0.068112
                             3354:  0.019662  0.088982  0.074924
                             3355:  0.015730  0.086201  0.081735
                             3356:  0.011797  0.083420  0.088546
                             3357:  0.007865  0.080640  0.095357
                             3358:  0.003932  0.077859  0.102168
                             3359:  0.000000  0.075078  0.108980
                             3360: -0.003932  0.072298  0.115791
                             3361: -0.007865  0.069517  0.122602
                             3362: -0.011797  0.066736  0.129413
                             3363:  0.062919  0.127911  0.000000
                             3364:  0.058987  0.125130  0.006811
                             3365:  0.055055  0.122350  0.013622
                             3366:  0.051122  0.119569  0.020434
                             3367:  0.047190  0.116788  0.027245
                             3368:  0.043257  0.114008  0.034056
                             3369:  0.039325  0.111227  0.040867
                             3370:  0.035392  0.108446  0.047679
                             3371:  0.031460  0.105666  0.054490
                             3372:  0.027527  0.102885  0.061301
                             3373:  0.023595  0.100104  0.068112
                             3374:  0.019662  0.097324  0.074924
                             3375:  0.015730  0.094543  0.081735
                             3376:  0.011797  0.091762  0.088546
                             3377:  0.007865  0.088982  0.095357
                             3378:  0.003932  0.086201  0.102168
                             3379:  0.000000  0.083420  0.108980
                             3380: -0.003932  0.080640  0.115791
                             3381: -0.007865  0.077859  0.122602
                             3382: -0.011797  0.075078  0.129413
                             3383:  0.062919  0.136253  0.000000
                             3384:  0.058987  0.133472  0.006811
                             3385:  0.055055  0.130692  0.013622
                             3386:  0.051122  0.127911  0.020434
                             3387:  0.047190  0.125130  0.027245
                             3388:  0.043257  0.122350  0.034056
                             3389:  0.039325  0.119569  0.040867
                             3390:  0.035392  0.116788  0.047679
                             3391:  0.031460  0.114008  0.054490
                             3392:  0.027527  0.111227  0.061301
                             3393:  0.023595  0.108446  0.068112
                             3394:  0.019662  0.105666  0.074924
                             3395:  0.015730  0.102885  0.081735
                             3396:  0.011797  0.100104  0.088546
                             3397:  0.007865  0.097324  0.095357
                             3398:  0.003932  0.094543  0.102168
                             3399:  0.000000  0.091762  0.108980
                             3400: -0.003932  0.088982  0.115791
                             3401: -0.007865  0.086201  0.122602
                             3402: -0.011797  0.083420  0.129413
                             3403:  0.070784 -0.025026  0.000000
                             3404:  0.066852 -0.027807  0.006811
                             3405:  0.062919 -0.030587  0.013622
                             3406:  0.058987 -0.033368  0.020434
                             3407:  0.055055 -0.036149  0.027245
                             3408:  0.051122 -0.038929  0.034056
                             3409:  0.047190 -0.041710  0.040867
                             3410:  0.043257 -0.044491  0.047679
                             3411:  0.039325 -0.047271  0.054490
                             3412:  0.035392 -0.050052  0.061301
                             3413:  0.031460 -0.052833  0.068112
                             3414:  0.027527 -0.055613  0.074924
                             3415:  0.023595 -0.058394  0.081735
                             3416:  0.019662 -0.061175  0.088546
                             3417:  0.015730 -0.063955  0.095357
                             3418:  0.011797 -0.066736  0.102168
                             3419:  0.007865 -0.069517  0.108980
                             3420:  0.003933 -0.072298  0.115791
                             3421:  0.000000 -0.075078  0.122602
                             3422: -0.003932 -0.077859  0.129413
                             3423:  0.070784 -0.016684  0.000000
                             3424:  0.066852 -0.019465  0.006811
                             3425:  0.062919 -0.022245  0.013622
                             3426:  0.058987 -0.025026  0.020434
                             3427:  0.055055 -0.027807  0.027245
                             3428:  0.051122 -0.030587  0.034056
                             3429:  0.047190 -0.033368  0.040867
                             3430:  0.043257 -0.036149  0.047679
                             3431:  0.039325 -0.038929  0.054490
                             3432:  0.035392 -0.041710  0.061301
                             3433:  0.031460 -0.044491  0.068112
                             3434:  0.027527 -0.047271  0.074924
                             3435:  0.023595 -0.050052  0.081735
                             3436:  0.019662 -0.052833  0.088546
                             3437:  0.015730 -0.055613  0.095357
                             3438:  0.011797 -0.058394  0.102168
                             3439:  0.007865 -0.061175  0.108980
                             3440:  0.003933 -0.063955  0.115791
                             3441:  0.000000 -0.066736  0.122602
                             3442: -0.003932 -0.069517  0.129413
                             3443:  0.070784 -0.008342  0.000000
                             3444:  0.066852 -0.011123  0.006811
                             3445:  0.062919 -0.013903  0.013622
                             3446:  0.058987 -0.016684  0.020434
                             3447:  0.055055 -0.019465  0.027245
                             3448:  0.051122 -0.022245  0.034056
                             3449:  0.047190 -0.025026  0.040867
                             3450:  0.043257 -0.027807  0.047679
                             3451:  0.039325 -0.030587  0.054490
                             3452:  0.035392 -0.033368  0.061301
                             3453:  0.031460 -0.036149  0.068112
                             3454:  0.027527 -0.038929  0.074924
                             3455:  0.023595 -0.041710  0.081735
                             3456:  0.019662 -0.044491  0.088546
                             3457:  0.015730 -0.047271  0.095357
                             3458:  0.011797 -0.050052  0.102168
                             3459:  0.007865 -0.052833  0.108980
                             3460:  0.003933 -0.055613  0.115791
                             3461:  0.000000 -0.058394  0.122602
                             3462: -0.003932 -0.061175  0.129413
                             3463:  0.070784 -0.000000  0.000000
                             3464:  0.066852 -0.002781  0.006811
                             3465:  0.062919 -0.005561  0.013622
                             3466:  0.058987 -0.008342  0.020434
                             3467:  0.055055 -0.011123  0.027245
                             3468:  0.051122 -0.013903  0.034056
                             3469:  0.047190 -0.016684  0.040867
                             3470:  0.043257 -0.019465  0.047679
                             3471:  0.039325 -0.022245  0.054490
                             3472:  0.035392 -0.025026  0.061301
                             3473:  0.031460 -0.027807  0.068112
                             3474:  0.027527 -0.030587  0.074924
                             3475:  0.023595 -0.033368  0.081735
                             3476:  0.019662 -0.036149  0.088546
                             3477:  0.015730 -0.038929  0.095357
                             3478:  0.011797 -0.041710  0.102168
                             3479:  0.007865 -0.044491  0.108980
                             3480:  0.003933 -0.047271  0.115791
                             3481:  0.000000 -0.050052  0.122602
                             3482: -0.003932 -0.052833  0.129413
                             3483:  0.070784  0.008342  0.000000
                             3484:  0.066852  0.005561  0.006811
                             3485:  0.062919  0.002781  0.013622
                             3486:  0.058987  0.000000  0.020434
                             3487:  0.055055 -0.002781  0.027245
                             3488:  0.051122 -0.005561  0.034056
                             3489:  0.047190 -0.008342  0.040867
                             3490:  0.043257 -0.011123  0.047679
                             3491:  0.039325 -0.013903  0.054490
                             3492:  0.035392 -0.016684  0.061301
                             3493:  0.031460 -0.019465  0.068112
                             3494:  0.027527 -0.022245  0.074924
                             3495:  0.023595 -0.025026  0.081735
                             3496:  0.019662 -0.027807  0.088546
                             3497:  0.015730 -0.030587  0.095357
                             3498:  0.011797 -0.033368  0.102168
                             3499:  0.007865 -0.036149  0.108980
                             3500:  0.003933 -0.038929  0.115791
                             3501:  0.000000 -0.041710  0.122602
                             3502: -0.003932 -0.044491  0.129413
                             3503:  0.070784  0.016684  0.000000
                             3504:  0.066852  0.013903  0.006811
                             3505:  0.062919  0.011123  0.013622
                             3506:  0.058987  0.008342  0.020434
                             3507:  0.055055  0.005561  0.027245
                             3508:  0.051122  0.002781  0.034056
                             3509:  0.047190  0.000000  0.040867
                             3510:  0.043257 -0.002781  0.047679
                             3511:  0.039325 -0.005561  0.054490
                             3512:  0.035392 -0.008342  0.061301
                             3513:  0.031460 -0.011123  0.068112
                             3514:  0.027527 -0.013903  0.074924
                             3515:  0.023595 -0.016684  0.081735
                             3516:  0.019662 -0.019465  0.088546
                             3517:  0.015730 -0.022245  0.095357
                             3518:  0.011797 -0.025026  0.102168
                             3519:  0.007865 -0.027807  0.108980
                             3520:  0.003933 -0.030587  0.115791
                             3521:  0.000000 -0.033368  0.122602
                             3522: -0.003932 -0.036149  0.129413
                             3523:  0.070784  0.025026  0.000000
                             3524:  0.066852  0.022245  0.006811
                             3525:  0.062919  0.019465  0.013622
                             3526:  0.058987  0.016684  0.020434
                             3527:  0.055055  0.013903  0.027245
                             3528:  0.051122  0.011123  0.034056
                             3529:  0.047190  0.008342  0.040867
                             3530:  0.043257  0.005561  0.047679
                             3531:  0.039325  0.002781  0.054490
                             3532:  0.035392  0.000000  0.061301
                             3533:  0.031460 -0.002781  0.068112
                             3534:  0.027527 -0.005561  0.074924
                             3535:  0.023595 -0.008342  0.081735
                             3536:  0.019662 -0.011123  0.088546
                             3537:  0.015730 -0.013903  0.095357
                             3538:  0.011797 -0.016684  0.102168
                             3539:  0.007865 -0.019465  0.108980
                             3540:  0.003933 -0.022245  0.115791
                             3541:  0.000000 -0.025026  0.122602
                             3542: -0.003932 -0.027807  0.129413
                             3543:  0.070784  0.033368  0.000000
                             3544:  0.066852  0.030587  0.006811
                             3545:  0.062919  0.027807  0.013622
                             3546:  0.058987  0.025026  0.020434
                             3547:  0.055055  0.022245  0.027245
                             3548:  0.051122  0.019465  0.034056
                             3549:  0.047190  0.016684  0.040867
                             3550:  0.043257  0.013903  0.047679
                             3551:  0.039325  0.011123  0.054490
                             3552:  0.035392  0.008342  0.061301
                             3553:  0.031460  0.005561  0.068112
                             3554:  0.027527  0.002781  0.074924
                             3555:  0.023595  0.000000  0.081735
                             3556:  0.019662 -0.002781  0.088546
                             3557:  0.015730 -0.005561  0.095357
                             3558:  0.011797 -0.008342  0.102168
                             3559:  0.007865 -0.011123  0.108980
                             3560:  0.003933 -0.013903  0.115791
                             3561:  0.000000 -0.016684  0.122602
                             3562: -0.003932 -0.019465  0.129413
                             3563:  0.070784  0.041710  0.000000
                             3564:  0.066852  0.038929  0.006811
                             3565:  0.062919  0.036149  0.013622
                             3566:  0.058987  0.033368  0.020434
                             3567:  0.055055  0.030587  0.027245
                             3568:  0.051122  0.027807  0.034056
                             3569:  0.047190  0.025026  0.040867
                             3570:  0.043257  0.022245  0.047679
                             3571:  0.039325  0.019465  0.054490
                             3572:  0.035392  0.016684  0.061301
                             3573:  0.031460  0.013903  0.068112
                             3574:  0.027527  0.011123  0.074924
                             3575:  0.023595  0.008342  0.081735
                             3576:  0.019662  0.005561  0.088546
                             3577:  0.015730  0.002781  0.095357
                             3578:  0.011797  0.000000  0.102168
                             3579:  0.007865 -0.002781  0.108980
                             3580:  0.003933 -0.005561  0.115791
                             3581:  0.000000 -0.008342  0.122602
                             3582: -0.003932 -0.011123  0.129413
                             3583:  0.070784  0.050052  0.000000
                             3584:  0.066852  0.047271  0.006811
                             3585:  0.062919  0.044491  0.013622
                             3586:  0.058987  0.041710  0.020434
                             3587:  0.055055  0.038929  0.027245
                             3588:  0.051122  0.036149  0.034056
                             3589:  0.047190  0.033368  0.040867
                             3590:  0.043257  0.030587  0.047679
                             3591:  0.039325  0.027807  0.054490
                             3592:  0.035392  0.025026  0.061301
                             3593:  0.031460  0.022245  0.068112
                             3594:  0.027527  0.019465  0.074924
                             3595:  0.023595  0.016684  0.081735
                             3596:  0.019662  0.013903  0.088546
                             3597:  0.015730  0.011123  0.095357
                             3598:  0.011797  0.008342  0.102168
                             3599:  0.007865  0.005561  0.108980
                             3600:  0.003933  0.002781  0.115791
                             3601:  0.000000  0.000000  0.122602
                             3602: -0.003932 -0.002781  0.129413
                             3603:  0.070784  0.058394  0.000000
                             3604:  0.066852  0.055613  0.006811
                             3605:  0.062919  0.052833  0.013622
                             3606:  0.058987  0.050052  0.020434
                             3607:  0.055055  0.047271  0.027245
                             3608:  0.051122  0.044491  0.034056
                             3609:  0.047190  0.041710  0.040867
                             3610:  0.043257  0.038929  0.047679
                             3611:  0.039325  0.036149  0.054490
                             3612:  0.035392  0.033368  0.061301
                             3613:  0.031460  0.030587  0.068112
                             3614:  0.027527  0.027807  0.074924
                             3615:  0.023595  0.025026  0.081735
                             3616:  0.019662  0.022245  0.088546
                             3617:  0.015730  0.019465  0.095357
                             3618:  0.011797  0.016684  0.102168
                             3619:  0.007865  0.013903  0.108980
                             3620:  0.003933  0.011123  0.115791
                             3621:  0.000000  0.008342  0.122602
                             3622: -0.003932  0.005561  0.129413
                             3623:  0.070784  0.066736  0.000000
                             3624:  0.066852  0.063956  0.006811
                             3625:  0.062919  0.061175  0.013622
                             3626:  0.058987  0.058394  0.020434
                             3627:  0.055055  0.055613  0.027245
                             3628:  0.051122  0.052833  0.034056
                             3629:  0.047190  0.050052  0.040867
                             3630:  0.043257  0.047271  0.047679
                             3631:  0.039325  0.044491  0.054490
                             3632:  0.035392  0.041710  0.061301
                             3633:  0.031460  0.038929  0.068112
                             3634:  0.027527  0.036149  0.074924
                             3635:  0.023595  0.033368  0.081735
                             3636:  0.019662  0.030587  0.088546
                             3637:  0.015730  0.027807  0.095357
                             3638:  0.011797  0.025026  0.102168
                             3639:  0.007865  0.022245  0.108980
                             3640:  0.003933  0.019465  0.115791
                             3641:  0.000000  0.016684  0.122602
                             3642: -0.003932  0.013903  0.129413
                             3643:  0.070784  0.075078  0.000000
                             3644:  0.066852  0.072298  0.006811
                             3645:  0.062919  0.069517  0.013622
                             3646:  0.058987  0.066736  0.020434
                             3647:  0.055055  0.063956  0.027245
                             3648:  0.051122  0.061175  0.034056
                             3649:  0.047190  0.058394  0.040867
                             3650:  0.043257  0.055613  0.047679
                             3651:  0.039325  0.052833  0.054490
                             3652:  0.035392  0.050052  0.061301
                             3653:  0.031460  0.047271  0.068112
                             3654:  0.027527  0.044491  0.074924
                             3655:  0.023595  0.041710  0.081735
                             3656:  0.019662  0.038929  0.088546
                             3657:  0.015730  0.036149  0.095357
                             3658:  0.011797  0.033368  0.102168
                             3659:  0.007865  0.030587  0.108980
                             3660:  0.003933  0.027807  0.115791
                             3661:  0.000000  0.025026  0.122602
                             3662: -0.003932  0.022245  0.129413
                             3663:  0.070784  0.083420  0.000000
                             3664:  0.066852  0.080640  0.006811
                             3665:  0.062919  0.077859  0.013622
                             3666:  0.058987  0.075078  0.020434
                             3667:  0.055055  0.072298  0.027245
                             3668:  0.051122  0.069517  0.034056
                             3669:  0.047190  0.066736  0.040867
                             3670:  0.043257  0.063956  0.047679
                             3671:  0.039325  0.061175  0.054490
                             3672:  0.035392  0.058394  0.061301
                             3673:  0.031460  0.055614  0.068112
                             3674:  0.027527  0.052833  0.074924
                             3675:  0.023595  0.050052  0.081735
                             3676:  0.019662  0.047271  0.088546
                             3677:  0.015730  0.044491  0.095357
                             3678:  0.011797  0.041710  0.102168
                             3679:  0.007865  0.038929  0.108980
                             3680:  0.003933  0.036149  0.115791
                             3681:  0.000000  0.033368  0.122602
                             3682: -0.003932  0.030587  0.129413
                             3683:  0.070784  0.091762  0.000000
                             3684:  0.066852  0.088982  0.006811
                             3685:  0.062919  0.086201  0.013622
                             3686:  0.058987  0.083420  0.020434
                             3687:  0.055055  0.080640  0.027245
                             3688:  0.051122  0.077859  0.034056
                             3689:  0.047190  0.075078  0.040867
                             3690:  0.043257  0.072298  0.047679
                             3691:  0.039325  0.069517  0.054490
                             3692:  0.035392  0.066736  0.061301
                             3693:  0.031460  0.063956  0.068112
                             3694:  0.027527  0.061175  0.074924
                             3695:  0.023595  0.058394  0.081735
                             3696:  0.019662  0.055614  0.088546
                             3697:  0.015730  0.052833  0.095357
                             3698:  0.011797  0.050052  0.102168
                             3699:  0.007865  0.047271  0.108980
                             3700:  0.003933  0.044491  0.115791
                             3701:  0.000000  0.041710  0.122602
                             3702: -0.003932  0.038929  0.129413
                             3703:  0.070784  0.100104  0.000000
                             3704:  0.066852  0.097324  0.006811
                             3705:  0.062919  0.094543  0.013622
                             3706:  0.058987  0.091762  0.020434
                             3707:  0.055055  0.088982  0.027245
                             3708:  0.051122  0.086201  0.034056
                             3709:  0.047190  0.083420  0.040867
                             3710:  0.043257  0.080640  0.047679
                             3711:  0.039325  0.077859  0.054490
                             3712:  0.035392  0.075078  0.061301
                             3713:  0.031460  0.072298  0.068112
                             3714:  0.027527  0.069517  0.074924
                             3715:  0.023595  0.066736  0.081735
                             3716:  0.019662  0.063956  0.088546
                             3717:  0.015730  0.061175  0.095357
                             3718:  0.011797  0.058394  0.102168
                             3719:  0.007865  0.055614  0.108980
                             3720:  0.003933  0.052833  0.115791
                             3721:  0.000000  0.050052  0.122602
                             3722: -0.003932  0.047271  0.129413
                             3723:  0.070784  0.108446  0.000000
                             3724:  0.066852  0.105666  0.006811
                             3725:  0.062919  0.102885  0.013622
                             3726:  0.058987  0.100104  0.020434
                             3727:  0.055055  0.097324  0.027245
                             3728:  0.051122  0.094543  0.034056
                             3729:  0.047190  0.091762  0.040867
                             3730:  0.043257  0.088982  0.047679
                             3731:  0.039325  0.086201  0.054490
                             3732:  0.035392  0.083420  0.061301
                             3733:  0.031460  0.080640  0.068112
                             3734:  0.027527  0.077859  0.074924
                             3735:  0.023595  0.075078  0.081735
                             3736:  0.019662  0.072298  0.088546
                             3737:  0.015730  0.069517  0.095357
                             3738:  0.011797  0.066736  0.102168
                             3739:  0.007865  0.063956  0.108980
                             3740:  0.003933  0.061175  0.115791
                             3741:  0.000000  0.058394  0.122602
                             3742: -0.003932  0.055614  0.129413
                             3743:  0.070784  0.116788  0.000000
                             3744:  0.066852  0.114008  0.006811
                             3745:  0.062919  0.111227  0.013622
                             3746:  0.058987  0.108446  0.020434
                             3747:  0.055055  0.105666  0.027245
                             3748:  0.051122  0.102885  0.034056
                             3749:  0.047190  0.100104  0.040867
                             3750:  0.043257  0.097324  0.047679
                             3751:  0.039325  0.094543  0.054490
                             3752:  0.035392  0.091762  0.061301
                             3753:  0.031460  0.088982  0.068112
                             3754:  0.027527  0.086201  0.074924
                             3755:  0.023595  0.083420  0.081735
                             3756:  0.019662  0.080640  0.088546
                             3757:  0.015730  0.077859  0.095357
                             3758:  0.011797  0.075078  0.102168
                             3759:  0.007865  0.072298  0.108980
                             3760:  0.003933  0.069517  0.115791
                             3761:  0.000000  0.066736  0.122602
                             3762: -0.003932  0.063956  0.129413
                             3763:  0.070784  0.125130  0.000000
                             3764:  0.066852  0.122350  0.006811
                             3765:  0.062919  0.119569  0.013622
                             3766:  0.058987  0.116788  0.020434
                             3767:  0.055055  0.114008  0.027245
                             3768:  0.051122  0.111227  0.034056
                             3769:  0.047190  0.108446  0.040867
                             3770:  0.043257  0.105666  0.047679
                             3771:  0.039325  0.102885  0.054490
                             3772:  0.035392  0.100104  0.061301
                             3773:  0.031460  0.097324  0.068112
                             3774:  0.027527  0.094543  0.074924
                             3775:  0.023595  0.091762  0.081735
                             3776:  0.019662  0.088982  0.088546
                             3777:  0.015730  0.086201  0.095357
                             3778:  0.011797  0.083420  0.102168
                             3779:  0.007865  0.080640  0.108980
                             3780:  0.003933  0.077859  0.115791
                             3781:  0.000000  0.075078  0.122602
                             3782: -0.003932  0.072298  0.129413
                             3783:  0.070784  0.133472  0.000000
                             3784:  0.066852  0.130692  0.006811
                             3785:  0.062919  0.127911  0.013622
                             3786:  0.058987  0.125130  0.020434
                             3787:  0.055055  0.122350  0.027245
                             3788:  0.051122  0.119569  0.034056
                             3789:  0.047190  0.116788  0.040867
                             3790:  0.043257  0.114008  0.047679
                             3791:  0.039325  0.111227  0.054490
                             3792:  0.035392  0.108446  0.061301
                             3793:  0.031460  0.105666  0.068112
                             3794:  0.027527  0.102885  0.074924
                             3795:  0.023595  0.100104  0.081735
                             3796:  0.019662  0.097324  0.088546
                             3797:  0.015730  0.094543  0.095357
                             3798:  0.011797  0.091762  0.102168
                             3799:  0.007865  0.088982  0.108980
                             3800:  0.003933  0.086201  0.115791
                             3801:  0.000000  0.083420  0.122602
                             3802: -0.003932  0.080640  0.129413
                             3803:  0.078649 -0.027807  0.000000
                             3804:  0.074717 -0.030587  0.006811
                             3805:  0.070784 -0.033368  0.013622
                             3806:  0.066852 -0.036149  0.020434
                             3807:  0.062919 -0.038929  0.027245
                             3808:  0.058987 -0.041710  0.034056
                             3809:  0.055055 -0.044491  0.040867
                             3810:  0.051122 -0.047271  0.047679
                             3811:  0.047190 -0.050052  0.054490
                             3812:  0.043257 -0.052833  0.061301
                             3813:  0.039325 -0.055613  0.068112
                             3814:  0.078649 -0.019465  0.000000
                             3815:  0.074717 -0.022245  0.006811
                             3816:  0.070784 -0.025026  0.013622
                             3817:  0.066852 -0.027807  0.020434
                             3818:  0.062919 -0.030587  0.027245
                             3819:  0.058987 -0.033368  0.034056
                             3820:  0.055055 -0.036149  0.040867
                             3821:  0.051122 -0.038929  0.047679
                             3822:  0.047190 -0.041710  0.054490
                             3823:  0.043257 -0.044491  0.061301
                             3824:  0.039325 -0.047271  0.068112
                             3825:  0.035392 -0.050052  0.074924
                             3826:  0.031460 -0.052833  0.081735
                             3827:  0.027527 -0.055613  0.088546
                             3828:  0.023595 -0.058394  0.095357
                             3829:  0.019662 -0.061175  0.102168
                             3830:  0.015730 -0.063955  0.108980
                             3831:  0.011797 -0.066736  0.115791
                             3832:  0.007865 -0.069517  0.122602
                             3833:  0.003933 -0.072298  0.129413
                             3834:  0.078649 -0.011123  0.000000
                             3835:  0.074717 -0.013903  0.006811
                             3836:  0.070784 -0.016684  0.013622
                             3837:  0.066852 -0.019465  0.020434
                             3838:  0.062919 -0.022245  0.027245
                             3839:  0.058987 -0.025026  0.034056
                             3840:  0.055055 -0.027807  0.040867
                             3841:  0.051122 -0.030587  0.047679
                             3842:  0.047190 -0.033368  0.054490
                             3843:  0.043257 -0.036149  0.061301
                             3844:  0.039325 -0.038929  0.068112
                             3845:  0.035392 -0.041710  0.074924
                             3846:  0.031460 -0.044491  0.081735
                             3847:  0.027527 -0.047271  0.088546
                             3848:  0.023595 -0.050052  0.095357
                             3849:  0.019662 -0.052833  0.102168
                             3850:  0.015730 -0.055613  0.108980
                             3851:  0.011797 -0.058394  0.115791
                             3852:  0.007865 -0.061175  0.122602
                             3853:  0.003933 -0.063955  0.129413
                             3854:  0.078649 -0.002781  0.000000
                             3855:  0.074717 -0.005561  0.006811
                             3856:  0.070784 -0.008342  0.013622
                             3857:  0.066852 -0.011123  0.020434
                             3858:  0.062919 -0.013903  0.027245
                             3859:  0.058987 -0.016684  0.034056
                             3860:  0.055055 -0.019465  0.040867
                             3861:  0.051122 -0.022245  0.047679
                             3862:  0.047190 -0.025026  0.054490
                             3863:  0.043257 -0.027807  0.061301
                             3864:  0.039325 -0.030587  0.068112
                             3865:  0.035392 -0.033368  0.074924
                             3866:  0.031460 -0.036149  0.081735
                             3867:  0.027527 -0.038929  0.088546
                             3868:  0.023595 -0.041710  0.095357
                             3869:  0.019662 -0.044491  0.102168
                             3870:  0.015730 -0.047271  0.108980
                             3871:  0.011797 -0.050052  0.115791
                             3872:  0.007865 -0.052833  0.122602
                             3873:  0.003933 -0.055613  0.129413
                             3874:  0.078649  0.005561  0.000000
                             3875:  0.074717  0.002781  0.006811
                             3876:  0.070784  0.000000  0.013622
                             3877:  0.066852 -0.002781  0.020434
                             3878:  0.062919 -0.005561  0.027245
                             3879:  0.058987 -0.008342  0.034056
                             3880:  0.055055 -0.011123  0.040867
                             3881:  0.051122 -0.013903  0.047679
                             3882:  0.047190 -0.016684  0.054490
                             3883:  0.043257 -0.019465  0.061301
                             3884:  0.039325 -0.022245  0.068112
                             3885:  0.035392 -0.025026  0.074924
                             3886:  0.031460 -0.027807  0.081735
                             3887:  0.027527 -0.030587  0.088546
                             3888:  0.023595 -0.033368  0.095357
                             3889:  0.019662 -0.036149  0.102168
                             3890:  0.015730 -0.038929  0.108980
                             3891:  0.011797 -0.041710  0.115791
                             3892:  0.007865 -0.044491  0.122602
                             3893:  0.003933 -0.047271  0.129413
                             3894:  0.078649  0.013903  0.000000
                             3895:  0.074717  0.011123  0.006811
                             3896:  0.070784  0.008342  0.013622
                             3897:  0.066852  0.005561  0.020434
                             3898:  0.062919  0.002781  0.027245
                             3899:  0.058987  0.000000  0.034056
                             3900:  0.055055 -0.002781  0.040867
                             3901:  0.051122 -0.005561  0.047679
                             3902:  0.047190 -0.008342  0.054490
                             3903:  0.043257 -0.011123  0.061301
                             3904:  0.039325 -0.013903  0.068112
                             3905:  0.035392 -0.016684  0.074924
                             3906:  0.031460 -0.019465  0.081735
                             3907:  0.027527 -0.022245  0.088546
                             3908:  0.023595 -0.025026  0.095357
                             3909:  0.019662 -0.027807  0.102168
                             3910:  0.015730 -0.030587  0.108980
                             3911:  0.011797 -0.033368  0.115791
                             3912:  0.007865 -0.036149  0.122602
                             3913:  0.003933 -0.038929  0.129413
                             3914:  0.078649  0.022245  0.000000
                             3915:  0.074717  0.019465  0.006811
                             3916:  0.070784  0.016684  0.013622
                             3917:  0.066852  0.013903  0.020434
                             3918:  0.062919  0.011123  0.027245
                             3919:  0.058987  0.008342  0.034056
                             3920:  0.055055  0.005561  0.040867
                             3921:  0.051122  0.002781  0.047679
                             3922:  0.047190  0.000000  0.054490
                             3923:  0.043257 -0.002781  0.061301
                             3924:  0.039325 -0.005561  0.068112
                             3925:  0.035392 -0.008342  0.074924
                             3926:  0.031460 -0.011123  0.081735
                             3927:  0.027527 -0.013903  0.088546
                             3928:  0.023595 -0.016684  0.095357
                             3929:  0.019662 -0.019465  0.102168
                             3930:  0.015730 -0.022245  0.108980
                             3931:  0.011797 -0.025026  0.115791
                             3932:  0.007865 -0.027807  0.122602
                             3933:  0.003933 -0.030587  0.129413
                             3934:  0.078649  0.030587  0.000000
                             3935:  0.074717  0.027807  0.006811
                             3936:  0.070784  0.025026  0.013622
                             3937:  0.066852  0.022245  0.020434
                             3938:  0.062919  0.019465  0.027245
                             3939:  0.058987  0.016684  0.034056
                             3940:  0.055055  0.013903  0.040867
                             3941:  0.051122  0.011123  0.047679
                             3942:  0.047190  0.008342  0.054490
                             3943:  0.043257  0.005561  0.061301
                             3944:  0.039325  0.002781  0.068112
                             3945:  0.035392  0.000000  0.074924
                             3946:  0.031460 -0.002781  0.081735
                             3947:  0.027527 -0.005561  0.088546
                             3948:  0.023595 -0.008342  0.095357
                             3949:  0.019662 -0.011123  0.102168
                             3950:  0.015730 -0.013903  0.108980
                             3951:  0.011797 -0.016684  0.115791
                             3952:  0.007865 -0.019465  0.122602
                             3953:  0.003933 -0.022245  0.129413
                             3954:  0.078649  0.038929  0.000000
                             3955:  0.074717  0.036149  0.006811
                             3956:  0.070784  0.033368  0.013622
                             3957:  0.066852  0.030587  0.020434
                             3958:  0.062919  0.027807  0.027245
                             3959:  0.058987  0.025026  0.034056
                             3960:  0.055055  0.022245  0.040867
                             3961:  0.051122  0.019465  0.047679
                             3962:  0.047190  0.016684  0.054490
                             3963:  0.043257  0.013903  0.061301
                             3964:  0.039325  0.011123  0.068112
                             3965:  0.035392  0.008342  0.074924
                             3966:  0.031460  0.005561  0.081735
                             3967:  0.027527  0.002781  0.088546
                             3968:  0.023595  0.000000  0.095357
                             3969:  0.019662 -0.002781  0.102168
                             3970:  0.015730 -0.005561  0.108980
                             3971:  0.011797 -0.008342  0.115791
                             3972:  0.007865 -0.011123  0.122602
                             3973:  0.003933 -0.013903  0.129413
                             3974:  0.078649  0.047271  0.000000
                             3975:  0.074717  0.044491  0.006811
                             3976:  0.070784  0.041710  0.013622
                             3977:  0.066852  0.038929  0.020434
                             3978:  0.062919  0.036149  0.027245
                             3979:  0.058987  0.033368  0.034056
                             3980:  0.055055  0.030587  0.040867
                             3981:  0.051122  0.027807  0.047679
                             3982:  0.047190  0.025026  0.054490
                             3983:  0.043257  0.022245  0.061301
                             3984:  0.039325  0.019465  0.068112
                             3985:  0.035392  0.016684  0.074924
                             3986:  0.031460  0.013903  0.081735
                             3987:  0.027527  0.011123  0.088546
                             3988:  0.023595  0.008342  0.095357
                             3989:  0.019662  0.005561  0.102168
                             3990:  0.015730  0.002781  0.108980
                             3991:  0.011797  0.000000  0.115791
                             3992:  0.007865 -0.002781  0.122602
                             3993:  0.003933 -0.005561  0.129413
                             3994:  0.078649  0.055613  0.000000
                             3995:  0.074717  0.052833  0.006811
                             3996:  0.070784  0.050052  0.013622
                             3997:  0.066852  0.047271  0.020434
                             3998:  0.062919  0.044491  0.027245
                             3999:  0.058987  0.041710  0.034056
                             4000:  0.055055  0.038929  0.040867
                             4001:  0.051122  0.036149  0.047679
                             4002:  0.047190  0.033368  0.054490
                             4003:  0.043257  0.030587  0.061301
                             4004:  0.039325  0.027807  0.068112

Extra options:
                             Mulliken analysis
                             Force calculation
Force type                   original

--------------------------------------------------------------------------------

***  Geometry step: 0

 iSCC Total electronic   Diff electronic      SCC error    
    1    0.00000000E+00    0.00000000E+00    0.11044499E-11

Total Energy:                       -2.7538716414 H          -74.9367 eV
Extrapolated to 0K:                 -2.7538716414 H          -74.9367 eV
Total Mermin free energy:           -2.7538716414 H          -74.9367 eV
Force related energy:               -2.7538716414 H          -74.9367 eV

Volume:                              0.279716E+03 au^3   0.414497E+02 A^3
Pressure:                           -0.845314E-03 au    -0.248700E+11 Pa
>> Charges saved for restart in charges.bin

total energy  -2.7538716E+00 H       energy change -2.7538716E+00 H
gradient norm  1.2197208E-07 H/a0    max. gradient  8.3657422E-08 H/a0
step length    0.0000000E+00 a0      max. step      0.0000000E+00 a0

Geometry converged

--------------------------------------------------------------------------------
DFTB+ running times                          cpu [s]             wall clock [s]
--------------------------------------------------------------------------------
Global initialisation                  +       0.01 (  0.1%)       0.01 (  0.2%)
SCC                                    +      14.19 ( 93.7%)       4.51 ( 91.7%)
Post-SCC processing                    +       0.94 (  6.2%)       0.39 (  8.0%)
--------------------------------------------------------------------------------
Missing                                +       0.00 (  0.0%)       0.00 (  0.0%)
Total                                  =      15.14 (100.0%)       4.91 (100.0%)
--------------------------------------------------------------------------------
